trial_number,value,state,datetime_start,datetime_complete,use_percent_margin,margin_percent,margin_usdt,atr_mult_tp1,atr_mult_tp2,atr_mult_sl,trailing_start_atr,trailing_step_atr,breakeven_atr,breakeven_buffer_pts,tp1_pct,tp2_pct
0,-0.8123443837437373,1,2025-10-29T01:53:25.737307,2025-10-29T01:53:28.876676,False,3.332959801727854,13.946496182343457,1.084166787607131,5.868213016641716,2.9745184412457704,0.9645612448074453,0.9546879572449964,0.6711194008982149,0.47134253557509564,0.6226017410921811,0.7662982130243615
1,-0.3708004497531632,1,2025-10-29T01:53:28.880674,2025-10-29T01:53:31.649992,True,1.3683105782902496,1.7670977932033467,0.9735380114636545,1.2888409889794608,2.589040376081048,1.224542789273935,0.5133541062042575,2.2742135765689406,0.1522412273619408,0.26858939599775555,0.1806198999033204
2,-0.8514276553089214,1,2025-10-29T01:53:31.654994,2025-10-29T01:53:34.156716,False,0.7377816402076914,20.545709865656356,2.4885990786135497,1.0252078957455826,1.8049606401784994,2.4484369634850025,0.36306384465887787,2.308898990380429,0.6462018967210138,0.47730554890085797,0.2492692791871514
3,0.2629292552894054,1,2025-10-29T01:53:34.159719,2025-10-29T01:53:36.588336,True,3.2885986070594435,9.485024194744177,2.4120406782016115,5.30922190147413,2.9281475973347497,1.4160015398452899,0.3811951836500329,1.6451408054310914,0.17704897192511038,0.3574714170099216,0.48207734684532055
4,0.021191000353942325,1,2025-10-29T01:53:36.591338,2025-10-29T01:53:39.197005,True,2.9432529914014323,30.596410365275723,1.9701006968089878,1.6788216827099414,2.146285559605132,0.9364175353159545,0.3161518150640863,0.9977655769400204,0.9411344445840634,0.21137093078118588,0.10297837284920844
5,-0.33437071936591806,1,2025-10-29T01:53:39.201006,2025-10-29T01:53:41.592423,True,1.6079717111602219,36.070915065154416,2.936405609276375,4.3949007384395875,2.55669929106888,1.4578702656243054,0.9720489609028937,1.3611133334921768,0.23903286282467529,0.25931091389704075,0.6015191106114107
6,-0.9702369972261825,1,2025-10-29T01:53:41.595423,2025-10-29T01:53:43.915407,True,0.8763099770365631,32.48665289339078,1.5211625085833789,5.079597510606023,1.5672004074901014,2.409487112262047,0.3950988233487742,0.8848856412746511,0.3365841617636808,0.7563816777840102,0.5413545103490128
7,-0.5478611596018086,1,2025-10-29T01:53:43.918407,2025-10-29T01:53:46.321770,False,0.2341869932117843,4.57742687708025,0.9522144349078048,3.2195136081384357,1.6678511903586584,1.883800114347319,0.6150217297212495,2.29628037040407,0.23575097069749174,0.7210416857197943,0.1449541443424525
8,-1.4384237694421729,1,2025-10-29T01:53:46.325772,2025-10-29T01:53:49.495555,False,2.9725330271501065,15.759049044851952,2.3889136380821037,3.054046543626271,1.3846116781585134,2.474604590170831,0.30790492721051865,2.3834466247714845,0.5427076162608254,0.7150168547965245,0.7249813014957814
9,-0.28376809090968613,1,2025-10-29T01:53:49.499555,2025-10-29T01:53:52.217033,True,0.6918985424053339,10.648647647241424,1.5413513653788216,3.1371593141971648,1.8976062842145087,1.3722183250615143,0.9133571263395511,1.9040955258244519,0.26644853491993936,0.7685269546644597,0.5869534540290804
10,0.010802899983116222,1,2025-10-29T01:53:52.222030,2025-10-29T01:53:55.197280,True,4.943347626940115,49.84262540497318,2.896255292085878,5.977897866246043,0.842131325712105,0.5038331767897949,0.12163764113413617,1.65179526211602,0.024195241019737856,0.404797471227481,0.3521112278432833
11,-0.4407972732053419,1,2025-10-29T01:53:55.200279,2025-10-29T01:53:58.141728,True,3.94804877986222,27.567645049144957,2.117196330979022,2.088690069080381,2.3460821368796703,3.40121327525058,0.16385219824323613,1.1505375856751652,0.9027952378264702,0.3515248602640437,0.4088870533984642
12,-0.2062000990404239,1,2025-10-29T01:53:58.143728,2025-10-29T01:54:00.818444,True,2.4322839056280254,42.06879904459191,1.9487650565018237,4.358212932223744,2.9976627682649366,0.5571267914495304,0.6101362006214333,1.1150149944275778,0.9605912454115451,0.20084607128387508,0.3023963682372951
13,-0.16402072176526267,1,2025-10-29T01:54:00.821446,2025-10-29T01:54:03.113962,True,3.946033522010695,25.27313206367628,2.431323423670275,2.150088924608495,2.206031274201214,1.836004351947351,0.26423138453277006,1.709720901832113,0.7478348273959381,0.33986908571872376,0.4256670514242718
14,0.1061122429319262,1,2025-10-29T01:54:03.117960,2025-10-29T01:54:05.441468,True,2.3553354978054553,22.964319208803,1.749916571316647,4.043606264724304,2.1428566631654933,0.9905920604781154,0.49517412423838864,0.5043386792980316,0.8298113037627635,0.5275372677890691,0.5164158139276093
15,-0.786313415293713,1,2025-10-29T01:54:05.444468,2025-10-29T01:54:07.990507,True,2.105426648896778,8.459870490556337,1.455149408965076,4.457694050553665,1.2016010402705715,1.583144853030938,0.49249183448502654,0.5018352117925211,0.7204861807705042,0.5267161028761953,0.5044050379988662
16,0.030280150635421277,1,2025-10-29T01:54:07.994505,2025-10-29T01:54:10.972044,True,3.5922535695000306,20.299023383209217,2.629362861772761,5.076167564973112,2.551640721222471,0.9357751088518972,0.7500283178806695,1.3631394057824495,0.41949650500955105,0.5474437670017221,0.6584886436481124
17,-0.9478182976491304,1,2025-10-29T01:54:10.976045,2025-10-29T01:54:13.518959,True,4.527217275015228,21.19964764983473,0.5850639498975017,3.888724343736711,2.7859915771529655,2.1500051883071856,0.4357960490733652,1.9670689703015771,0.00583729146345352,0.4612719724417466,0.5121046365831089
18,-0.6586277314697935,1,2025-10-29T01:54:13.521958,2025-10-29T01:54:16.059024,False,2.3559656945942677,7.782502255763408,2.2110021307720267,5.194074038012609,2.0963985611815223,3.1062613959509697,0.7024969292638832,2.023238111069751,0.8216023211985666,0.6236631425685499,0.6458403800328659
19,0.15325145012782007,1,2025-10-29T01:54:16.061026,2025-10-29T01:54:18.818829,True,1.9732818152834264,15.394523969832083,1.7287318258482487,3.8072095775945898,2.386226226710643,1.115645336943537,0.2056137698389176,1.4881348015001685,0.5872075951836173,0.412302682860624,0.453559569732749
20,-0.5593487031445492,1,2025-10-29T01:54:18.822823,2025-10-29T01:54:21.425826,True,1.8153109893905348,15.223051976094682,1.2296543788260401,5.450837178516554,2.733547076447131,1.617997199423757,0.20026422052404105,1.5590399464018465,0.5717607880256148,0.4004916242056662,0.35296903589057116
21,-0.05827321791397555,1,2025-10-29T01:54:21.428825,2025-10-29T01:54:23.870756,True,2.9600056674578417,17.668126718300186,1.7767273092243863,3.792877704791909,2.369268252286548,1.1509665289324253,0.23714834244827493,1.3716265784663686,0.6912426955294615,0.5853572933101416,0.46296444558729266
22,-0.006016476813481895,1,2025-10-29T01:54:23.872757,2025-10-29T01:54:26.136524,True,2.736853879347696,11.664323601804032,1.7677334616441815,2.654257261673605,2.05175455509723,0.7674143176517912,0.44536969958033007,0.8081948048839344,0.8253280905929394,0.4315340808236633,0.439241718488265
23,-0.6580228301487078,1,2025-10-29T01:54:26.138521,2025-10-29T01:54:28.692759,True,2.147070094866366,24.35100190677028,1.3468720548055821,3.8977535828813505,2.3658378792708987,1.2459204155061758,0.10340292956274692,1.822553880042721,0.39545472633912215,0.3432347160410717,0.5520687513373475
24,-0.43251689973212737,1,2025-10-29T01:54:28.696758,2025-10-29T01:54:31.473758,True,3.3905834181418015,5.288014842505137,1.7096468732899,4.723260538570962,2.773431959994954,1.7165089765364696,0.5958658515715349,2.0956954300699113,0.6061181947222976,0.49157646361454876,0.4791103640845316
25,-0.3479386991328542,1,2025-10-29T01:54:31.476757,2025-10-29T01:54:33.739243,True,1.340647315755866,18.339062142993136,2.051395737424725,3.5027304857030592,2.337936440374673,2.1075583101226436,0.3407095455649439,1.2381094245105373,0.1099845359324823,0.2925323689567634,0.377207832681253
26,-0.5159694736485199,1,2025-10-29T01:54:33.742245,2025-10-29T01:54:36.028377,False,1.9774268578575764,23.484983796581446,2.7128053397170397,4.136998696331723,2.6391996545699055,1.0599040822391967,0.43893487303076295,1.4968671496863792,0.8033058046223107,0.37812311962192335,0.2897372957344153
27,0.30129388862081224,1,2025-10-29T01:54:36.031375,2025-10-29T01:54:38.590870,True,2.682474558703274,11.862343144680523,2.2550387783030152,4.781363827450405,1.9950077845846395,0.7277911166143791,0.25626973836150896,0.5105417328224189,0.4891921015309363,0.4426861870773147,0.64740015030111
28,0.22808745785169426,1,2025-10-29T01:54:38.594869,2025-10-29T01:54:41.520642,True,3.8920727929724377,12.184013499629334,2.2447096442892747,5.520385043721569,1.8175289338377836,0.7274366225976925,0.2384979803095119,2.141518785870966,0.46426125448112654,0.44249046911273965,0.6958207060769346
29,-0.08878835219884951,1,2025-10-29T01:54:41.524639,2025-10-29T01:54:44.006503,False,3.8431066293869716,1.5511153093473062,2.2723081615709013,5.554981136566938,1.2372438667801646,0.7285126127729897,0.2726970241054459,2.150801448069604,0.4889997307549513,0.4490126879524315,0.7938993549927446
30,0.11984117688875447,1,2025-10-29T01:54:44.009505,2025-10-29T01:54:46.292350,True,4.425368612988163,11.987148191228066,2.651312553066862,5.620988012854297,1.6299638543843966,0.7619639679583032,0.16681375420260797,2.4882211995847685,0.4333959113463466,0.634675138145431,0.7460498305333946
31,0.2023381207954023,1,2025-10-29T01:54:46.295347,2025-10-29T01:54:48.898099,True,3.142115040917741,13.78282079040494,2.3316670641053205,4.77838478013659,1.9310286968097603,0.6993450226879768,0.24389506138318892,0.7098936328321851,0.505116848025908,0.3092055644711338,0.6985893867174734
32,0.17027048050280402,1,2025-10-29T01:54:48.902100,2025-10-29T01:54:51.335934,True,3.3150160540917724,7.506661054107043,2.285904732271816,4.815518377345205,1.9374514356476853,0.6547022077372379,0.2770756471264565,0.7177666726423841,0.36172584329556473,0.30892838403742223,0.6739617765443134
33,0.1189876505219913,1,2025-10-29T01:54:51.340942,2025-10-29T01:54:53.671167,True,3.2589230725579394,12.027103854521695,2.5319549120664826,5.741352926226881,1.7648599177823285,0.8332723332093763,0.37377503085029173,0.6403439378171152,0.48419829710530377,0.248327740626857,0.7240284179474006
34,-0.052240267887319156,1,2025-10-29T01:54:53.673167,2025-10-29T01:54:56.244867,True,4.362999781330959,4.963276618563603,2.7941315149370403,5.338018257363149,1.462682756244669,0.5154776406646367,0.21731427425972807,0.979074158681909,0.30491394842006014,0.3835859385598459,0.6915749157323179
35,-0.2844937725727224,1,2025-10-29T01:54:56.247867,2025-10-29T01:54:59.155920,True,2.6942273820164147,9.21281963997887,1.9392213632939828,4.789473774632773,1.936972715739774,1.3288350416695547,0.1602850472749093,0.6584096725461257,0.17695183658335792,0.2797558569406399,0.6110285485059621
36,0.25361831797809453,1,2025-10-29T01:54:59.159918,2025-10-29T01:55:01.649225,True,3.6710050190217016,12.889988527301773,2.3639845269386353,4.930111755684493,1.826477923490483,0.8789469452898887,0.3272335655218972,1.7875547455586644,0.6560733020453492,0.3103200483383064,0.7872269033567854
37,0.1068415410359201,1,2025-10-29T01:55:01.653223,2025-10-29T01:55:04.258369,False,3.641262420115136,2.889754676159818,2.5391974942954834,5.937634524901869,1.7813729903723423,0.9721381686562448,0.31844335349473035,1.8277748462583991,0.625215422809426,0.4791378876436775,0.7934527383797471
38,-0.2102507776602275,1,2025-10-29T01:55:04.261372,2025-10-29T01:55:06.536650,True,4.109250203421103,18.530657881109747,2.1511143147219043,5.075766552666848,1.5254901508833,1.4903420348677476,0.39121761141260275,2.138517491913926,0.6641378653126051,0.23518804468455967,0.7546509903271006
39,-0.22676948274147876,1,2025-10-29T01:55:06.539647,2025-10-29T01:55:09.257760,True,3.704801040654312,6.196541399163838,2.4467904626259087,4.4962607740928835,0.9753615880768298,1.2529127719432613,0.5502781306796685,1.6436358864853833,0.1678123250002228,0.3593281433499976,0.638641333277049
40,-0.4595004929588346,1,2025-10-29T01:55:09.262763,2025-10-29T01:55:11.584766,False,4.941549958663284,28.440895896292528,2.0400777013952243,5.3068656237189735,1.7261255448071309,0.9348925793749301,0.34574907320729364,1.8128035163524254,0.5201068410985381,0.44189253493090824,0.5682852968387926
41,0.13683204422380413,1,2025-10-29T01:55:11.589768,2025-10-29T01:55:13.989409,True,3.154866638732312,13.594051396049192,2.3197576951642427,4.897370314143841,1.8856325370346696,0.6179078391813221,0.30918381556431773,0.8594545805644744,0.4485852514851325,0.31318931200091277,0.7008406817324616
42,0.06988120020847195,1,2025-10-29T01:55:13.992411,2025-10-29T01:55:16.551377,True,3.476416113427573,13.614349214250815,2.3868555174993307,5.5413719692730545,1.6428983308744358,0.8540764591288329,0.25397427379985676,1.7205613379704883,0.5183579777850754,0.322390001858015,0.712254130532949
43,0.08586133856435625,1,2025-10-29T01:55:16.553378,2025-10-29T01:55:19.627330,True,3.0899767347588836,10.070056888840533,2.189313421242759,4.61055400985186,2.0468337242352743,0.6761343239523439,0.3998236112621217,2.2385970695669,0.35807741616762456,0.2666073977220267,0.6080510978768888
44,0.25448568378237957,1,2025-10-29T01:55:19.631332,2025-10-29T01:55:22.166260,True,2.7984897879686392,17.179180310717456,2.8199864249426976,4.957491746113376,2.2202427342151605,1.1435930073707061,0.143166113279084,0.5663920649486035,0.5511021213483609,0.376536766605341,0.7404890178508933
45,0.14155155371107178,1,2025-10-29T01:55:22.170261,2025-10-29T01:55:24.716981,True,2.7678147519522556,15.88443840481479,2.910643997179699,5.029274924500105,2.268173168705484,1.437361460724971,0.14149467411866778,2.3686556055779158,0.2802473106783271,0.4205022019402813,0.7544505770826841
46,0.35058899382719516,1,2025-10-29T01:55:24.719979,2025-10-29T01:55:26.998985,True,4.181004442588966,16.912108124382826,2.78954722693162,4.27038223701998,2.8738152094714735,1.1437154915550556,0.1799794628743796,1.9184726268388332,0.5713948791798052,0.36839556670498796,0.7754581816801996
47,-0.13331966073654453,1,2025-10-29T01:55:27.001986,2025-10-29T01:55:29.744590,True,4.207936985341702,20.885414331321808,2.7413098704590624,4.45940266378982,2.960900249651477,1.0833662642963608,0.18139592745930344,0.572082520692488,0.5535755619291926,0.36467413813740646,0.7982810838070404
48,-0.003979239966259328,1,2025-10-29T01:55:29.748587,2025-10-29T01:55:32.108646,True,2.5141451884612818,36.11854283764512,2.978367324982282,4.316813766301674,2.9509183574279017,1.3294246561254948,0.14067898680176935,1.8967510559858787,0.07553299430643239,0.39189765220932726,0.18364207152429646
49,-0.020335167173309184,1,2025-10-29T01:55:32.110645,2025-10-29T01:55:34.433568,True,2.8064260548694757,17.84323972437702,2.8310263587322844,3.59918335835849,2.860088277866125,1.8631452295292132,0.2844414237266275,1.641616069287586,0.7488448974392229,0.3328302345056203,0.7677770776064643
50,-0.5480027436571052,1,2025-10-29T01:55:34.436574,2025-10-29T01:55:36.892061,False,4.76466051357537,9.262985709011641,2.6389059902109744,4.256314084202681,2.5645486665108175,1.1819791167918587,0.10044503766359666,2.018120936647157,0.6546185395731242,0.2242930831444533,0.7375242197910675
51,0.4384387555855374,1,2025-10-29T01:55:36.895061,2025-10-29T01:55:39.781794,True,3.8390477362330184,11.658399418439084,2.547934387877155,5.764803646670243,1.8323578004410903,0.898471037384617,0.21702459553436917,1.741472937045055,0.22604196604816842,0.46058483529174254,0.6742777763211497
52,0.1187806749119251,1,2025-10-29T01:55:39.785791,2025-10-29T01:55:42.091893,True,4.1149226360982105,16.49115450211846,2.526162725581514,5.767002412968055,2.50530828288837,0.8802906146200229,0.20087406095706611,1.7210307961436937,0.19037146435427682,0.4675095360538235,0.6683108698658854
53,0.024506321481041496,1,2025-10-29T01:55:42.095880,2025-10-29T01:55:44.358004,True,3.543385326658482,3.241922426414451,2.8389309931733218,5.2270557811780325,2.6554792788450072,1.041861285774745,0.8591621146285202,1.9135874673262507,0.23430627516697344,0.3728692222435856,0.7666535334443645
54,0.21022846282020408,1,2025-10-29T01:55:44.361002,2025-10-29T01:55:47.001524,True,3.7467093550968484,20.04766924756903,2.5946764287212254,4.942150880439158,2.876221460575406,1.5944268213664414,0.29999958388605225,1.43924004150725,0.22096708576184015,0.5031083057096513,0.6395991400403744
55,0.02136726747932507,1,2025-10-29T01:55:47.006524,2025-10-29T01:55:49.917360,True,2.9934897947938874,7.728728912780305,2.446763365479279,4.602453299294167,2.1996705449344094,1.222550952924475,0.13875979620389592,1.5764342391154567,0.0936064126127922,0.4144405972740031,0.7283149342736064
56,-0.3790160381514626,1,2025-10-29T01:55:49.920357,2025-10-29T01:55:52.231205,True,4.648364035069313,10.728375821544283,2.70538002741308,5.335790463975636,2.4952007210533313,2.299619512620925,0.21592835509417818,1.2747228964410495,0.6933983837990297,0.5113949807293141,0.5835392265204746
57,0.23477045093027185,1,2025-10-29T01:55:52.233205,2025-10-29T01:55:54.547753,True,4.199684287436139,14.870268319074677,2.875423515677965,5.990725308344308,2.0611121651285393,1.4688874571236727,0.3352413324938388,1.7833781646631248,0.12159029345253555,0.542986165242665,0.7732129466505643
58,-0.2951103324492618,1,2025-10-29T01:55:54.550753,2025-10-29T01:55:56.921354,True,0.19898338830867424,6.540993620664184,2.9890923831706995,1.087654560917127,1.9904333986883467,2.777476056011569,0.18271882654998417,1.569852234664968,0.8876586876518974,0.2848218027969618,0.6237397590199488
59,-0.26108403860811846,1,2025-10-29T01:55:56.924354,2025-10-29T01:55:59.840808,True,2.267107268490965,16.882272226632434,1.8649401926103777,5.799034595469412,1.3414648577637123,0.9953482877097259,0.4683086965916792,0.9982918836363505,0.6198694121836433,0.3496397299507017,0.6777761634071187
60,-0.8887039330951754,1,2025-10-29T01:55:59.845810,2025-10-29T01:56:02.503607,True,2.5671136378129074,22.515672629811625,0.5196912841817851,5.182084671133737,2.713652148938732,1.7570263578147052,0.40538756791363995,1.8935082513475257,0.5765835611673152,0.39794422920852834,0.5336586047166639
61,0.33459301310142303,1,2025-10-29T01:56:02.506607,2025-10-29T01:56:05.143270,True,4.258476671989011,14.87666484692157,2.873903009392959,5.89750446717189,2.1014225773052946,1.4878514368638178,0.3284815126366332,1.7827178448389027,0.057162380075462704,0.5698206288503289,0.7777985790786994
62,0.40108786500228977,1,2025-10-29T01:56:05.147270,2025-10-29T01:56:07.429896,True,4.049866501229859,13.18690155307105,2.73463184306279,5.672767707877628,1.853931044730638,1.1300563400490635,0.26274170760777504,1.7564049991981339,0.053749372333006196,0.5774465238482355,0.7720692388118361
63,0.24780084782248338,1,2025-10-29T01:56:07.432892,2025-10-29T01:56:10.391644,True,4.004080069202772,10.431891580385528,2.7630643725932336,5.677016760296013,2.1194440993679167,1.3702102470936528,0.3638420876398466,1.9809582261670096,0.1413730716154234,0.6667171840240761,0.7328986253274278
64,0.1201622294689092,1,2025-10-29T01:56:10.399644,2025-10-29T01:56:12.749446,True,4.326403469111517,49.23400603146548,2.6734330502511163,5.465041286442113,1.8611737977164327,1.1319325540172014,0.23416997790309052,0.5661361803480753,0.04513401933445485,0.5799360185638429,0.7173767153711168
65,0.18537251328796855,1,2025-10-29T01:56:12.753479,2025-10-29T01:56:15.024224,True,4.58021416803574,15.41787250509143,2.5840471285438946,5.861638060485599,2.261639986318979,1.5210994061487553,0.2910449734476779,1.6926525147405251,0.05478636924015192,0.5786334233079737,0.4044501287340167
66,0.08389706262816023,1,2025-10-29T01:56:15.028772,2025-10-29T01:56:17.396989,True,3.415098081552962,19.110958577752964,2.9117479860417026,5.42521906962322,1.991986287599694,1.9853850072532522,0.26460171249287856,1.5977192694644895,0.011737020436850598,0.6024350089384122,0.655677571902147
67,-1.3659619106513057,1,2025-10-29T01:56:17.400986,2025-10-29T01:56:20.178100,False,3.862325136916379,10.97962694454829,0.7517742062553613,5.17691224888485,1.702467508978657,1.6922473908974205,0.1240187791110571,1.7501838360427793,0.201934967925772,0.5195556422943037,0.7711483352173149
68,-0.4251429416837958,1,2025-10-29T01:56:20.183099,2025-10-29T01:56:22.958254,True,4.019873709997257,22.258029753868925,2.7808377629901515,5.6666272641407724,2.4279075228926397,3.489830323511067,0.17672324091483999,1.4308405920547331,0.13788487411825295,0.5500957763119976,0.6867453611345272
69,-0.44122259939723635,1,2025-10-29T01:56:22.963253,2025-10-29T01:56:25.612138,True,4.47171805184493,13.794240400824714,2.485283855596262,1.677391640060558,2.168725077780039,1.265297823506017,0.20853427358984555,0.7774554730226029,0.4049934477828008,0.6529109217867143,0.748338257863609
70,-0.23209762855378396,1,2025-10-29T01:56:25.615134,2025-10-29T01:56:28.221948,True,1.4594506300531587,19.380019023213052,2.690820496967899,5.38447236448864,2.8844064387878547,0.7970935522329239,0.6732406704418377,1.8540155329774552,0.2668907966917252,0.45926858897482226,0.2766405604302408
71,0.4466175585753001,1,2025-10-29T01:56:28.225948,2025-10-29T01:56:31.121249,True,3.718901360457631,12.378281160470758,2.3800319940532,5.044914551185884,1.8123248546268773,0.9062818005221822,0.3335673236439442,1.9611021711251106,0.06677131961987226,0.4801656226735695,0.7993892642935948
72,-0.0029999958006178694,1,2025-10-29T01:56:31.125249,2025-10-29T01:56:33.558102,True,3.7872061809053985,8.880472713988917,2.5849147979298164,4.656246573343757,1.5635687139923171,0.5882815397291792,0.23474310653278646,2.032532875556558,0.0784008734705002,0.4936917316810627,0.7815731127775238
73,0.18799873710899026,1,2025-10-29T01:56:33.561103,2025-10-29T01:56:35.896312,True,2.926466560818699,12.612458163534367,2.404657800274567,4.06246342602964,1.9726429292420724,1.0618180862796789,0.3600480424894937,1.933928669222253,0.043306069205845975,0.5640031051355865,0.4881063061595411
74,0.20203904055642571,1,2025-10-29T01:56:35.900311,2025-10-29T01:56:38.524838,True,3.263306880864432,14.569055279111403,2.8285980186552586,5.029873936485682,1.8339487443272093,1.1551351333436408,0.26601128932512874,1.6495618729867358,0.10737359803366386,0.47997651285496346,0.7495061357558445
75,-0.09210056067916403,1,2025-10-29T01:56:38.529488,2025-10-29T01:56:41.130094,True,4.265556854398263,16.713997634819787,2.4880229398841585,2.6873509142362337,1.7466281228388036,1.2852865249250955,0.5272848238647687,2.2126845557710317,0.019094540927843857,0.43192857524431033,0.7112815264918966
76,0.13155602370466582,1,2025-10-29T01:56:41.133094,2025-10-29T01:56:43.521477,True,4.055606184083457,11.719976847189043,2.104507563331918,5.58883197105332,1.6709821308727764,0.9523083218895617,0.3005266639257888,1.7736237130044277,0.0007967164609155655,0.6018168867403442,0.7924721482506707
77,0.2119984053801127,1,2025-10-29T01:56:43.525476,2025-10-29T01:56:45.791549,True,3.5905647900385462,6.591444465537581,2.762502623042148,5.794199591872893,2.2624861541674903,1.4195124905601793,0.4161960297980399,2.0765960048856034,0.06696907223728694,0.5337488048836254,0.7314336536020263
78,-0.20381711564383637,1,2025-10-29T01:56:45.793551,2025-10-29T01:56:48.316217,False,3.906171945718059,25.923342016834503,2.9244326645971084,5.998766931410357,2.033229895846365,0.9021957081214763,0.1628869387222386,1.9591621789159914,0.1536078614970466,0.4586012654956143,0.7986024797700144
79,0.234745598814155,1,2025-10-29T01:56:48.320216,2025-10-29T01:56:50.969674,True,4.746120445885303,3.611408585986421,2.6389215323555497,5.246633756983046,1.909802261646272,0.798684227030787,0.22447573500611429,1.8588160144881973,0.32129475300277593,0.687955857170935,0.7706350824770918
80,-0.21963805117383944,1,2025-10-29T01:56:50.973679,2025-10-29T01:56:53.443222,True,2.627524839698653,9.084065223552875,1.6137491639615456,4.81264427631868,2.8024730705810286,0.9973054137312207,0.18899604777173148,0.5854066832385747,0.5450660517667943,0.4244284800583005,0.3249618558615904
81,0.4304088385619115,1,2025-10-29T01:56:53.446220,2025-10-29T01:56:55.998552,True,3.673876770167129,13.038204442702588,2.364683317452837,4.948849295947755,1.8618587011290406,0.8874275002577516,0.3290081225957016,1.8050116377309384,0.7322825794899607,0.30084499445259616,0.7792480345347241
82,0.18538007723088124,1,2025-10-29T01:56:56.001555,2025-10-29T01:56:58.503062,True,3.431174701653006,12.957528083361925,2.237900536725793,5.102720732307528,1.7998885811292131,1.0970204470132048,0.37435260089553685,1.6908454528110473,0.8970542938109676,0.3327976231995745,0.7510085831285963
83,0.04590019299392373,1,2025-10-29T01:56:58.507063,2025-10-29T01:57:01.071838,True,3.7396701115406055,14.499208526470174,2.3324321796550533,4.924398724119269,1.8780097581897182,1.1658098255689013,0.31942866737334885,1.5340857057816484,0.724196670917493,0.38175533988821125,0.7077747256122985
84,0.22326509735383712,1,2025-10-29T01:57:01.074838,2025-10-29T01:57:03.397435,True,2.890552704728138,17.858097584308364,2.5518101446068684,5.502403378107794,2.0931241830025393,0.7229069007211992,0.3438227314829023,1.863424285351425,0.7594624717535159,0.3571308623031493,0.7686048649171501
85,0.039318048651985654,1,2025-10-29T01:57:03.401433,2025-10-29T01:57:05.932919,True,3.1710258625844148,11.233527601844054,2.4371095041169357,4.65969669538209,1.6204668307472052,0.5561784671789152,0.27353408949934216,1.6209073993990328,0.7807940262437416,0.40428860472547407,0.7812467448138685
86,0.1390632243972821,1,2025-10-29T01:57:05.936919,2025-10-29T01:57:08.811439,True,3.5280198146376796,16.121789899851052,2.8606651429147987,5.668275051057611,1.9598513261455095,0.8583345968174484,0.4271990929326693,0.5248607853118847,0.6020817175063884,0.44216087497109124,0.7339375461414032
87,0.2780332375507896,1,2025-10-29T01:57:08.816438,2025-10-29T01:57:11.664067,True,4.189449251808234,9.88894842575933,2.6932605970500796,4.226046993743188,1.7458101118230764,1.0306332853684008,0.2543875507207073,1.73939014200655,0.37187941404945957,0.4832163819514713,0.7563902850364663
88,0.25180253012099224,1,2025-10-29T01:57:11.667068,2025-10-29T01:57:13.964946,True,4.148444374503388,10.21677425428029,2.1759261904470493,3.231353446997877,1.711406256228388,0.9830436567633042,0.24251807652063362,1.8182947892368315,0.3681098598406572,0.49059643325707714,0.7592106252467137
89,-0.2329671922103287,1,2025-10-29T01:57:13.967949,2025-10-29T01:57:16.317076,True,0.3935925827128117,8.038386332663116,2.270044054429546,4.520496699807064,1.5108279523525678,1.3142097141857674,0.4583595917570297,1.7514078239943873,0.29411036332362916,0.5131766573376222,0.2110749746792311
90,-0.021431151080234564,1,2025-10-29T01:57:16.322072,2025-10-29T01:57:19.148575,False,4.3912671080275585,5.938851334884755,2.5011192622755702,4.394761422318079,1.7662340692817589,0.6676148066684809,0.25239355078608555,1.518849851657521,0.4717604763961944,0.47480310078455157,0.6609339045903434
91,-0.033305829974338015,1,2025-10-29T01:57:19.152580,2025-10-29T01:57:21.593469,True,3.946529994440122,12.796812970400367,2.606210849056683,3.8602967438528006,1.8579359745539303,1.2202296966068833,0.3825088574338535,2.0032766396664727,0.0934280623417374,0.2501671290752582,0.6880234023489777
92,0.1467687566529392,1,2025-10-29T01:57:21.595469,2025-10-29T01:57:23.865411,True,3.8106733257584193,10.043819125122415,2.7107607761070622,4.227101495474315,1.9117801879500866,1.0376818668845242,0.31746100413555106,1.6883230998943894,0.5247093821376667,0.45200913659791403,0.7398741464408453
93,0.24968748750535041,1,2025-10-29T01:57:23.867412,2025-10-29T01:57:26.310480,True,4.253804816137676,14.06989949690956,2.9981738244251495,3.6695267573064307,1.5966922833027268,0.9043032269824086,0.20189105945787764,2.090311164505996,0.42977551468077085,0.6077693046888913,0.7818421126724253
94,0.12586035273046295,1,2025-10-29T01:57:26.314478,2025-10-29T01:57:29.484917,True,3.3556657270982146,12.06290041343715,2.3658374805780844,4.849408084438332,2.01149391671684,1.5483703542268454,0.15773058469798584,1.7592178935630385,0.8581667493096151,0.56512767077028,0.7197127464227352
95,0.1646585524195739,1,2025-10-29T01:57:29.488917,2025-10-29T01:57:32.188130,True,3.630228840981373,33.36459999739888,2.776090952113051,4.995283528433175,1.8144641559751646,0.8149613515122494,0.2867841895376006,1.9267933105220827,0.11871558390939604,0.3026570171682066,0.7979530153235519
96,0.2545866464333384,1,2025-10-29T01:57:32.192130,2025-10-29T01:57:34.651574,True,4.070083157936676,16.918887548258684,2.8188521235039374,5.877078416268861,2.0742893960077673,1.3691635469273435,0.35011290051503635,1.810862508493567,0.25900858947597705,0.38741352021024056,0.7544927907406045
97,-0.11326739345507271,1,2025-10-29T01:57:34.656530,2025-10-29T01:57:37.015875,True,4.528140452040924,15.35443820310241,2.6470585695561324,5.860515206506669,1.4021564120115737,1.3792712649873653,0.3508859015648665,1.806501244954053,0.9867864044213966,0.7432589107221064,0.6226576309832749
98,-0.0448597058350762,1,2025-10-29T01:57:37.019868,2025-10-29T01:57:39.796649,True,4.066177323173257,7.403751406930911,2.5559395729124184,5.9003413394778494,1.0425717836181105,1.6459582900628367,0.32900993290866165,1.7219022609359678,0.2463795434408576,0.4079953029045475,0.7593730129779084
99,-0.03722286109658534,1,2025-10-29T01:57:39.800651,2025-10-29T01:57:42.218407,True,3.960893217660351,9.416336959765886,1.098332060172146,5.324494723796894,2.0718167158829144,1.2031838517704319,0.28935939413038136,1.875783034941561,0.21920010072654095,0.4282237517730401,0.5842295286305972
0,-0.4508765521148423,True,0.7850202980169341,3.6366591912448842,1.2950183356057483,4.5153992295092635,1.9048703429402574,0.5955480994216058,0.5061919627291785,1.5111370815040366,0.678581041759289,0.4484614924218003,0.15134822582698496
1,-0.49105117072466115,True,4.860888843929666,44.64576366422223,1.5382415006897407,4.394628541327232,2.6500383670219527,1.2017658920175034,0.19008241124926467,2.373503893100203,0.5779468954825744,0.38121803974313234,0.6187819602568675
2,-1.0776580221734435,False,3.3016813360242456,38.992290724382826,2.066613803293361,2.317765048174305,2.104810015157044,0.56862419338015,0.8435219098290262,1.3767983256850376,0.047182704529456054,0.5361801354068991,0.25874836002014096
3,-0.9010449671170064,False,1.4588781990443134,11.267767167460548,0.6069673576512908,2.02104330332419,2.680191841133958,1.0092335668680152,0.37361785341322584,2.314138928828961,0.7117479434509675,0.795847522469971,0.13259816597892793
4,-1.5902362576255666,False,1.9752637204400088,47.484311997908996,1.0396705522183716,4.574915343566532,0.8850652427985071,0.812684816915405,0.548285949507931,2.151059529053877,0.21677050905758932,0.46018818250299826,0.5398118174970017
5,-0.7495430464171634,True,3.9575469045652687,27.87876211328977,0.7897067164469722,2.5257971210034387,1.3560856740816265,2.3117618486246485,0.8942859951170181,1.647809846226606,0.9414076635495637,0.4753583719928542,0.5246416280071459
6,-1.862704108817047,False,4.851949253849223,25.051469252910707,2.943096644413644,4.954778788679391,1.5739483116245605,2.6081076070547686,0.7374813983838304,0.6436280249068593,0.9606362040313244,0.6190675349634556,0.3809324650365444
7,-0.2539225377231344,True,3.062218179533793,3.994601046211204,2.8395822286408308,2.9252828654751957,0.916777133769071,1.16835163560203,0.7753045346698125,2.386168972499131,0.7787785402764769,0.2682586957030332,0.20139821604274194
8,-0.5587460624383455,True,2.2107167055829895,9.112728447223779,2.037645344049994,4.341914850696662,1.2578941290473897,2.818872642632998,0.823630514557949,1.5299982746308753,0.6065555496327396,0.4437457085891564,0.5562542914108435
9,-0.8128366901138395,True,4.918104570382712,27.748669225605816,2.065754956952067,2.441844583744559,1.2683854515830728,0.7355577862592121,0.888528499758087,2.2288023162272337,0.6581610167383669,0.6479478842339886,0.3520521157660113
10,-0.897399622854425,True,3.2289449411288276,17.56973130922218,2.881841406364634,1.0503241187237031,2.3352459760445727,1.6336963501276638,0.5979545434182305,0.884197583230445,0.3634483475280204,0.21643444772284165,0.7753366133459206
11,-0.5990606631034403,True,0.18176931213450853,1.0135890905797975,1.396099546984965,5.901139182390646,1.812103805911159,1.686826721714045,0.6273087989671567,1.855508959875227,0.794249838618635,0.20688183659197013,0.1008655492455991
12,-0.5227732214027241,True,0.49367192826659,3.6855883354875703,2.566120481849198,3.3842385221381197,0.8250137508100832,3.4636582041375497,0.4266580462230558,1.1719337275917245,0.42925225820642543,0.34357405720837797,0.27091654052306474
13,-0.7864109909077743,True,1.353022290990413,15.572543062034573,1.1817292119728435,3.373778464962534,1.9128159457744478,1.4698281969381561,0.40168821321302345,1.9383800309826513,0.807243105864835,0.33768709444502715,0.24025666517649896
14,-0.11262591120955244,True,2.944591792605058,7.653143656840429,2.428524584004639,5.528528744798544,2.351060131953174,1.1828658817472075,0.7054952423226056,1.0890346652842289,0.8447604085679761,0.40997962482127415,0.1858752078688097
15,-0.173107532002493,True,2.9576211019041287,21.591398015095077,2.503956611961137,5.9429846719552035,2.9969429727448844,2.072761005892259,0.998611200952024,1.1034245131567344,0.864381466217351,0.26682464452554916,0.35281405277195044
0,0.06632987616509677,True,2.291185415813763,34.667153893001505,1.7634030508493348,3.576366617499033,1.5004157372479185,1.3578146884695426,0.9082727702223548,1.4433124506330677,0.026608653512975255,0.7026619504111169,0.10667606338388984
1,-0.1370085413872106,True,0.7073335160658182,12.06323131325085,2.6498536871470764,4.764037071886662,0.8146580152558444,1.9004974595183337,0.26378026016562495,2.120982266234935,0.10389869647338501,0.2828952123370288,0.7171047876629713
2,-6.266238696363379,False,0.9695532025603983,39.4086077813211,0.8457422030723695,4.8861539636192415,2.0681037724993008,2.0033408693297643,0.954185625723837,1.2508424467304042,0.8588237573861452,0.577264573836846,0.2372539075573923
3,-0.31985415668290196,True,4.426516902274433,48.53628935046283,2.94805442137992,2.7229699966101046,2.4838198086868375,3.163368335302687,0.27482839596165143,0.9315659057786199,0.0972761038394574,0.7662358399906222,0.14477791452698555
4,-4.512854761141943,False,4.840270646869916,26.28673671422162,2.3994121126290215,4.828822937909768,2.1839650520583938,3.423567876798881,0.3605626079072779,0.8600988852776434,0.6381192711620389,0.339041392712748,0.17407365026259825
5,-0.30234096166443974,True,4.5202509977074286,28.0646320338471,2.682472440894206,1.7345431222277843,1.3648743707008943,0.5379346366215737,0.7899058162440222,1.0399358621626593,0.4753455409865238,0.5237598936702414,0.4762401063297585
6,-0.9452444029038575,True,3.804465676036985,23.372284863439738,1.0634251982038052,5.9696893918521505,0.8340546821863041,1.9849844050220287,0.17087058194525095,0.8762037063841537,0.042124324120206835,0.599329862255114,0.40067013774488597
7,-2.8709219427335393,False,1.0084139784884685,23.99153618006065,2.4256897473859294,5.91009095010844,1.3249270458047393,3.330368908765282,0.7201230262261059,0.5969283441483466,0.33053514322081423,0.6105742179081394,0.38942578209186063
8,-0.4098120136638158,False,4.548503176577206,1.5844710202550836,1.5762560154411396,4.937761528126371,0.9737270112199277,0.806483166925035,0.5280066292291307,1.5662403403314313,0.7135242371998838,0.4761683348833503,0.11144046353133263
9,-1.454569986024959,False,3.6549697235730174,9.772988240268276,2.447152165813158,4.206470199039687,2.217733306769156,1.2548708842261638,0.29162062780011305,2.285412842293717,0.6512177353285308,0.5935898411059528,0.40641015889404714
10,0.15409796462966321,True,2.196424401595212,36.730221719135166,1.8132657707883684,3.1814026634588495,1.6307730625845678,1.3868093129630719,0.9733554799400026,1.7494575508222385,0.30839385061771896,0.568450226624877,0.2936367493551488
11,0.14155572184519333,True,2.1969642238831555,38.108807790141746,1.7807594868172107,3.1211682532596496,1.618311670854421,1.3782447899859667,0.9664774803966972,1.5931202542417084,0.28656385575675714,0.6014629780332718,0.3119513598686545
12,-0.16831756746739102,True,2.21548181719873,44.31199817868748,1.7551705454560347,2.6083898792749083,2.94161949926494,1.4224689937515818,0.7597117402247332,2.003402363365604,0.30604076839543287,0.5656217842130713,0.3212421210933165
13,-0.3713867631390356,True,1.5794123749914482,35.40843163320263,1.2284639865147282,2.7386929085401475,1.7268297833666861,2.621902498612622,0.9958049831149852,1.764367183328291,0.2901531028506405,0.44684511481185785,0.3442899669615401
14,-0.6028673968921842,True,3.09688436266977,41.419693924124374,2.0396103603334006,1.3162045327830882,1.760297927218116,0.9332408431361187,0.5956038389139804,1.7787423778397986,0.4531331097430952,0.6045900999662173,0.36481178323231345
15,-0.20012337230015634,True,1.6649245678229438,33.58304472949603,1.4174231696260335,3.498331709704152,1.152730949799035,1.656885658033772,0.8626799484758324,1.836894057892569,0.22125050429626944,0.6396839824461584,0.261244814563133
16,0.06018785895945018,True,2.8243287462901296,49.63062169223079,2.0275059987380577,2.1041531860919553,1.664200522094944,2.5427684781918725,0.6548863001775467,1.4725170011524233,0.4272307638266425,0.21680409211569873,0.41530735800541946
17,-0.6417256543322265,True,1.6809918723827748,31.471066522918974,0.6081065113293058,3.4535121452434687,1.9691492629684197,2.3459881656212738,0.487458941639419,2.462510703957573,0.1927507170588399,0.5272313507766554,0.2422405532957388
18,0.03294497280092243,True,3.085811716120258,18.28757011116101,2.0908360358776847,4.016185714461821,2.482147372579706,1.0166172925105588,0.8535885049639477,1.2887232561799211,0.575017668451775,0.5157202542870182,0.4842797457129819
19,-0.20102136403207546,True,0.16638512613783663,39.84808279861984,1.5058309022420329,3.033906217080557,1.5565355460378494,1.7154693953028923,0.986773049015219,1.6821831258397617,0.37506048604480996,0.41226653189152773,0.41493538996838086
20,-0.23482727528187658,True,1.9852626179868818,44.41356693075262,1.8995529556138748,2.02199930940421,1.187557931319337,0.5467456756000433,0.4334115731916728,2.0091421280667303,0.19914842445035225,0.5262109302425599,0.28991059111697315
21,0.01996472051697466,True,2.3490885551345166,36.552648669694904,1.7496266364651338,3.116552713168077,1.4808112872048957,1.3060467007498209,0.8799628042663129,1.4031613440723143,0.004516878095643141,0.6856205594173675,0.21330154388322814
22,-0.2822097813599711,True,2.7297636920646307,31.349091501641098,1.266961635815006,3.9317754631379715,1.9288824435615342,1.474288100302513,0.8922230710653455,1.1850370297064,0.13907234654336162,0.6794227369796975,0.10372715240118147
23,0.08353785791484244,True,3.4774807971945205,37.46618349315997,1.7248992927235314,3.722661634286494,1.482232396073944,1.0894572618809826,0.8049053480535123,1.5601159311966875,0.2470021478059153,0.6237260524956207,0.17574454074224172
24,0.20475546808998102,True,3.5226435426014455,45.02290814341552,2.24465143894171,4.357486331457562,1.8150064274452933,0.9657392658531816,0.7996458330278267,1.6370908295939341,0.2641082241696011,0.6065078403541286,0.19225768552935618
25,0.06381675177928475,True,3.974309771942515,45.01086592633136,2.260171214392437,4.29563313960872,1.7567326045392027,0.7768933666197861,0.6784608345148464,1.6780691369533067,0.37838239991394673,0.5572779508919746,0.38066878555492667
26,-7.977177641607002,False,3.1990276007967298,41.96879740814501,2.188825252816099,4.416012582337574,2.3213098169309534,1.6663633884340106,0.935302201801558,1.9125538551815744,0.9729560146470031,0.4886608119409166,0.2873584070118637
27,0.28265495060834256,True,2.6215559321518924,29.58437492973902,1.9554189244361238,3.196589524972916,1.883171275406358,1.1474241095042943,0.8263218864385516,2.210229819338121,0.37790934861181746,0.4077215195535446,0.20651471850131423
28,0.2498700396599543,True,4.166034503075096,19.465876735148846,2.644526773258364,5.547184194084382,1.8644967945745132,1.1149086351727415,0.8249379731815262,2.2394151004590652,0.5197314444990775,0.39080756510884485,0.19704969525412244
29,-0.04727495283529183,True,4.096711493548168,18.372710714839794,2.8795291513051877,5.414209594726946,1.8582963313106708,0.7978920379449903,0.590208085997018,2.4872334611149256,0.5391162417202475,0.33943892716584456,0.16999614802990354
30,0.16688306220667357,True,3.409459939115336,17.864447631018457,2.692892317572374,5.429571901293175,2.0429779648649182,1.1736919562785193,0.6989981092708678,2.2583838055922745,0.8098407278377857,0.4060904467173486,0.20269176534695707
31,0.1535700324076904,True,3.3861119651717146,19.210733828432765,2.6566487121192988,5.40551612901076,2.0486711128434214,1.147779231148862,0.6938214249110553,2.3124746111633128,0.765763218827319,0.41601339362968226,0.19689677436984493
32,0.08499528182139704,True,4.199936199327351,11.35965591235461,2.553723680573655,5.464652449794142,2.396774279405266,0.9009291382802119,0.8140709162063501,2.211036314225761,0.8637351304855652,0.38990224475879937,0.134076680668823
33,-0.15214519877353905,True,2.7776644019211063,14.785839499139088,2.7953065159333215,5.225865519420293,2.1278783690412055,0.6679043059765799,0.7490356931278731,2.11505879691543,0.9729506943798365,0.24562214760720197,0.2251460119129599
34,0.3300916594709216,True,3.615370702388458,21.87267334343406,2.259895947963675,4.569197128833482,1.8710262897663914,1.1713029018910712,0.6324319899553357,2.3405154250464673,0.7931392114329074,0.3027245483530854,0.2437059082435553
35,0.20424809385071951,True,4.8194728620331215,27.88143844238523,2.2763866250353555,4.606930421167948,1.9014951013669665,1.5468774457192997,0.8281385326752297,2.129799918812461,0.5486386105849306,0.2719847444284604,0.2623294331693613
36,-3.3900309258760863,False,3.8710979808749446,21.29980464311837,2.326925845200314,4.588283630442653,1.8482745565843348,2.2373561976143312,0.6379746516376162,2.391042653281491,0.6240138427727493,0.34599381382759353,0.16387912484034498
37,-0.08055792089868188,True,4.357045540206886,5.813399949540685,2.534159734546755,5.1043124788429015,2.258365439715744,1.9028465671033383,0.7674926389455324,2.0280770067604816,0.40741743833920363,0.29725470820313415,0.14727377390700147
38,-0.07511423664397222,True,3.651492767016535,15.25899316152535,2.988557713774943,3.8501216434382552,2.788329560101856,1.0244362970331913,0.9175751269253573,2.3734002128933764,0.9127049330412585,0.3728305431297713,0.23855135336493974
39,-5.9851871355002775,False,2.6184173758723928,25.953650760226363,2.158108754928789,5.801781702335534,2.683206850747448,2.9450149562581727,0.6013650282573972,2.1754637885185995,0.5133557748918998,0.36253331224004626,0.6374666877599539
40,0.15024797042332916,True,4.639054916712098,23.09308006181978,1.98936732184427,4.920683487445592,1.3540354406043347,0.5170672936897766,0.7253766712502754,1.8872359240836207,0.7051920770663205,0.3123534452613884,0.5767802656781804
41,0.2317434334424603,True,4.966418997247138,29.265758103300005,2.3085763667530452,4.632485107712658,1.8591380811155254,1.5591986516015406,0.8188581686017357,2.0726905136387197,0.47698194946531514,0.2682521406570663,0.2697387190027053
42,0.18687606898046616,True,4.30711929192454,30.743685401603074,2.4335434961248468,4.143123364232227,1.9845456900882281,1.2159322971229138,0.8284693290235899,2.054349212390292,0.4746320345023747,0.25851673579537976,0.19565527936847624
43,0.12552024559181835,True,4.908486512519134,28.676049162475252,2.5483418292568394,4.648938340443267,2.13160739889883,1.5648853220291792,0.7834790558985328,2.353778773104209,0.3732211619643625,0.212421048049962,0.12953192465582203
44,-0.015892500527709602,True,4.616068005130155,22.251458746996953,2.1733116595562767,5.742942484211476,1.767000771726413,1.8119956348655055,0.1522382125074584,2.2248396743411507,0.11425614984716018,0.3067922377808754,0.2382029331464052
45,-2.9775419414585103,False,3.6839936851986024,25.257186577425873,1.9294354575077521,4.4196339018693465,1.8359521611840877,1.2743119879869533,0.5332642954575706,2.1111189683126232,0.597335075656084,0.3610543483587978,0.3240213901472224
46,0.09904954932909513,True,4.034009662814599,15.195872931016417,2.347916438447139,5.040609072846949,1.5602446172188318,0.9130800001342299,0.917352901530217,0.7053944240168897,0.6853834921965354,0.28144736607967946,0.26492987472954876
47,0.3121346112958253,True,4.742545425821611,33.65469640034428,2.48433925832059,4.7776149976601205,1.710041311338301,1.0178750965850196,0.7332189974324692,1.9335939211042354,0.511133694232972,0.4494221012864249,0.18299536296203656
48,0.18040525431854768,True,4.971198142545533,32.862566994333,2.7765805067959093,4.806782296322473,1.675601964612219,1.3422950531473703,0.7319441767070556,1.92671222785864,0.48957222299278813,0.4456044575009594,0.15454017935082043
49,0.04825498904362383,True,4.661779530907991,28.45508329220565,2.501182196396583,5.687360440615524,1.4364242259101896,0.7184555593481408,0.6497442095301489,2.2870637252604924,0.3402061249622289,0.32555745907439376,0.3763021676357424
50,-4.3323313569761845,False,4.46387958207698,34.42328904007799,2.3871722423046036,5.220880683921534,1.9911123620301752,1.5003571257301327,0.47361417034813674,2.483788718402558,0.4432060907434864,0.23291443243323867,0.3351052450278438
51,0.36236491061905496,True,4.228288922306715,20.89324042306499,2.242277433000149,3.3016235592058205,1.8040801170219583,1.037040032409135,0.7807153289475075,1.9387173505361666,0.5176179583801942,0.4690780781561667,0.19598294492344265
52,0.19818506076933295,True,4.782887415783615,20.04533028480634,2.118589088951978,3.3694096580127835,1.6903249435804129,1.185802645396229,0.8629698236388421,1.9473262229223616,0.566277724279986,0.45887299456322495,0.2766121425790994
53,0.08110260934409919,True,4.265569732634906,23.921679519302067,2.607245212351531,2.8192972793861832,1.5678409347828135,1.1031346705050593,0.10379330898094741,2.1706808793039114,0.5119259407827759,0.5002919639858234,0.12458139990684768
54,-0.10460359899735111,True,4.4742590838759,26.736081695116656,1.876103369679242,2.3982258951993627,2.141146224970551,0.8589832466359977,0.7566326297022616,1.8323677134952205,0.6100049632353979,0.42587358709697265,0.21865105962303177
55,-0.08735814173138048,True,1.1995772802455376,16.897874070089706,2.7589631891501467,2.9480573040279245,1.9534465169611535,0.6650556128687144,0.8496332434284763,1.9911713352406402,0.6656799289798173,0.3739634428760819,0.307913637531441
56,0.2334257634219176,True,3.854939901483402,29.694021183732666,1.6702553795907553,3.678576141107478,1.6290291682573108,1.0379398638777357,0.6271022678136127,2.4089497349641946,0.7620932158812135,0.46545314235774404,0.2483690825727202
57,-0.18100627131646352,True,3.8786010803032673,24.845117973958306,1.6195683712070625,3.6971778381941736,1.2593245043525771,1.0375224792355084,0.6237230075744093,2.3940201594027646,0.7631803517234805,0.5187551439447623,0.18403668506427168
58,-0.1761800828662241,True,2.9515046234694893,21.00650025792938,1.384334097047179,3.3140230559612167,1.614917252291214,2.103872017786119,0.6855013854713309,2.425769548906671,0.7442972358295635,0.47286935651710943,0.24714091287390452
59,-0.2081081340496415,True,3.265182124675577,31.11016867575209,0.9790276603885745,3.6487995449614576,1.4137412910177076,1.3960763830066627,0.5842257185567409,2.2889987096436646,0.866635210367912,0.5461600412714191,0.10534739854856558
60,-0.20497743842837618,True,3.8039758115169797,13.045062374628927,1.5982394307847982,4.050824263817951,1.7760572192656177,0.6170803468104243,0.5542131581162147,2.330190859684069,0.7948408296226566,0.4298994052574611,0.44128866813660855
61,0.02991181099899449,True,4.15891098205482,30.051115281878598,2.075987403169218,2.4893003569519316,1.713016673678249,1.2601532540423797,0.7824020462065274,2.059425592228519,0.42715262693610107,0.4988094586643214,0.21567791965797714
62,0.2395671432572512,True,4.99114536056716,32.464347326034634,2.446383614240673,3.241974025268267,1.8966128838282204,0.9793017350659814,0.7204675253307654,2.2120404413420713,0.5185844491027597,0.39446510638188126,0.2959850276528818
63,0.26214544078142593,True,4.390661152826616,32.855443103411815,2.437947362467979,2.933109987900275,2.0615607034911108,0.9969711809683043,0.6705452918930161,2.2363155592405377,0.5232882601761046,0.3876956310374797,0.16876673241030418
64,-0.13795247235665384,True,4.735854264591589,35.15082049485383,2.442046335078508,3.164248650239745,2.0398394023762134,0.8196455693232996,0.7148918470893609,2.229683141930747,0.5333686389706707,0.39557460054303656,0.1610185520404398
65,-0.14030823847117413,True,4.417705504338069,32.72560898559746,2.909221993500515,2.978234094220234,2.2263030830387653,0.9542770883188428,0.6651875608347443,2.16648614218186,0.5757799410432313,0.3839843211017565,0.18216668230586958
66,0.3543837424355029,True,4.548027036729227,37.85890926958115,2.2138464765684285,3.343976208748999,1.8926634115357532,1.1249875348358873,0.7411047417384988,1.830906310852746,0.397570652158967,0.35307520367539597,0.29682599739457877
67,0.12378614910537655,True,2.0056524615845763,39.6716429237802,2.2010412242964157,3.460119775167129,2.083008195982023,1.1200584202579336,0.34156472805637167,1.8117684252779058,0.33897402777788227,0.36554290741999756,0.3547637554101284
68,-5.074245073471885,False,4.0506315947943445,38.16095977878826,2.0269707016359897,2.639161789802719,1.960223340377406,1.3410539284068503,0.9491679448125653,1.8682685135144548,0.39140844783193884,0.35258726630157394,0.1441951219189938
69,-0.43482380401270776,True,4.560125619121973,42.18120720447577,2.6446777551294636,2.853781701077703,2.283448414083434,0.7614640853992312,0.7460047077145369,1.70510661055516,0.44844190338680967,0.4339225896650064,0.21566496966027102
70,-0.08785807851399194,True,2.371531942640247,36.342035045122614,1.8546709800781191,3.872207505520867,1.7910568626816659,0.8818122980959986,0.8895258973247915,1.9530404226142872,0.6523632125652771,0.33205879692219686,0.12138303251900619
71,0.3885334197300296,True,4.272341483183326,32.81829208629917,2.377093923999341,3.3552278153394735,1.9046994202642078,0.9931620336372028,0.7076859580248472,2.23713444531811,0.4115445246475665,0.40966802075158265,0.29441462746749303
72,0.45394956215558835,True,4.185822052405546,26.884243363746382,2.273013968495707,3.48162824394025,1.9031317515776514,1.0831755497661273,0.6889797410016986,1.3940149126331107,0.3550219939037243,0.4177854233406708,0.19676064654975733
73,0.3051049732433225,True,4.299462391409035,27.390995675748442,2.2102363953518975,3.5088085420127477,1.9193782180252918,1.21917026962736,0.6927238266451189,1.3966442999562587,0.312223139975939,0.4195770424169137,0.17229114070942786
74,0.19162864354904585,True,4.238827995258749,27.571996543336486,1.959753477822269,3.4687216084629093,1.7275214810258888,1.2646636551090165,0.6996235249319825,1.3964597096066125,0.30739788666733026,0.4134897947462668,0.22977268942171897
75,-0.3730171534503725,True,3.6322814894231255,26.14786349160683,2.258883108095159,1.1063717485266706,1.9087511714331775,1.195519178388818,0.7804239030185197,1.1630428708017988,0.2429422676125955,0.44218565726798026,0.3959315424142356
76,0.38877132387843233,True,0.2802768991427267,22.76335200405045,2.3623328099298675,3.5833128707789594,2.0061229880647105,1.0668918314673768,0.5616570652618516,1.3237935645674663,0.3599206183372949,0.48774522735717324,0.2960748679072751
77,0.1476874791932848,True,0.5677681116119402,22.45694930290934,2.3489667788314224,3.8230552507384266,2.160812731100791,1.052253448866616,0.49531666886267695,1.3178898424990457,0.27339400832088895,0.5058118386844501,0.3035456410279079
78,0.00462828772755005,True,0.10632743425032223,20.505526038221458,2.105298036428295,3.613440841386576,2.006624298314699,0.6043740433939389,0.6083567025550409,1.4480614527395306,0.3542808277385744,0.4768376180087657,0.4701485758648122
79,0.2114947712549039,True,3.979342653831088,24.195423171425965,2.2040398409305433,3.3019839456334417,1.8241825394902214,1.4575689580171103,0.5773468879123929,1.549679646102448,0.40813018234102827,0.5411359622417035,0.27985285380348107
80,0.019789362095003815,True,4.6751123379291695,27.202751709407433,2.373328633527737,3.0702506258540887,1.9427518904040877,0.7369502557490648,0.5531750156490021,1.1992269196578544,0.31289233288893126,0.4845165089602601,0.2546997732291998
81,0.4057366173028515,True,0.36191420746612896,34.24635153676104,2.279541138643085,3.3587123723543786,1.9008312459631873,1.1192142168737436,0.7498282685846339,1.349853577663617,0.3638497975417333,0.45718538621281435,0.20372686309980295
82,0.2694139291815645,True,0.4869786448378305,40.95836508955604,2.2639446954792386,3.562176097789581,2.087494938262924,0.9111293238138631,0.7042659291062566,1.093114210955613,0.17676838876871476,0.4202208993770674,0.31806233811778295
83,0.34594346058863984,True,0.2789869219182221,36.0923335679358,2.5022212518467857,4.014803620422214,1.815146453337707,1.0959578511044759,0.6474692739440044,1.3832264756024115,0.35358114664659734,0.448540713280163,0.18417367480082936
84,0.31215242904902096,True,0.7559839847026759,38.381801115332266,2.507954819902042,4.204521696661834,1.8070833612464179,1.0880768681820148,0.650268304271081,1.3187920488069012,0.41648929100276433,0.4528409043674231,0.3401605399518247
85,0.17398070073297836,True,0.8317409344066082,37.985539823859824,2.720320144175239,4.216729642429899,1.8098867517702506,1.1121563485995882,0.6117248985358387,1.3328013737516498,0.4019018427353327,0.5823177242065198,0.33268158835941897
86,-6.306237429951169,False,0.40586478290186195,46.516934440897195,2.5763719205512636,4.042433655619756,2.012377009248781,1.303033063067487,0.6460170225783013,1.5176247853859814,0.36144647303844457,0.46214086538001214,0.34474639232505333
87,0.12506144848618495,True,0.29736583221634455,35.95685289413549,2.3215312550323035,3.785638117198007,1.8593659246365841,0.8523831874483434,0.6596213483410956,1.2561084416495345,0.42468710393460346,0.5174386565171224,0.2898995410316604
88,0.25325184415463087,True,0.2888851227065341,39.25282086712938,2.506325374064401,4.491719871574527,1.7571472601902012,1.3966474569016771,0.5037342330952558,1.4934412838578675,0.2807493941832119,0.7716006467307553,0.22839935326924451
89,0.13251971263104825,True,0.6703223553484415,41.090144299326255,2.378741684729027,4.229257928375029,1.5911107110667957,3.002003782999677,0.4334319833123693,0.9629292705682938,0.4670929200675898,0.48061955469178386,0.5193804453082163
90,0.30212704635807863,True,1.221186542919231,43.08124748063637,2.2849759347953422,3.8869793756160353,1.6641662838236964,1.1614055076670011,0.6366916253890349,1.3688647137303713,0.3336774137348595,0.4540463690483173,0.26894473110179096
91,0.37308066448877886,True,0.21488110875509492,34.17507853721436,2.506117104895603,3.379482137731867,1.709650495744886,1.072867566246507,0.7533599975261943,1.6138567641724832,0.38889022894793807,0.4379790835026943,0.19412183499530827
92,-0.04360437554200467,True,0.2763571492966311,37.03599754076465,2.1481446118931786,3.3656130218346534,0.9153657217926038,1.0746324209563438,0.7635671502772732,1.5950399615698072,0.3825898178629095,0.43695904272589237,0.20531842536510822
93,0.2742493100437653,True,0.8477858894034995,34.83399698373781,2.582659238396194,3.973547291267642,1.8110786104015868,0.9437304147050126,0.7418644496835759,1.238101467369528,0.424217954733227,0.40309084080890384,0.25146306326603235
94,0.09218488803356732,True,0.40510226013768574,21.84406336661301,2.4893734581986116,3.1375951514774743,1.887133708525224,0.8335602150274116,0.566224757488376,1.44781292184001,0.3541630012216386,0.4744722472419619,0.22481200184370398
95,0.12791373115512011,True,0.19040787320434444,38.78415244939206,2.850568235497481,3.743920781341388,1.5150586146592506,1.2156320561963787,0.6732927754228729,1.603839528235019,0.24593698498550318,0.2907892004675641,0.20048766993678552
96,-0.9736996646500486,True,0.6367330913003217,34.384379954250434,0.5632403911557751,4.093175574525108,1.7502347316677913,1.0669109412291127,0.8020400462034382,1.1422213595821646,0.44693352191482405,0.45978792262458223,0.14509286551802705
97,0.287522931787921,True,1.1247798186567368,17.786897724977628,2.3936810123896675,3.5707852931464714,1.65466762227017,0.9671106665333238,0.7175690482958758,1.7255415463246633,0.3966501693475142,0.510155481433249,0.37073018652908263
98,-4.857461631293264,False,0.7704227743565516,37.17164155174096,2.0500843080027584,3.384251883016695,1.949899581748158,1.313507958343474,0.7671052334611741,1.2758675757723403,0.48609574119522214,0.32405619911590444,0.2724299301020353
99,0.23923584136550194,True,0.4230850268275367,23.103699129809186,2.316750990725506,3.220075493990676,1.8494571605198213,1.6416043885078364,0.5315923622472993,1.640566396103922,0.3223912317299895,0.5349779429448522,0.3032376959831193
100,0.20474598123245946,True,0.540133486235556,31.838336414349143,2.615562079265626,3.256443616331506,2.102842691591253,1.147231608295866,0.6815848352170911,1.314891712729976,0.36707958813172137,0.40771805571383496,0.592281944286165
101,0.34553681427734934,True,0.14529062281192276,19.077535121762605,2.4904999278079276,4.719434509572568,1.7018021453284047,1.0122705659999485,0.7429376808333321,1.3589762157111354,0.41479205061718244,0.4512637148866913,0.19506215286685982
102,0.3235898793759612,True,0.20253524237023618,19.406450602235825,2.468553563453501,4.531766348431323,1.7123622284006421,1.0057665409680117,0.7300209837392002,1.3509411607121444,0.41355457723534056,0.427961498634588,0.1854555270000916
103,0.32456579742455893,True,0.13721246044396418,19.343608761857528,2.409562032448708,4.513169047143799,1.6876952565860202,0.9947803201365261,0.7395694193532609,1.2214581363427177,0.29092383490840756,0.4311771079443556,0.18631594841493715
104,0.12746576008223762,True,0.10494309153941059,16.392515382013364,2.3896007417940797,4.361683177987275,1.623452893650645,3.436581258800712,0.8000043284030217,1.5262796256289124,0.28779032089849615,0.40728486048641427,0.15553354698817135
105,0.34722561547141895,True,0.3445911573216826,21.19808686294397,2.2488843178817643,4.695973647436712,1.5326736293758774,0.9166435056010291,0.7455511062282989,1.4652266302509869,0.3438450769513157,0.4687685175324889,0.21033908299378806
106,0.31979434762476355,True,0.33947471117465416,24.630842300457942,2.249394030965128,3.033723961483609,1.538891963245389,0.9099315441694101,0.7812955925037613,1.4756042993502394,0.3455863128893088,0.47311798067863803,0.21217336763485464
107,0.07710678799169676,True,0.22129101976906487,18.321130602031506,2.1481578784908066,4.680785835477364,1.9118216151511864,2.5772179207909924,0.8515934696063674,1.4101958140992572,0.3858635591822337,0.35492629178286106,0.2357394652574476
108,0.02781385779559515,True,0.5948097775790522,20.86333517738338,2.3005689462465395,4.951487360621327,2.020707039572128,0.7228120641775759,0.708572400996719,1.7646577805799768,0.930980609645659,0.3752739893563237,0.19848288802270614
109,0.008494392912967982,True,1.009184713197828,22.15079133614092,2.6941399282656713,4.7224399402306645,1.4236161876716371,0.7912598794398967,0.7474297664849007,1.3731667599460788,0.4465151897371121,0.46751730153150906,0.2540222543159651
110,0.25410772252292974,True,0.47602517066844363,23.471239048225744,2.2215612382596395,3.4132202799718554,1.7702868860856034,1.2382837453487192,0.6184639138385517,1.2788211175463524,0.46539254562939447,0.44583792009759293,0.1715243587341546
111,0.36604965478739276,True,0.32172947375491756,20.100817031162762,2.533606284745194,4.8330528221727835,1.4654507835558448,0.9747913092319039,0.7534966716826063,1.227872279634315,0.21908744418490453,0.4384459835958866,0.18888686680244432
112,0.22238550929158613,True,0.3378422794361905,17.147558566158118,2.532163583380753,4.881569535257489,1.4506932385463507,0.8542568458425843,0.7631536108080978,1.4254252574382047,0.3281301989259908,0.7325396584078572,0.13398827287002646
113,0.2679660561022321,True,0.4972521994639657,34.006216221569915,2.4336686017059552,5.172644063703046,1.4900861265952843,1.1576101588483731,0.7888196623507732,1.0918602029176134,0.20854868203846794,0.49136111023374474,0.217730426676781
114,0.2100832997330705,True,0.38273494767291283,35.544433704607265,2.5685346214275557,3.5944984487672405,1.2697341573669025,0.9184362701094273,0.8338097081892013,1.6410796351792294,0.03360809888831853,0.43883584125478753,0.1597127877198591
115,0.4033677423283673,True,0.23894415524702134,21.287857948075782,2.34283331860402,5.021764143803959,1.3546887966677135,1.032564305907448,0.6909566313250857,1.379242852228406,0.16048784885141315,0.4014471788157089,0.23614238636644574
116,0.29212188016088003,True,1.4351082395812824,19.840947749456674,2.353199189807997,5.255703536637556,1.123979590120168,1.0300800216336614,0.690157466258505,1.4374873600532136,0.17692702514967845,0.40666173837325337,0.2267604648002676
117,-0.9735634270659215,True,0.2206732519889547,13.946127042955125,0.7301843184446921,4.820437146884284,1.2638767746747286,0.6580628931535228,0.718226245537355,1.545502483872762,0.07603086000899487,0.4225541149508163,0.19300670805790912
118,-0.0031608775210296485,True,0.2853052150978027,25.669940640322807,2.4630463889802225,3.5152120733072327,1.342438288141124,2.4091659866696276,0.753592093307297,1.4869744161144784,0.15628764604689643,0.3971504703354881,0.17743676818474635
119,-1.3920649773102485,False,0.6865214413342575,18.68729845912581,2.3433779095443064,4.970270911677745,1.167306930226492,1.0843142721793828,0.7067961977447403,1.1238667286561357,0.10971643645923168,0.3777548324373775,0.2051836978574662
120,0.3089592601813623,True,0.9338175445218648,15.91794440261162,2.6197737547629947,5.037792772725447,1.5975096549904353,0.9606476564958087,0.8069941781632367,1.2127884731626346,0.22127265836699708,0.4804474648170388,0.1396498887663123
121,-0.16792526352217602,True,4.13135045100866,21.89379355528014,2.1212465581675968,5.352544968740796,1.311442235797825,1.174876512510751,0.6837479473304131,1.3642220299983532,0.3699636006504079,0.4569772495013014,0.2448579920752902
122,0.40477078231666086,True,4.49769152390826,20.888004495773632,2.2870533603579872,5.089166040322979,1.9776898806058159,1.043271760580234,0.6666591443170726,1.2994808282941954,0.13219883418724504,0.4143435646805245,0.28068277068472103
123,-0.013412143759769436,True,4.563425694413093,20.65378538144106,2.1850431641319807,5.537220760488026,1.9799911047282202,0.8830456901364854,0.7756360327165058,1.311022901476448,0.12816168290283947,0.43944794523595865,0.28744607453657894
124,0.41462314658595245,True,4.341649734659299,22.890226249863968,2.283816324951749,3.3151863730877826,1.935537352013432,1.110758820733902,0.7180848374642385,1.2968377579997854,0.06493000566246676,0.41440737768618846,0.22770713328469283
125,0.41057272547114143,True,4.421217712896737,22.65826697130289,2.240149435326639,3.088185360232659,1.9393181252242686,1.0959048918576442,0.6683474397771356,1.279819393688703,0.019821993992595953,0.41166777773901675,0.31829909298007675
126,0.02181562048160541,True,4.3695264766948645,22.879265050858866,2.222726362177447,2.8364095527272974,1.9369668495459782,0.7889053848223875,0.6657870168069621,1.267251629689435,0.0032037254034128285,0.41697087738686983,0.3163036543449887
127,0.1914754107624486,True,4.447082864118835,21.296346296883637,2.2912070254578745,3.0604532573188488,2.0059586870159998,1.2911844753168664,0.728156464894598,1.290794969995937,0.08467392561752501,0.3879163366019469,0.3009637822676425
128,0.015848981218890494,True,4.520664939749106,24.224968313803192,2.0568806488913065,1.7226733752504242,1.8862318594782728,1.1056255465398337,0.6992180675777314,1.1818641183312053,0.04238126600736179,0.3676143925826647,0.26656538436376237
129,0.07582969375237888,True,4.2429142632475365,20.11967563642955,2.1607244844717863,2.726428280130951,2.1807552349114405,1.2243085492460097,0.7561447735285817,1.801241446017992,0.14780015189771806,0.4006729633532661,0.2764347846067757
130,0.13484717540705965,True,4.829533248663017,22.784694799171742,2.2461246270341713,3.193504572767504,2.0728814681280974,1.3591858287721843,0.7281359376798746,1.2335861682252447,0.0628265523303464,0.4120951385098205,0.2599231697903215
131,0.3949846604370062,True,4.351835596982074,23.697569917986748,2.316068865567462,3.3268501399191743,1.9648691541934225,1.0545217343629714,0.655799721560016,1.4621099750834594,0.021374885277597004,0.46231644817234674,0.23344156905271857
132,0.4222600383468739,True,4.322853428539486,26.395056655582728,2.3125550205714025,3.3034359771211204,1.3713779315846757,0.9568321365872203,0.6718207237741136,1.4610292500561743,0.05924822786658131,0.4280476431541338,0.23753107132153925
133,0.33157055645963673,True,4.339261634223255,25.650881473699293,2.339295205480968,3.3249853551805426,1.0862498283977964,1.0504457909394984,0.6713570415495373,1.425784890271452,0.03172835577553078,0.42812904539149127,0.24435760914389792
134,0.10031480556900543,True,4.09378446790997,24.74597511217076,2.302603308851704,3.430922383867622,1.220806671722419,1.1377668764616227,0.6018119903226364,1.3386570395409414,0.09153731182876845,0.3860677030310231,0.2286177911492464
135,0.19554131922914003,True,4.221434871084576,28.22509220285485,2.4059185005657926,2.948941928319181,1.9583616281503045,0.9678018212228519,0.6294455700742916,1.567684877188264,0.05676685034648172,0.342487499869212,0.32409678948365883
136,0.261934047890909,True,4.665017590377161,26.35592263604797,1.9905778774739684,3.1477746588197473,1.990700995708882,1.0377938910608808,0.6908487576300534,1.4064709451103963,0.019162276766109876,0.41814441019259085,0.2894692219573157
137,0.3154040544975469,True,3.932966781109233,23.231089014329104,2.1101137511831984,3.3200452980048922,1.3977651541797145,1.1973144871163899,0.6646640142558365,1.0200335549853747,0.1070212020323944,0.4316350395044488,0.2380177290737877
138,0.025975627770425523,True,3.7796419853729333,30.340384408308086,2.375928643907294,3.6505455732940577,2.0280961803090727,0.8396268167459409,0.7062143525814468,1.6732877807371211,0.0630624405160196,0.40066558181877704,0.2775247408179988
139,0.29823247999623226,True,4.452875734100622,25.321536929336173,2.300926833055466,3.2508589761472764,1.917220660298965,0.9583686886542511,0.683127131230004,1.2498675310678617,0.012101232518443283,0.43777983887275,0.3510987007284626
140,-2.4694438445290006,False,4.521604839720017,29.049031597686177,2.1814702663618553,3.4714917874760265,1.3770747883896937,1.1169659552645026,0.5886810204112061,1.873298973077098,0.1710537827407485,0.46439985701710257,0.25643353812222586
141,0.23326276692055084,True,4.30188971888225,21.703921012920006,2.2700945963320542,3.06937555554946,1.8498326389170525,0.9121860780014714,0.6469211117055811,1.4594308860785148,0.0412790128801367,0.5002613479907811,0.21422773751737806
142,0.05647395115331205,True,4.594313606318403,23.938912075338845,2.216934455819043,5.125646693574748,1.3127713273092325,1.0294509090264061,0.7334428303975321,1.5110342836815678,0.0004381031828215101,0.4722065504665508,0.22654266415329616
143,0.2927246946733122,True,4.0088249563040685,20.588217702892962,2.425573339545738,3.312453520722642,1.8811668009844829,0.977521387849299,0.7147023752102615,1.4808632823362409,0.05501394709947509,0.4568163130513748,0.20767143844778888
144,0.32667378321443735,True,1.86859542688578,7.450519544185841,2.2508516984808207,3.1574220870836402,2.05870679779671,1.0718112518010268,0.778025239363928,1.3035846015719674,0.09831191162786988,0.4131124998506026,0.3087897023719203
145,0.08469857822049254,True,4.157707718989152,21.34991838110655,2.354662357563617,3.406136960149188,1.9597977825281987,0.8838555562327887,0.7634566877131661,1.3861478322196916,0.1252643181454401,0.4428530467916412,0.21933810207098042
146,0.24617370907693914,True,4.344132645831629,17.663735379845114,2.3248649653654505,3.697998367506473,1.8257712099642247,1.2439479671052096,0.6614510082082036,1.188823438779642,0.07369024381813444,0.48133580575676077,0.2611632494627986
147,0.17376186583183295,True,4.688566808998269,23.69335677977253,2.148692103152124,3.5212096128182635,2.120458869023022,1.1516301990495064,0.7418232189233677,1.3318712282418779,0.2616713161515446,0.42137636452193394,0.23832842305100557
148,0.1754875098853738,True,4.204657471812511,22.424977773169076,2.413825610931849,2.9180012465802356,1.491462257390187,0.816112337228855,0.26593617108205797,0.5885294733040917,0.16013664400944963,0.36013178069664753,0.17458532686137657
149,0.39645949216395804,True,4.429080204922399,26.95694629057146,2.2174999391373778,3.257518038860257,1.4553661694461473,0.9305567235623431,0.7961527076647595,1.5862239350836023,0.13834213710013826,0.4643756852883276,0.28545732337504093
150,0.3133575165201807,True,4.441525722565235,26.862799614912504,2.0921756498047834,3.2655100189514275,1.924269076224806,1.0086956057082197,0.786103579140243,1.566531295791138,0.135414086570066,0.3932231295738534,0.2948724535234502
151,0.3348642286820357,True,4.389553559934519,31.77297258235524,2.2174105226300935,3.38584452200867,1.4192703205374957,0.9308942561814438,0.8158233347112375,1.4544436877431177,0.12182196337258513,0.4606291266150232,0.33064018054923916
152,0.3096134068208777,True,4.776162233444648,24.709472784803836,2.3114068838824187,3.114721666435197,1.4706759429295555,1.080470028446002,0.7207954702118813,1.504554779075139,0.5543985659897551,0.431426447514494,0.2829119975358233
153,0.4201319474129993,True,4.583372476901075,19.975662920528706,2.2648716100709105,3.5537975762142047,1.5219329167431928,0.9942777660633021,0.7583457495977024,1.6041535436404168,0.49999987123651046,0.49605417633116355,0.20200733913269256
154,0.28782681362762463,True,4.546496494603261,19.84643982216721,2.460097579242099,3.5286667885689664,1.3665654057315864,1.1257963640856774,0.8006460757882283,1.6049437491311167,0.19732079994653096,0.5071478154762598,0.18972274648332813
155,0.06738847340203019,True,4.61205861955471,26.682458256579196,2.3612697764912554,3.610689265483885,1.8625567246237853,0.9784964489454444,0.4521549380534822,0.5047148908088644,0.5877467621836423,0.4872862288819759,0.24825732093091632
156,0.12760314674745488,True,4.08008770731168,28.01310741231338,2.191042872488022,3.199749712638292,2.9542986770559283,1.0456474067955706,0.7005897039423278,1.722874722622948,0.21699362911793643,0.4503651447960593,0.26783793600872313
157,0.21544003382555585,True,4.860210723820234,33.42521960746017,2.2874055410818817,3.4460266386678904,1.994884323190304,1.1749757428846932,0.7682670461055754,1.2836660052645872,0.08800101891316169,0.4427154779326982,0.19654039266300485
158,-0.11866777074364426,True,4.272380108801258,18.580225132501376,2.3932909499575,3.0174645555307915,1.7766846642987517,2.7813579356382903,0.8351299669211668,1.6603606450193507,0.49013452168736843,0.5216472599420141,0.31446590298311655
159,0.024375773091909442,True,4.406264228340139,22.473230002858404,2.2626614370253137,3.2686569879520326,2.0406903177181035,0.8735854596646999,0.6819803341658013,1.6151384696916053,0.03194850822048362,0.37853898190432744,0.16710901235453887
160,0.019927259307780033,True,4.5096289772051374,23.810509613971668,2.135002652029024,5.951201117401424,1.559789378276484,1.258823919506114,0.6387475258142588,1.9967658879373777,0.38658725640324987,0.49613207095231737,0.22949780605704817
161,0.42303588775088086,True,0.4494722554485353,20.902380744487868,2.234127884302008,3.3861696258539333,1.4471367595234976,0.9450621860798715,0.7500597774110433,1.52844825690407,0.3961606375853166,0.46551088711105426,0.21423537547130217
162,0.19312995149731316,True,0.4351873084490774,20.374264713391266,2.338914922916477,3.3735185532578615,1.3017761103259609,1.0019600184633914,0.7600051994226378,1.5212294943551614,0.4420137103504203,0.46940461804615036,0.2062894855209194
163,0.16669015039841473,True,2.498064658197314,21.761492597682718,2.185951493615674,3.751040640566902,1.454023367590967,0.7664337329640816,0.7242249227006186,1.575605864922934,0.4037259469251699,0.4254012781162032,0.220664287163454
164,0.38607888711360555,True,4.321873608941,19.02911977943801,2.233011643129813,3.554356197170813,1.3658391946064141,1.0933466260271423,0.7419518487696403,1.357822097731209,0.371486034822349,0.40777848432971053,0.2416117134012199
165,0.4721801365720667,True,4.187218962566308,19.13445231389737,2.2898959969128176,3.5249979277831547,1.3642036770392596,0.9353804188382427,0.7906604715119165,1.353045497306907,0.3741972791426559,0.404916115358694,0.23838621866201826
166,0.345978302702061,True,4.288112099194369,17.69002039857661,2.528183408015724,3.645729759040953,1.3922541244274882,0.9341792337808082,0.8705944870670527,1.3586054296285126,0.3675099220539029,0.40491924250140043,0.24783233473166671
167,0.14724770069588758,True,2.978621040222401,19.88200380626552,2.445455794539692,3.5875450199083563,1.4197814524606316,0.8616394332362434,0.7941787901792714,1.4126554519504089,0.2988538761524796,0.41574797768051297,0.25931940866834596
168,0.2857361312545905,True,4.066865068280106,19.045490463113058,2.2878716124791745,3.539394154209943,1.3236266854634362,1.0748791967252318,0.7008492708324613,1.2446249365496125,0.32488741638082475,0.39169067101573446,0.23250797126651424
169,-2.2043489914383243,False,4.352203134123119,16.472004678099275,2.3615814730019564,5.331089986227525,1.2018327580028991,3.31290431252942,0.747464050250328,1.329945896258803,0.38289237682327854,0.4071757711848232,0.24152474304268778
170,0.36801771160125113,True,0.5502699111241982,23.059325184065102,2.391804918743317,3.807179799673023,1.3667087727241782,0.9677875991033867,0.714372223567901,1.4188263841097324,0.4327356994861623,0.43110453923754166,0.2812249018734582
171,0.3399263826704141,True,0.47782053632713106,23.013935322917444,2.312584482766066,3.7876216109440675,1.382356846073861,0.9688120387073778,0.7135281339503399,1.386693777185375,0.42865709594526874,0.4319988010175355,0.27887268398956455
172,0.5517403419212762,True,0.5994625677045233,1.3467457339986986,2.397245950181063,3.506824288498705,1.3527506937955731,1.0256931033182721,0.6733154058242673,1.442320946422146,0.34529908882435195,0.420456831069246,0.26720514273396484
173,0.2939211988185309,True,0.5575361100689811,4.0501531945663025,2.397296967808654,3.4469013523357,1.3439728894874379,1.0647736067436697,0.6602726910588679,1.4454967046138636,0.35672487705535905,0.4214953293545993,0.2676846242928731
174,0.31240084377232696,True,0.6537984067914199,24.928640732234744,2.240361014305549,3.8600987861089364,1.2329244095790979,1.0223711728469076,0.6839807337352299,1.3966479337125357,0.4005918743905412,0.4494908518324979,0.2569440642701015
175,-0.4306613744276076,True,4.157831998042727,8.450792564303086,1.143378891458708,3.6974508615314825,1.5084464566407791,1.1361248879755232,0.6732514183415521,1.5441227288204047,0.43206238682087206,0.401603238067047,0.29968099016745336
176,0.41939328881715404,True,4.43471376182567,26.244584447678115,2.3442827131568547,3.518914928826879,1.34642240156907,0.889369962446431,0.696011907474093,1.4326031872084686,0.3738953052128323,0.41246686740281313,0.2824516733490352
177,-0.061954492132294384,True,4.502205490770857,25.81826715112758,2.2806091423653716,3.3562401056414135,1.3018074108865005,0.7998498222965569,0.622895923834352,1.3561113298917489,0.3321702223296656,0.3807758901773629,0.21973274953237412
178,0.11501727898803582,True,4.711525572156509,27.125756018027015,2.338625047348151,3.52875262695107,1.283559192158515,0.8927442264738528,0.6505503707410455,1.4859220934677022,0.37192238093301483,0.41085766218173486,0.24155468973425906
179,0.04379020271462335,True,4.383048473293827,25.229574556560035,2.211492286802178,3.191127423538088,1.3557416453206181,0.7462541057849503,0.3927732616175731,1.2958780404361931,0.34151479832746945,0.3886115672972682,0.6113884327027317
180,0.0847649285699387,True,4.169651331450134,30.021891709321658,2.452465463606779,3.462415560645189,1.426321977025324,1.1853209336780326,0.6988768327037741,1.4494315808010156,0.018983385613394452,0.4157641684003104,0.2911783606032833
181,0.23470763636196748,True,0.23846946401011748,23.923665707085586,2.386158512577564,3.5597479871649487,1.2428330844204365,0.922996366229833,0.7304669578358319,1.4273067835478592,0.38368804604116086,0.428786207882652,0.2747189848289636
182,0.47391335549499436,True,4.256706193935498,1.6909811870780023,2.320206716348504,3.402698187353134,1.3584054343569971,1.008445990391758,0.7188202138356462,1.3521834953466303,0.4178279169568242,0.40420819063481306,0.2849954717063258
183,0.30529383436103574,True,4.231380178244837,1.4842206578585024,2.2674847037984676,3.281480871371109,1.3995966155348187,1.0979163638926062,0.6882265840715474,1.3627338075587796,0.4092017687312402,0.40188817424737017,0.25666859971142975
184,0.192955327285598,True,4.4494125560634945,2.83202057192152,2.3128352951118853,3.406707310326927,1.450459453088896,1.9955108015293248,0.511693668760847,1.2966604225976748,0.3603083457991972,0.3946932762448577,0.31428830871447666
185,0.20837965946888531,True,4.319058372485879,2.535021618724752,2.346918328037249,3.1386694704549227,1.3584691286429036,1.0195489472888557,0.2193873326717246,0.833176309879762,0.30857518430708875,0.3679171274090974,0.23216841425029222
186,0.1453370097560848,True,4.278794442757456,5.6985235407536425,2.169889638183093,3.476098368864964,1.3198399347205354,0.8451685135390463,0.6714920222034224,1.3367514219911154,0.4549294275793079,0.4086381394339238,0.2101630427219632
187,0.30406584635960066,True,4.649766588106805,35.14925878620139,2.2392321651170626,3.2937703814861816,1.5123348124117386,1.0830811592607303,0.7370841353635583,1.5165865220351908,0.3931963403322533,0.4457744418476262,0.2663630429344538
188,-0.03354531984973587,True,4.437879596356674,2.430063233713163,2.4278781229105504,2.3303213520742947,1.958503026511835,1.8639998950475203,0.7062821210491329,1.3852673851963866,0.054620538699420226,0.38374862054551756,0.2901730194738051
189,0.37912410827126414,True,3.9577827006759683,29.309808098413136,2.30439805250493,3.64228980719991,1.4541746136591167,0.933436058888332,0.7722926141325206,1.266297962552468,0.3453551391059422,0.45876244575440395,0.24874967315328148
190,0.06512330447781078,True,3.9414298181349525,28.768782406557623,2.2919094498782417,3.6801335795916867,2.6548006038820056,0.9209422326609903,0.8159961724430204,1.2541935685184533,0.3503339890021761,0.4562900470964852,0.247876330631746
191,0.4379529866000496,True,4.0974632506347035,32.47892772816243,2.2365947606529204,3.610248597350116,1.4558942327782354,1.0150099030615911,0.7727271082510729,1.3258711933496659,0.3739743725921159,0.477253464975369,0.2222892242895105
192,0.46542727237738163,True,4.1672593001713345,4.281552504466242,2.2310827058824927,3.5951638750911754,1.4726697885259923,1.0042452010081555,0.7742750137885318,1.3149155897336686,0.3575082523276617,0.48442282113832347,0.22218147025765717
193,0.4807522068963694,True,4.124150543680371,10.795469045259047,2.2186684065481415,3.5763735034882362,1.4027409131731454,1.0192812939404896,0.7930885425130878,1.3125371306562648,0.36702189596513274,0.4781098238277382,0.22216074131965693
194,0.37487435105731637,True,4.07713712745738,4.234725542374658,2.1774188361922935,3.458929869527597,1.4934550080450741,1.0017444364668877,0.7891735578868179,1.32066250170396,0.31085629266610065,0.48129261467497514,0.22083600270438186
195,0.29582472030498574,True,4.140563989230153,10.654062673758446,2.1029401412005915,3.7510606348376574,1.4032275518274373,1.0186020903769923,0.8427041645652619,1.4047222863433146,0.36493104538146603,0.4986968813201971,0.20472907969905893
196,0.21672229870375825,True,4.214736607494071,1.1160768539598633,2.2522704986549185,3.225846119530787,1.569031089682782,0.841742800259305,0.8003805866860575,1.2987565572960293,0.32824852578501934,0.5090615417124191,0.2773043171669345
197,-0.33622537154628934,True,4.00014150288915,5.185326855525734,1.469260396535538,3.952155192823568,1.2786167733250826,0.9672811737713073,0.8140913181246431,1.2139445757734115,0.38296915605379495,0.4817928079702368,0.22738850823865175
198,0.1524973299831876,True,4.176366075287879,7.455647330244329,2.14985652659342,3.362325399101315,1.4462448574116842,2.070002618047367,0.6397561252246117,1.3230513152325216,0.41081186300227873,0.47100643270150533,0.21430094551486098
199,0.1397746817790642,False,4.581258412731758,3.3664635739246833,2.34320051506807,3.609738172613694,1.9102675623403176,1.0275043342102292,0.6908533982040059,1.4636764017518644,0.07192495146211432,0.4856972568210401,0.2994420465854043
200,0.322094116831097,True,4.360997329987934,1.0077956474536676,2.2106660838558394,3.485047805215371,1.4025159775789138,0.8981989482719709,0.7696370957772981,1.371652698690859,0.044623614340762535,0.4952930250652366,0.22961499415942876
201,0.26322981315075705,True,4.371362738829378,12.098145263655685,2.254953086117995,3.597455731557517,1.3202244180337521,1.1123571199551732,0.7267043668651516,1.3434982093865377,0.37106291155461063,0.41978179652091296,0.2619074708686189
202,0.3660749465593339,True,4.290087583404773,1.8926547692401339,2.2146804110383975,3.351311225962268,1.3562145421896896,1.0604708217940326,0.7592503495200825,1.2771359667844604,0.3571549990648788,0.46506495928664626,0.43677748308729336
203,0.2223853161900217,True,4.064165589292959,21.427628907725563,2.295409121303429,3.530424672439613,1.4817080781841898,1.1377920618075676,0.7802415539334359,1.3586078613251122,0.3776328686277488,0.4058601200088745,0.23735825286357376
204,0.41393668912933146,True,4.478553559359801,31.158733348776057,2.3344263279028667,3.436551559295749,1.3817811827020143,0.9869839837880422,0.7422306262278385,1.4154870427594244,0.33682553602494714,0.528593028010703,0.20416171132105604
205,0.3106283379008865,True,4.497311399633028,31.17769140781202,2.359979327298282,3.290811317878199,1.53275692255854,0.971817668587535,0.6610154822701161,1.4195501842621698,0.3364306761926565,0.5528167049225168,0.1984939291500489
206,0.22924950788912293,True,4.434979652619671,32.24149350101206,2.3197733201992814,3.094749371472993,1.4305769822226269,0.8895628442314161,0.7148035315052759,1.4678045669301165,0.1049765179532851,0.5266041752588089,0.21460025448117542
207,0.4041513068067134,True,3.8723632368604157,33.01476443727061,2.3907124956093098,3.4167388102541674,1.964211127295856,1.012346951051641,0.6732107522467525,1.4003627669218481,0.40612121168404375,0.5662751155605936,0.18419559888643847
208,0.42402001295820013,True,4.146396624206007,33.5497593319372,2.4084052046586955,3.6909270994352843,1.9650825956529032,1.0315113847523547,0.6838868892318078,1.4049870610037807,0.026203206421903907,0.5599268267459641,0.1764602598292849
209,0.36819557853745266,True,3.878307420655015,33.587956957102435,2.4161816446765476,3.7078151236257506,1.969111999969131,1.0199750431168157,0.6733836249720322,1.4245565624041163,0.02916034840730436,0.5582550998882527,0.16297830283128906
210,0.30319444418800323,True,4.106863228458464,32.721031568761354,2.2649154271663074,3.220008602907072,1.3948480807641075,0.9554725606436876,0.6538978706338628,1.5060202732745323,0.014045221505216485,0.5775415443353805,0.18673896761033415
211,0.35980667535126104,True,3.7170414203143967,34.393524152747474,2.3414828324349526,3.440264243009353,2.0029396115225304,1.050486023892568,0.687770572588212,1.4021847989889415,0.0048272209430365795,0.6237830000687042,0.1827627279890164
212,0.35670692729657205,True,4.214010355223459,31.623413653317584,2.3838769763816985,3.5980705497741288,1.9269750097058345,1.1774737832150002,0.7942845722781328,1.3160683345329205,0.14431650510787208,0.595548946176191,0.20171520118764447
213,0.2134914401846021,True,4.6007571794135895,26.41639999047528,2.2913698247327288,3.4141355702513065,2.057205832573954,0.9420988133697072,0.7561373144815378,1.476505349585985,0.3949477992206185,0.532542816190035,0.17693556730800591
214,0.3530376995105905,True,4.022795560164314,30.86977742720068,2.1885526516699136,3.5176775841285024,2.008465617065395,1.0532817974134183,0.6709558416785166,1.3820547863489578,0.03990052761914381,0.5146334162357514,0.20432684758425163
215,0.2526177826775064,True,4.251728286493561,3.8368539780985906,2.4603158033590313,3.6621103831973647,1.9617175541960983,1.1278682732864247,0.6271665755108742,1.3392892002578662,0.07652236250023503,0.5388232164434474,0.21820001748482415
216,0.3980123551633853,True,4.458689404133596,33.47983933274357,2.33270403874252,3.357579609205825,1.3359886986995253,1.0043337673292085,0.7025765099085699,1.4342654984667584,0.34728108186371665,0.5868130496840864,0.222765701264665
217,-0.08174220195466499,True,4.496830987196398,33.40853653947036,2.3329072523841274,3.3266594596193104,1.2606568912237188,0.875550079283288,0.7066848024137065,1.5430314371654215,0.3511294529449793,0.6013409632516309,0.22630835073870914
218,0.4365289905312,True,4.409985556069434,35.43259055640833,2.2312288053696085,3.223721661789343,1.3619231107724041,0.9927159752459209,0.726884877323664,1.4349635077324454,0.3298655562436737,0.5206548180900946,0.47934518190990544
219,-0.05517331865080914,True,4.442657385929255,35.68515567066254,2.1432535047199957,3.214459674701992,1.313118611277758,0.976315223037315,0.73390388308811,1.4336702114532147,0.3209980870012719,0.5276496391223253,0.4723503608776748
220,-0.5331554160751732,True,4.738689234344464,34.52770042468158,2.2399128379995847,1.5888017182462149,1.3425954797615391,0.8086207975394071,0.7245107172893979,1.401297987994736,0.2708222073538481,0.5103278630208087,0.4896721369791913
221,0.4260333484383268,True,4.308055591162085,32.65219324483278,2.2762038072895368,3.4142476514012823,1.394492679041118,1.0010871450792833,0.6903097339874842,1.4800110086563119,0.34578492425208646,0.5370354236003795,0.46296457639962063
222,0.4566112867468706,True,4.13825923506401,32.80786330165813,2.206902609700476,3.435918172854802,1.3788432843084653,0.9987511111563131,0.7003229130452079,1.495185155518084,0.30696302293604244,0.5569793970437527,0.4430206029562474
223,0.531678116478366,True,4.143804771847776,32.6739055613205,2.2599937592475774,3.48889704821372,1.3784504115664833,1.0059498429971239,0.6964163165199596,1.5024168951168004,0.3049101359232471,0.5150370672255603,0.4849629327744397
224,0.4391276198321576,True,4.096658870134162,35.01071228600393,2.2789279647369964,3.484207371272642,1.3887342613280862,0.9996577623742822,0.6911658586614241,1.5181921463188364,0.2934828321162902,0.5212942209863297,0.47870577901367034
225,0.3437325476952587,True,4.132145143316865,36.5580124972959,2.2580824090076197,3.4757994116116064,1.4094535495261526,0.9846565229962713,0.6822213666565339,1.508885551095021,0.3095342538760544,0.518539230280786,0.48146076971921403
226,0.41149465563583304,True,3.9448979137008857,32.82557118563271,2.1796445189232094,3.4497010329583806,1.371464314768364,0.9262808972446684,0.7239348146844025,1.5296873123319403,0.2865360874717671,0.5030022714592756,0.4969977285407243
227,0.2628612013320385,True,4.016383260500006,32.33242853148552,2.0715418447692295,3.5539185276802487,1.385020434275797,0.9031743538993734,0.743902470080066,1.5648395972350686,0.29143264342752784,0.4980260284684955,0.5019739715315047
228,0.09911288683691402,True,4.147717097596218,34.41606380656544,2.1808157370273666,3.7594085483776305,1.4412554189626907,0.8592986761991394,0.7191325517183634,1.5188245090319028,0.26380570632392014,0.5584500516175513,0.4415499483824487
229,0.12485875065585322,True,3.9702874826610643,30.956442919895785,2.202236054102161,3.4586968779277965,1.2727232451134802,0.921043432250961,0.7038354901112608,1.4870288452410796,0.32388579985567795,0.5448795942010733,0.45512040579892676
230,0.2197549616197217,True,4.209244051941027,35.189682092361615,2.123268174377524,3.6529256708965945,1.3833138380469938,1.1085955368663245,0.7334927655102564,1.5375620199722293,0.2915748534609405,0.5038954838211271,0.4961045161788728
231,0.2559329804460409,True,3.895488161217158,33.47527412254644,2.270345351315601,3.409572035368443,1.332950859556593,0.9841263897096543,0.6807266603732222,1.4785094802187564,0.2991027660674083,0.4979671448876174,0.5020328551123826
232,0.2828153141808849,True,4.079186890293603,32.004702364249354,2.2768114106710544,3.50217749643065,1.4228094372210598,1.0345311290773351,0.6950245428881163,1.4572066099327121,0.3186976921071875,0.5300004198494178,0.4699995801505821
233,0.3433042314038671,True,3.7637918090912055,33.12528983944271,2.230315628338262,3.41797430319781,1.468690420519001,0.9538162985117137,0.7193896221413495,1.5426231590890227,0.3330999289298353,0.5016593928515527,0.49834060714844725
234,0.351575667507965,True,4.27003061560123,32.7014527577669,2.2853145355760867,3.559153665300662,1.3774827338546904,1.0757864012140892,0.7532247659046767,1.4969810352942612,0.28228755838683184,0.5384616796401414,0.46153832035985864
235,0.17020665602070506,True,3.836005603751689,35.144422870535536,2.181145880920246,3.381667534552181,1.2986409157199508,0.9925698667603562,0.6705403710518971,1.4346637262264925,0.34025543850258133,0.5858868100175962,0.41411318998240376
236,0.2788595635431938,True,4.162160593322262,34.12514058309359,2.223981787836065,3.6188009669606953,1.4235353367455745,0.9255715026936044,0.7729482596928442,1.6024663018085104,0.244020621586929,0.5045153978614035,0.49548460213859646
237,0.4129199877423423,True,4.086885214087903,31.97180077663362,2.2946278627112062,3.308255576474433,1.3643663470456082,1.0349983077785552,0.6946833601564838,1.378095970678229,0.3606464293219177,0.5374594339886816,0.46254056601131843
238,0.37237936241023145,True,4.060983791365023,31.808579981966727,2.2862851652061584,3.165471070887531,1.3666277092277226,1.097418467690841,0.698874184373012,1.2812715593671318,0.3611039159821562,0.5451747352277889,0.45482526477221114
239,-3.110099220092655,False,4.269890076672353,32.15013417849836,2.1724123061929927,3.2641902738577024,1.492033472631442,1.162445581643919,0.7163285555234056,1.3564117342109854,0.3082753373784336,0.5332808453194482,0.4667191546805517
240,0.274243619748231,True,4.181732459542947,30.718452798034754,2.241939779191933,3.5028471225580695,1.3233374997417888,1.0499546878350532,0.740991646728759,1.4502974042912917,0.34432953175561054,0.5054918500555325,0.4945081499444674
241,0.49638271302699544,True,3.944962234121847,33.49567281999806,2.309780757428216,3.3355752976224866,1.3872742810023133,1.0046139677364714,0.6778373631504204,1.394408147282611,0.3736110550174457,0.5091424203942295,0.49085757960577053
242,0.3504972866163396,True,3.5315501690399578,34.096593542265055,2.3090576330899535,3.2992317317420334,1.3911216604209842,0.9581626886460441,0.691457992574879,1.3741526322064523,0.3752629746260031,0.5251530508031849,0.474846949196815
243,0.3812307362363236,True,3.9496623771580532,36.050058616509645,2.258577565505057,3.037065846141423,1.4302606569624412,1.0165855637561971,0.709511412988825,1.309781665683265,0.33210073678531554,0.5104640887233675,0.48953591127663243
244,0.41612057279321407,True,4.031395865483126,32.755399137133466,2.3152432767673203,3.357646705464021,1.3467785264722432,0.9064626659123917,0.6533457637663498,1.4070042628197066,0.36598411254966595,0.5816569569272084,0.40045057466192097
245,0.24006571132516663,True,4.0288617591461255,32.43008234247918,2.358255432351234,3.5101025352611424,1.3503736936291182,0.8344224484972764,0.7272433733734435,1.4145771689953646,0.36264961934264234,0.5331390603490741,0.4668609396509259
246,-0.05883077685484186,True,4.1174164817179655,30.30304908335411,1.817219043231718,3.3476113431950187,1.2802472065537727,0.9155405180359109,0.6465823134110731,1.486558630697047,0.38767847074785877,0.5079918455817265,0.49200815441827356
247,0.22518227611645,True,4.328695259584322,33.764651766997886,2.3163787191006358,3.6622311859654166,1.37696656406354,0.8695532968391073,0.6917487169703401,1.3828750364764584,0.3610257047918745,0.568792739096484,0.43120726090351613
248,0.2707176132351704,True,4.035986720698538,34.788523981924634,2.215560649786625,3.438472704114873,1.331182881995058,0.9404006407374104,0.7664063940783976,1.4517593649784473,0.32154504513090604,0.503449023899484,0.49655097610051596
249,0.3418110271706173,True,4.191137987435778,31.372681987003755,2.142429595157866,3.1945580741643487,1.4633738547538073,0.9916483005606076,0.6836793514847556,1.528538738074536,0.37904734077075175,0.5088236934267454,0.49117630657325473
250,0.22754864210610157,True,3.2514085993927866,32.9838088219402,2.3679984984823927,3.8062540239927927,1.4140568265377538,1.0926441026518607,0.7459382154878642,1.5701537696371493,0.3436507376282351,0.583615067194727,0.3965663326517642
251,-0.017380980070972708,True,3.945963052719529,37.109235012071025,2.2784690772992096,3.5522318643285784,1.2878668842427745,0.8803380196331629,0.6598923573266056,1.3485737305952699,0.3933179890090033,0.5689468762537983,0.40977584712678256
252,0.009739119956542211,True,4.091362874273926,35.65413554171113,2.2298838703317063,3.295634827269713,1.2325686299752174,0.8117452033108346,0.7087643081814526,1.422927545691022,0.3623693666406903,0.518559393111056,0.48144060688894397
253,0.3001029507285585,True,4.253775626969227,31.754451152496983,2.3274209820395573,3.7150879360247155,1.3561645324102052,0.9773533355187581,0.72519816587466,1.4969430298246678,0.302521559223937,0.5346650336957399,0.46533496630426013
254,0.28172427207318906,True,4.343395470074027,29.891888362905046,2.4234985846055763,3.3932087453879527,1.5060209919415992,1.0567633078475396,0.7602425723605821,1.3979877158888259,0.33164551371643886,0.5190009112752003,0.4809990887247998
255,0.366239197955793,True,4.144226815661094,33.437175446783236,2.195431102579227,3.6116300841261237,1.3953031228542108,0.9103830201962877,0.6967090728997312,1.4513308172014316,0.3737306347157043,0.5469561265542439,0.45304387344575614
256,0.050385692762744134,True,1.4996140043015591,34.17868704554834,2.313603534900139,3.141090198245604,1.4301867997545399,0.715245500820973,0.7306082001552711,1.3327373184714884,0.3510869756828436,0.4987493383244723,0.5012506616755276
257,0.09050070185534806,True,4.256864192530199,14.479641736325789,2.262928347690335,3.4655490658529753,1.3198341229185753,1.7317100866449695,0.7786668774375605,1.3833299352557427,0.42126906374948914,0.5453092043210278,0.4546907956789723
258,0.2668577060134163,True,3.999625590815089,4.928383026994364,2.3845730132459346,3.290262833578202,1.4542500808685879,1.1204571228658062,0.6714072888725625,1.2586492076229499,0.31542178419565103,0.5147162397051009,0.48528376029489906
259,0.4794036897231999,True,4.107052716193292,32.72523861961806,2.1556843603166382,3.5513730122719602,1.3720610936723454,1.027609350831732,0.7140367027581263,1.4826143969065424,0.3439748165490836,0.5007325309187427,0.49926746908125724
260,0.4308379827641934,True,3.84109844283938,31.779994587156917,2.0632644750938405,3.5853218372982782,1.3573879237737023,1.0047488239210436,0.6835415622837339,1.5187768113939908,0.2928349699060096,0.5045032734918345,0.4954967265081654
261,0.2605414677622636,True,3.8136912627424224,6.814877260889147,2.077044623218637,3.690171747513578,1.3666936982574382,0.9580510662165604,0.7070934008178795,1.5490514181708934,0.2902542343739588,0.5027976103336087,0.49720238966639135
262,0.17446123555449733,True,3.8843359178154646,31.497872600397045,2.113107223408719,3.5542736266789676,1.3036641042788388,1.0255233629399185,0.6849829674146535,1.4834570020666586,0.2644891478938222,0.50151113662516,0.49848886337484005
263,0.27175817232742744,True,3.982204380074888,32.973409467726604,2.1612822741970863,3.7664854080526906,1.3982608968338437,0.9245028190049055,0.7160040189999183,1.6435301992408962,0.33108924787975547,0.4638458123960105,0.5361541876039895
264,0.0786362732814622,True,4.1044406785596035,30.875020339053968,2.147224604845033,3.596007709878294,1.345600347921561,0.8633672231419109,0.7000772120648141,1.596745546833767,0.3044442097105169,0.5066799842451059,0.49332001575489415
265,0.2312190427094565,False,4.070124642101368,2.2265147204483773,2.1981206635377153,3.495718490263906,1.1926942141921906,1.011418428501407,0.6496032989822371,1.5250825736729101,0.3481957893220273,0.4829192736757862,0.5170807263242138
266,0.0006825018593226706,True,4.20184866780698,29.893018191484053,2.1145241781848063,3.3998750372935596,1.2590786822593383,0.9662507427822039,0.682148570081111,1.487023278434989,0.6293109775817654,0.5539614315306114,0.4276632120636646
267,0.18930234978596266,True,3.929426348307325,9.563752430303568,2.2307696926075122,3.887967175448781,1.4712598126894076,0.7946936993693228,0.7384125645707309,1.4353344129588295,0.2739118285915873,0.5087044715592697,0.49129552844073016
268,0.21482149434143513,True,4.1362149931747965,32.538829266164825,2.0068376794563845,3.674582829070913,1.403591144611732,1.0464797727903208,0.7191216885307663,1.5723672350263025,0.322341884134229,0.5521979956340809,0.44780200436591916
269,0.07256941737998997,True,4.025844674313104,32.144003779054735,2.047633256496782,3.54664478503639,1.3418030962151597,0.8840249738582601,0.6925472044697957,1.5105952252701216,0.37379098676417466,0.5014022341847785,0.49859776581522147
270,0.32177383016680045,True,3.6786220966398653,28.850058891984432,2.3371287691948237,3.4908417101472957,1.5245517358142453,0.9861722217793285,0.6647410595248242,1.4622679291284508,0.28930267809182086,0.49765917314414215,0.5023408268558579
271,0.2781893477018324,True,4.321814882290968,13.034482565564423,2.2890869823062148,3.398571239217844,1.4266650521147264,0.9219780167392472,0.738738126850486,1.4267318116221224,0.3979132086490531,0.5000863053095741,0.49991369469042585
272,0.3647255666768587,True,4.250275433656389,27.835318116247553,2.176189708361465,3.639655236833873,1.3703957686163477,1.0604086041132208,0.7185599947746724,1.5016092047378855,0.35419472686820197,0.5220548225855226,0.4779451774144775
273,0.16936236564822665,True,2.006281574887441,33.485788179331024,2.3989732707619384,3.319116413996506,1.305867673409182,0.9985896615006902,0.7559525210831896,1.559014861049097,0.3369609983589317,0.5337238460011337,0.4662761539988664
274,0.18389233727940998,True,3.829037937552057,31.647841725166415,1.9332792117183228,3.477027594990887,1.4637021731995987,0.8533249025641674,0.788095830904829,1.463895925807056,0.3824027462454411,0.515178745084453,0.48482125491554695
275,0.42569357281739756,True,4.1431248551328625,34.75261638632872,2.2486063295140335,3.5950561410699207,1.3783751929627068,0.9413219564550551,0.7000088813470181,1.3977300195864721,0.24055871780963792,0.5620679687639792,0.4379320312360208
276,0.2494663506098493,True,4.181441091982318,35.45899145078587,2.2556438601059248,3.809873667958178,1.4254547628497056,1.0681678640358248,0.6790462448239196,1.3897091434351758,0.40705839550992495,0.5762018006929709,0.42379819930702917
277,-0.047386645431986923,True,4.367417038024859,34.14407310791127,2.3213124418689963,3.6099263398725743,1.2925599855114978,1.1482390233862638,0.6414598639560684,1.4089464519035704,0.247505561459054,0.49516707511489116,0.4683379378918967
278,-0.13830784383583944,True,4.109805101409656,36.187312154179025,2.3633674863884573,3.7146725651595864,1.2432089772169472,2.4004752151235254,0.6997534024490912,1.3662711227641937,0.3139626809615059,0.5646974784283438,0.4353025215716562
279,0.12113112409210183,True,4.233107168905055,35.044121096651786,1.6836450550459556,3.5760443606485945,1.3411346628600647,0.9982958016733571,0.8202549577016264,1.4199170875322327,0.35801960608498307,0.4967105751077003,0.5032894248922998
280,-0.21398726577048968,True,4.326257868102851,30.508705736703376,1.317310022146542,3.230196842016732,1.3969316072681799,0.9650149453851268,0.6572471132613157,1.3425519668113066,0.34303030860462214,0.5802512565484484,0.4197487434515515
281,0.3433702567142277,True,4.042401901349237,3.0828618356867197,2.290531842718084,3.3640067954112043,1.4591996827704923,1.0380396747769258,0.6859613187329211,1.458345634732404,0.38100715847229544,0.48504633652753054,0.455462848573248
282,0.19314581510455825,True,4.166790997380783,34.57727805194112,2.233333196632955,3.5274274667515346,1.5337902706025022,1.1921479533923347,0.7073758393047245,1.381076044486645,0.3206178643096571,0.5474091065231628,0.4525908934768371
283,0.07712450784035407,False,4.380874899873411,2.028861953343826,2.424498191934031,3.740886793536671,1.3348166863761106,1.1097812021823508,0.6789730784369884,1.4291547047904354,0.5006689715729639,0.5725486160213807,0.42745138397861926
284,0.3636112582554731,True,4.242764083168685,32.26958307362796,2.3627121489538125,3.6245288696115265,1.3961711174444837,0.9273664965112949,0.701291542452953,1.3281001223789348,0.39698830518689854,0.5497256190976162,0.45027438090238375
285,-0.12664924336703284,True,4.09629200118666,33.64110908420153,2.271907770039256,3.87866722654713,1.286924718265365,0.8452752986979353,0.7679538585072961,1.4769566759721864,0.36281557307455076,0.5346448414841668,0.19499675230421826
286,0.417190179923975,True,4.54733438130327,36.71075222456007,2.3171904253918147,3.426894760806966,1.4967397060968524,1.0252316979637892,0.7442793964261798,1.3983335524525908,0.338532051934337,0.5006441512783293,0.41986689443280834
287,0.29784085765494694,True,4.5899470993825116,37.19982659552392,2.2043525334844007,3.429677516801621,1.5074557084734972,0.9568966625415198,0.7484613861121515,1.43766141764171,0.338153898424804,0.6347799088596192,0.3652200911403809
288,0.04571604700420293,True,4.544816238875545,36.65054131095666,2.354817007795684,3.539216200509734,1.5640646552012294,2.2473782532164335,0.8000619467686501,1.5125353175732092,0.3076521019470137,0.49097529741739904,0.4346628502221229
289,0.31724690605618705,True,4.437979257764813,36.14522270631943,2.4721575767393102,3.6880189630011233,1.4826698625425547,0.8925855640346607,0.7746683757432271,1.3996872234388285,0.3272671364414543,0.49946169218745246,0.4083410999394935
290,0.14200553759758103,True,4.64730561081424,37.605808302659725,2.2440130077609086,3.4533169182363457,1.423991806656626,0.7583670703211985,0.7313217935845541,1.3109008108193405,0.4185294498456039,0.47804751975899706,0.4238721980216589
291,0.30483871561901077,True,4.315051655569128,1.050816998627591,2.334291235409638,3.3685931418960244,1.4454915146140326,1.077135771611234,0.7571909729897487,1.4740806083842817,0.2570182402031965,0.5151068122923789,0.20949320199524307
292,0.44024173087555346,True,4.529140719073116,34.99836260163884,2.4149552499397475,3.5876384006933777,1.3842851830628446,1.0061072110599414,0.7347942852704077,1.3534842185890863,0.4630968642584503,0.4343232019601342,0.5656767980398659
293,0.13300349680178386,True,4.210602131964601,34.9705582343245,2.4493137988860085,3.6197734387445717,0.8535351097164731,1.0325678125842106,0.7194735677275814,1.350353125742193,0.49611488762095524,0.4436391732081293,0.5563608267918707
294,0.02091792009069638,True,4.5525823898199445,35.93702118377659,2.3945161521983978,3.7424337351728516,2.371626056791521,1.1368444524661934,0.6611594718171264,1.6068819426798002,0.4734313447188447,0.6536157671476703,0.3463842328523297
295,0.28126036275487304,True,1.7634830439042697,9.330398262074429,2.1480400533902584,3.5565759433320783,1.4718687425900348,0.9609058890429005,0.7788924515041229,1.3182933017927718,0.44359870568265436,0.43976889857503204,0.5602311014249679
296,0.02671210179377123,True,4.394911757390034,39.16627375678772,2.2306556943115567,3.2411417782891574,1.3288757760351593,0.8106851484363451,0.7339368876338848,1.282788942795852,0.42542022124030093,0.43960422064607135,0.5603957793539287
297,-0.41168359909807173,True,3.97459387982218,11.233971114529847,0.8479385056700558,3.5190701148837324,1.5959869214848819,0.8954317075336543,0.7097891970967396,1.5436507133810298,0.4603331772715694,0.4818607876562256,0.5181392123437745
298,0.2846721049414372,True,4.294509444509277,34.482398337345536,2.293737048063122,3.8343736939440682,1.1359111515973952,1.0904121158736675,0.6734173923771897,1.3747892671094504,0.4733687348510983,0.3933424869677504,0.6066575130322496
299,0.3193251342878164,True,2.869222710183334,35.42715400961189,2.418107210925103,3.656606027430184,1.4059186318547112,1.031116222096466,0.637690924383955,1.446064819883206,0.3978881254851043,0.4602345060113488,0.5397654939886511
300,0.4217464840949746,True,2.2719112637054177,33.74707224722688,2.194618648243927,3.361409696497532,1.4998299919770892,0.9950363309176823,0.7517058035500789,1.3534026061315096,0.37528441144721886,0.5095005246681003,0.46446839050312866
301,0.3194532393588754,True,2.1533484303382147,34.0868598800285,2.086106262783181,3.4758201412246277,1.5341293337988189,0.9395086008312182,0.755876993369813,1.3540784983998095,0.5152724823952605,0.520720800350066,0.47927919964993415
302,0.409104013634465,True,4.155993243124724,15.826012307774537,2.1752964471842833,3.5837431195311575,1.4904818961405386,0.9941028034440443,0.8129311148338418,1.4040813045837912,0.37912261703165034,0.5036578347565428,0.471969189685103
303,-2.5232695359811537,False,2.7577269412733014,38.239914053489436,2.2141626726192154,3.378542693922301,1.4482956155422866,0.8998607220248513,0.7887297323754465,1.683594259881771,0.5466633542056749,0.5136586253755581,0.4482694717412884
304,0.21282306678515925,True,3.0431035941519546,33.28681306292994,2.1188912658754244,3.750077437979089,1.5536263850579868,0.999773241562449,0.7587282275038543,1.5036772928612752,0.3869103768725441,0.5304371231219862,0.36935841034776945
305,0.264458886832954,True,4.785434687939934,35.27913951663535,2.196534331885064,3.500221354795294,1.3640593548955346,0.8386883047082274,0.7388103960748916,1.4571819011267475,0.41320286950501717,0.4949916230706537,0.4562603936315051
306,0.37672850386230855,True,3.8637046357062625,36.421262080770575,2.2578931386164367,3.2472701016117225,1.4071862807072584,0.9441370010262135,0.6904623044222085,1.3982920035980344,0.22895755223407271,0.5544266018706454,0.443971243693213
307,0.22701095897277931,True,4.023598292835479,33.1853002381089,2.4971061804461754,3.6556507957772824,1.3120700749720045,1.0172672809862846,0.7832064525185644,1.575271617889125,0.3697797597816912,0.4901288269076383,0.4681830090918017
308,0.30334380578031017,True,2.5819924554977485,25.890981681480408,2.3181189414980454,3.401018972773053,1.5058258062022707,1.076921623477372,0.6574048122750608,1.3530086285993828,0.3525350335921265,0.5261257005316022,0.47387429946839776
309,0.1662999172266307,True,3.4523317540237923,34.62891074361656,2.151052084909092,3.560921685312834,1.44344257719595,0.8835793290495371,0.7115520682674303,1.509267320756124,0.440255725359851,0.4773415887579934,0.423897534980087
310,0.04785163839588229,True,4.166589721942308,6.564323712609172,2.381562664749871,3.939541149199154,1.2528892693504892,0.9546233076152126,0.6203317353585122,1.4343915008220756,0.2925106032477258,0.5093104391000726,0.4554459506857707
311,0.36647242638181265,True,4.690391045033838,4.662655071781218,2.2220994825325873,3.3317134039704457,1.3687872777090104,1.0462317334117999,0.7692723045426121,1.4793721079142197,0.27524940762705985,0.5197615192097613,0.1557813076230542
312,0.1394038801317295,True,3.9769437231287603,3.3391224727318365,2.2720567159865688,3.148292797505534,1.4200701988904054,0.9824801927247219,0.3058476258847779,1.3804731306737321,0.3913212121247889,0.41966337287260674,0.5803366271273933
313,0.10244322587071857,True,4.096075744420044,27.42034035898826,2.313791876155324,3.4671510283348344,1.3374595674339118,1.1971848159584222,0.7299968662446913,1.3233033928947384,0.37032920527103724,0.5718824642860397,0.41814062884916553
314,0.07026006347279225,True,1.3775053230492353,33.93847655471624,2.384803473798847,3.6594151597966804,1.4744757644236712,2.7003291356282593,0.6795245783944553,1.5367907563923768,0.307941770186387,0.6103858794426217,0.3560155785419381
315,-0.129211168250341,True,4.238325324768464,32.64094983194087,2.180123026291608,3.7923024982490876,1.2874701341721446,0.8587446924096657,0.749460260719363,1.4257199023755913,0.3414772162562759,0.5237971566070536,0.47620284339294644
316,0.2943752718398398,True,4.493256309765073,37.3109961728251,2.257525827128342,3.553607683901169,1.3735531429563856,0.7747486001633324,0.6966451419866472,1.6309982846612394,0.3532156000139076,0.6205624539910625,0.37943754600893753
317,0.08317663271268415,True,3.3392744338353664,35.08912493890617,2.1237052371155745,3.3279061185815895,1.2220559495073529,1.113361846239699,0.8079054583705297,1.2454079746258682,0.531392318588941,0.5811224606847151,0.2429167621801937
318,0.17130478546326372,True,3.7651616093150464,33.816858136467054,2.331826717371108,3.4541985404682665,1.5097640450990237,0.6901807287963766,0.7199741639401781,1.4705227916666874,0.40617072400963455,0.49002518235277465,0.17662453202724548
319,0.1989323364048073,True,3.9120223871892605,1.9124404316308354,2.4274498236992077,3.2442590669691382,1.4222882127337324,0.93514553722824,0.10223436996015606,1.3630664439286144,0.3247073623546601,0.48807737157380593,0.5119226284261942
320,0.32462304210193854,True,2.376165252457964,32.70878349856029,2.043998877808914,3.5941740878273905,1.3219991859190119,1.0263616632393342,0.6724921157660465,1.4077450821599882,0.37576935742497963,0.47067657320136935,0.44521385248662576
321,0.32230132639689235,True,4.388132060905582,28.307077970000112,2.2079098049972545,3.399143034477279,1.3842640246728979,0.9846848408252646,0.6992388123789028,1.3245490397195396,0.34417109835010656,0.3934094572726587,0.21323993025532023
322,0.24960898401949724,True,1.0977456879703964,35.33756545226554,2.274705637512784,3.712153407755306,1.438370085998016,0.9141850374672498,0.7711932037286331,1.5631163108252955,0.3097741938244998,0.5202453612862113,0.47975463871378876
323,-2.861150110320679,False,4.2795196119642185,36.2656520050813,2.3636302608023745,3.4813898565804258,1.344975873558512,0.6016192781411235,0.7417076332710475,1.4402054345222535,0.3632624772658562,0.521442111121892,0.47855788887810813
324,0.4790050278402227,True,4.024241893324652,33.11300057982091,2.2415748770544117,3.60292398520671,1.6209434028634258,1.082032662217383,0.6502674376540961,1.2909529566382083,0.43041911363320773,0.5190308460503192,0.1948031488844855
325,0.08179896122496112,True,3.590259499221263,34.03773346259,2.1638995211731396,3.84737983077303,1.5682888168621931,1.1532872765002808,0.7110029436507493,1.272459173750047,0.4457199468130363,0.5264607288272745,0.19490920172905118
326,0.3345429666195229,True,4.173833669808625,49.1005946378865,2.236885390022666,3.6334836344049246,1.4972340500651407,1.077664753779798,0.6852306632584497,1.2984827633770564,0.42617710217792426,0.5173906611511194,0.18153425591539463
327,0.10981770369075865,True,4.636433302845617,12.466081994841648,2.0950014352435233,3.728613908249119,1.5426327826890534,1.207665345594099,0.8268632066381076,1.3433432648850894,0.4557814669395088,0.4252134308777242,0.224938966502456
328,0.4764071916502165,True,4.13270126809736,31.89868080768738,2.2098348648109845,3.591479802837977,1.6175980450404996,1.0669301075294395,0.7967454655316217,1.2522242928105418,0.4262077681002289,0.4432718030475972,0.5567281969524026
329,0.2268023868029627,True,4.080894231340422,29.37818921634075,2.1459141600718286,3.597852118701625,1.6395248538802751,1.1254921454612399,0.7899619798838511,1.2234630938528095,0.4228979029847873,0.39737177865854345,0.6026282213414565
330,-0.054435020491909396,True,4.20298030967393,31.055645911313487,1.539548461762929,3.7046870662890514,1.3987331000767438,1.1018346128493497,0.8033576970770535,1.2927154550588191,0.44292859209438656,0.44598868899386507,0.5540113110061349
331,0.29305602171133105,True,4.021414552306708,31.863652202064973,2.2112178171056156,3.542198366315932,1.5981796255456149,1.071595658695171,0.8327677223493556,1.2630646036345694,0.41120264210064705,0.5271639607239336,0.20247951906752917
332,0.31550637516957236,True,4.121955995916576,13.827726592053054,2.1858425876071763,3.7762259989741325,1.6827039693171975,1.0100744595215287,0.6678332893273355,1.254122546017717,0.47985763461031217,0.47571199513154366,0.5242880048684564
333,0.19028109476448085,True,3.125255224420524,33.078082576279634,2.248117453861636,3.6228591535876253,2.837879948699281,1.1757519565261443,0.6350852497290439,1.5125873704500643,0.8366740635915342,0.47226090334353443,0.5277390966564656
334,0.3216273316836995,True,3.911736599708701,32.29606315686233,2.0851924282543344,3.533262814091372,1.4556391750916275,1.0615422305291204,0.7937036109253925,1.2053230439992721,0.47211009082996125,0.4469380085503338,0.5530619914496663
335,0.12809579751458755,True,1.3054728529346282,26.237164608639247,2.14587284715709,3.6638594210979893,1.6407511071067709,2.967976536757779,0.6977145264769631,1.1617858520602276,0.4014507504743918,0.5051744797195804,0.21640683987466403
336,0.08194113800200081,True,4.3011498777401025,30.40418234233907,2.2070444000860117,3.8715619950478146,1.3834498837608964,3.1625956851935535,0.855864850694064,1.2115438288932272,0.43017576160791754,0.4159055050411801,0.5840944949588199
337,0.16543812512724998,True,4.203888236637333,31.199207667684842,2.283418853258466,3.503234601479072,1.2888144812856517,0.9990987689552544,0.7682611749616978,1.2888316593622946,0.46056697393125934,0.38292242359864304,0.6170775764013569
338,0.1414512310683811,True,4.069985087103551,33.88944079009136,2.2507197185461174,3.595383572455736,1.4394640081190357,1.2662605746327142,0.7181513333099709,1.538477622630002,0.403490548459927,0.42295395767536076,0.16784593573738635
339,0.30641171088674696,True,4.291009732547276,34.776623289777625,2.1867821490840686,3.4594450763149145,1.5986427008756523,0.9574539462862148,0.6737381811204838,1.3283872137443165,0.3911506691641047,0.5334505646528037,0.18700064458149282
340,0.219755303757594,True,3.9643683480029823,8.741130871557143,2.2810875972954574,3.3435169560878233,1.3900890614090877,1.1369195099391702,0.656240792984838,1.5949418494356409,0.49719003196513467,0.39916836223009516,0.25108847203019313
341,0.28171268413136547,True,4.1506503373234525,33.329885727434,2.464796176716849,3.7797695399974063,1.4763079657649962,1.0691747694103233,0.7295552106660921,1.4799299196559277,0.2727237368438911,0.49328274219918217,0.233305488810762
342,0.02826063681711108,False,4.403153087079234,2.6896430472175092,2.3582784206281446,3.247156263705043,1.0742813609734245,0.8310130513824555,0.6861175113840554,1.4857487601900872,0.4308847886875301,0.5086352334083156,0.4913647665916843
343,0.07280886627365378,True,4.062719044482068,1.0379937563431239,2.2309470579094426,3.51595906586483,1.3140568793427552,0.9580897830040409,0.7563143095261937,1.3427830869148307,0.3862916103905227,0.4205500017477888,0.5794499982522112
344,0.33030758112144976,True,3.8455233533829722,31.771083858432615,2.2995991631374024,3.671793742387332,1.5425592032084765,1.031329871703754,0.8093573908758832,1.3700171272250499,0.41787356727405045,0.43419504292628786,0.1964374267965681
345,-0.043192719895993825,True,4.245648436270273,17.265901243394357,2.0311256658181214,3.9726582504870245,1.420902961213146,0.8785478817716399,0.7804369965531411,1.451551738911971,0.29458186563875294,0.4802268989633289,0.5197731010366712
346,0.2535209746948599,True,1.6003191932517091,24.860832915163257,2.151765091930771,3.3818367679139536,1.3576329023837457,0.5054209815708437,0.7061984022661527,1.3172130071105157,0.3221958055474143,0.6175422496403713,0.3824577503596286
347,0.06753495672755724,True,4.360931350734539,32.94075783253196,2.419152156589924,3.5664610599086877,1.2660789239519559,0.9678119941759723,0.6434648129367124,1.2377798796726975,0.24016366373238976,0.3812483715278768,0.6187516284721233
348,0.11205843671753392,True,4.154240718065796,3.736877032339849,2.231213516025306,3.101254493742114,2.5310155849904463,1.0921479148509088,0.731134549072374,1.5182032926844424,0.3854492506280619,0.4831798406189505,0.5164479476488198
349,0.1691679687010046,True,3.984913645871409,34.627125177177426,2.1054620132707345,3.4399561963693124,1.4633840599503232,1.0404711250662806,0.6104425594330879,1.5717420646070672,0.45791722035949733,0.5080932999335309,0.21024878585347095
350,0.3806780050752333,True,4.260708509696674,27.09196170297738,2.538468438640054,3.2939275607934264,1.3523941937387327,0.9345890984647218,0.6937937319702371,1.3829970358537755,0.3552266418022883,0.4154965616750394,0.5027302044270207
351,0.20261873191966714,True,3.74672632441728,32.105873515767044,2.33927039438018,3.7000236534901405,1.4055284662286849,1.1396136716128678,0.6737786466137984,1.4431404302626119,0.18640631186167028,0.5565764833181626,0.14931892749256945
352,-0.7864934168195887,True,4.110691122030698,29.338791381533728,0.5037721098916541,3.5827616419565222,1.5183826775132567,1.0016206324120192,0.7545825799036644,1.3012508626655788,0.37273066164526225,0.5458356072265345,0.23831095470728725
353,0.080344106970917,True,4.909133437293635,33.7348524390831,2.268004049984055,3.452834079477228,1.3089743669706868,0.9150205076243061,0.7088980932566319,1.3725164138705968,0.3285454175694264,0.5134401672894578,0.48655983271054204
354,0.22302191364163915,True,4.3200233074914856,5.824916635098099,2.192303662433154,3.368361664762991,1.420155354997272,1.0763544369596527,0.7899279108624849,1.491397266543895,0.28589726767014395,0.3800989802960063,0.6199010197039936
355,0.3332464947666861,True,4.47308201223912,35.60009613965865,2.3798899855413276,3.194171443043766,1.3625050247355304,1.0002162327704467,0.9846081733786427,1.181940606775785,0.41566976927874916,0.4937899961866081,0.22502639795978766
356,0.12198847919794854,True,4.009831617921838,33.14010279286867,2.3084231466535168,3.775763687795688,1.4581509850065868,0.81794793350866,0.7282843979711554,1.6174900077410548,0.39834394463601597,0.4534925320198446,0.47871381881542885
357,0.22928691774863472,True,4.188266770343643,31.070661746690206,2.228196369807918,3.5205174971595845,1.5772338393445338,0.8698096495728997,0.6881310379687526,1.4198772514706257,0.35792702801253884,0.40055919571626575,0.2530050333171521
358,0.1512605012086333,True,3.8915764070945653,18.37289182591023,2.1533289203494563,3.691913161276125,1.385337020349391,1.1947689990131285,0.6568834995770492,0.8310131010150307,0.4403404133557492,0.47409449092407946,0.1909697218595935
359,0.03806543226268565,True,4.4238155719459495,10.704770685355701,2.275254276872219,3.584583699698574,1.259394031359347,0.9586131462455019,0.7728392941458451,1.2669324473930426,0.3075738895149578,0.4961751250602433,0.5038248749397567
360,0.20921422670145198,True,2.112546888154551,34.4661982177748,2.4779723306245303,3.294036633768996,1.323199425298279,1.0465615772633394,0.7113475868443403,1.5547396094280077,0.340478102775997,0.5007209884907257,0.4992790115092744
361,-2.520774357765062,False,4.097383431539761,32.26778850567448,1.982263049600405,3.382685291868112,1.4944051198341617,1.1113078969135344,0.7479352100192849,1.349063248593858,0.37833970231916025,0.506982482045211,0.16985442870694323
362,0.32358261623112444,True,0.8562771650454957,25.556463741538636,2.3424722276399526,3.4687676480915113,1.4346292258384608,0.902233825168344,0.8171835380171274,1.4609160603723985,0.48799148375165136,0.5110689593493752,0.4889310406506247
363,0.3419450545079442,True,2.456584372665921,34.02180934698355,2.1944303202983413,3.619007635776769,1.2052838822003362,0.9980955730757275,0.6737290959206006,1.4150628076401968,0.32145804704260067,0.43456703606784997,0.2130451927809559
364,0.30904916400699717,True,4.232200247030394,27.82998429725538,2.3936819830417977,3.8214474451271565,1.3851218208312217,1.0441081746364547,0.6969639945186545,1.5226787890330402,0.39520825141893506,0.6310130460142622,0.26537657872847065
365,0.07466742695876023,True,3.9968218477839583,30.034609017690173,1.7544908783018338,3.5227974318410937,1.3389953943035082,0.9474757526581361,0.16908916426098286,1.3781442846918812,0.3494069499115867,0.41955897041893636,0.49184481222748794
366,0.28344264382671236,True,4.1556933358259665,31.31989592390935,2.262851906708644,3.1676309463301497,1.6376772751224908,1.1465715357756703,0.7263493389804591,1.2941304265285287,0.26769836883236625,0.48711447823423093,0.4636316667333011
367,0.346012766355818,True,4.328507117068494,2.09137940456111,2.3112718315234293,3.426273374890907,1.4196329874173106,1.001150263993255,0.7670788326149831,1.451857005277172,0.37286998922083814,0.45579006060802646,0.5442099393919735
368,-0.4012367078236034,True,4.374508359780436,32.943144290909196,2.124203147223338,2.0450551808904183,1.2974209083591954,0.7681296737274169,0.7415635719833102,1.348624871422549,0.3003787116074791,0.5157930979770906,0.22662801399066665
369,0.37698784470132624,True,4.536409672225468,35.69493547775363,2.2033339111253367,3.6623373617252066,1.517348232000002,0.8885963577840879,0.6854354853509846,1.4035964544647936,0.4058055664124403,0.4983248445225616,0.20170736738914405
370,0.17488612304745263,True,4.091538744401158,34.819767891800126,2.248359295089702,3.0288619209119148,1.4610061772313263,1.5158251724144454,0.6607902935595866,1.642591235160573,0.3336204570707384,0.5188314839995518,0.4811685160004482
371,0.4047691797958757,True,1.7898031634936704,33.68188324777223,2.42684037753528,3.3059762336259686,1.3679792315190475,1.0827467037980971,0.799619479334398,1.5015400267535473,0.5118044952107083,0.4628092119301087,0.24333822163135263
372,0.14472509283237062,True,3.8960981159133388,40.19449067642191,2.3220426662264457,3.515941915777611,1.4010726637892632,1.2245790036506292,0.7106432545854658,1.5414677357585742,0.43980855429243554,0.4102588115371912,0.5064987284363597
373,0.24045499364446404,True,4.244180771092944,32.31666316377062,2.367070455022492,3.616426738111351,1.3334368071818323,0.9578708667137769,0.6360918373670387,1.3204648796639273,0.3599656492058776,0.39203307844282703,0.21571720034027025
374,0.18538703459188396,True,4.0216751615299415,26.753442536929676,1.8743202330790019,3.407151939806438,1.481265712827291,1.0597676868026664,0.7204858995715906,1.23373140487188,0.38431968655287585,0.5566873958337087,0.4433126041662912
375,0.1925099929681828,True,4.189441194584437,15.132177061797643,2.16849831061016,3.702434489606117,1.5435067987796038,0.8392924072948982,0.6984471701880995,1.4658881357356657,0.9999983009486685,0.4236429635135971,0.5763570364864028
376,0.039523297102343084,True,4.4107419916974475,8.129151116474734,2.0653672180297713,3.2212145377935464,1.2637870355089347,1.0009880623516265,0.7793569379854778,1.4265839222854115,0.4188575377567576,0.5578294110569328,0.17412045167271833
377,0.31538409795464184,True,4.282718146020603,30.651061213174035,2.288845783577113,3.4865431097296353,1.4160639736569767,0.93096954299113,0.7481967708050026,1.3793765666443834,0.4684471988063913,0.49102454954622354,0.5089754504537766
378,0.2277178914902095,True,4.068088199999006,33.33580728270091,2.227565924937597,3.88993784598681,1.361827930371801,1.126746660921204,0.6811789655181489,1.4946577307628117,0.31055490117354606,0.4304914378712249,0.5695085621287751
379,-0.4338322139851949,True,2.6521050699059106,34.80666600812803,2.1205405790642873,1.0598270723641208,1.4472735384032267,1.028427148305725,0.8332994110364651,1.5874074924822796,0.3472771843920326,0.526863076915117,0.47313692308488303
380,0.24415265629439603,True,3.7897392508311807,31.66410425253826,2.2544723606496286,3.318064640591739,1.3183345387927734,0.8893045111116534,0.6529349327377827,1.2703423824629279,0.28398195402275755,0.42875999061751124,0.19181476978725973
381,0.03743932893371632,False,3.9473987265067323,3.3746184588925576,2.345518541352897,3.5723945796557484,1.3831554570362035,0.9611726844138839,0.7609857350346785,1.3351678353272445,0.37013121582968433,0.47713170477040123,0.20592765344440062
382,0.004395732953099585,True,4.163781738730847,35.82357727106331,2.1909229272832533,3.746974595530139,1.2954318719199285,1.0688782931496943,0.7271295565768082,1.4271078796446934,0.3258595107479504,0.4969138029564243,0.2334399303236862
383,0.24814034999619308,True,4.588678315710053,32.49260699094627,2.300370568337075,3.389254200701275,1.4872501662445248,1.1753965330579017,0.6970725001951785,1.3956958777469493,0.39844621680062886,0.5408644742705535,0.260340759350424
384,0.37683932556530886,True,4.478388819084273,19.369694155369658,2.4205455218878904,3.4990907042993857,1.428841927346305,0.994129087066858,0.6783663531389167,1.5393477767476962,0.43327463250921905,0.37557905361495586,0.5020812792629599
385,0.27357840977518044,True,4.3061139496661935,34.34206493907064,2.227222570522367,3.6400092651345815,1.5766479481210796,1.1024169025567547,0.7945167881392533,1.480610271357106,0.25599815431038286,0.5150839209660893,0.4849160790339106
386,-0.00707729975453748,True,4.096132050526542,33.590745315853475,2.366034524628551,3.265119517484097,1.3455306213296934,0.8135343943878861,0.7381590349374713,1.303046546984492,0.34896667333840037,0.539472970672021,0.46052702932797906
387,0.1513807693966164,True,4.227876825946126,1.7947105969355017,2.280351419072364,3.4466643939468233,1.3898065254041314,1.624737699644577,0.7097551640965766,1.4508866378735616,0.36738820932351124,0.4844351113634145,0.21557827859048437
388,0.39167529957745667,True,4.342859071357933,24.735803728789396,2.1760346882631003,3.551783058157831,1.443382091283812,0.9219248852450606,0.6673762840241991,1.3709806569603618,0.4561961524389424,0.5524853068774033,0.2430184500835631
389,0.2534513515045416,True,4.731757085285965,4.260889061341114,2.495864569437627,3.1432584731314126,1.2421119398708818,1.0278310227356737,0.7669389852203968,1.3501756207670654,0.20648306158744134,0.5896138908367629,0.41038610916323703
390,0.059005027393022026,True,3.9981392112485756,28.447708825683684,2.126485423856682,3.8176570719048564,1.5247113148025748,0.8685238519539971,0.7192274168097588,1.6921799388714769,0.3803052040080688,0.4067389591848918,0.5428026935061876
391,0.383394331184438,True,4.1369361383867345,30.016216416722315,2.313371881159577,3.3676690012814015,1.3726691884272886,0.9620526195349743,0.6958842718634535,1.5233397403196256,0.2966219894173674,0.5234897394455286,0.1850759305938291
392,0.114078026577032,True,2.2739819628000446,32.20502490990653,2.241915740247434,3.642021879784025,1.2977538620700606,1.0695580053558162,0.7441284811769691,1.418213767869424,0.703016487415814,0.4923039825121405,0.5076960174878596
393,0.3867539506371683,True,4.41357215234316,36.814425474923056,2.3693517459404716,3.5088168899913064,1.6222118182298555,1.1470053999966383,0.8158252172530515,1.5863659417591274,0.33353430401572326,0.44892568261266713,0.5510743173873328
394,0.3374518571412253,True,3.9216933387288555,35.22749957451788,2.451384039040839,3.695407554122123,1.486719443618688,0.9953421076255544,0.5959245105491704,1.2674517005721533,0.41271109737772543,0.5107729064639129,0.2751413569573744
395,0.3709619540643345,True,4.262630828198296,32.97409079348867,2.189148058185836,3.414972937953155,1.349283468151612,0.9359135495320523,0.7817616081434197,1.4697340980185967,0.31685300331225336,0.5617927706958108,0.22564371241924097
396,-0.2952648860233069,True,0.7318299142807222,25.905824363641095,2.266419731091958,1.425545591845073,1.4099120438316666,1.0263024186657728,0.6498040136773648,1.3189810194459288,0.39087949612874096,0.4216704235776136,0.20124472629621862
397,0.18866530881218277,True,4.06212647330022,31.187989097079978,2.329491453738458,3.5792411553183783,1.862040411447047,0.8846705582284349,0.627601981222933,1.377128437433755,0.3544209660037262,0.45468033413661463,0.4651085156042464
398,0.11104695217090815,True,4.144859653741,5.947354242467174,2.2168538035610035,3.2943213765110047,1.7305217813669118,1.1014893377257056,0.3892047752246488,1.1177073260794268,0.4250822535310651,0.5252757056002355,0.47472429439976443
399,0.1396582344962719,True,0.47078372939758084,34.272858349835374,2.082001281433832,3.7417994028438746,1.4635240780604744,2.172512744129019,0.6824080003575659,1.5055130303708768,0.33498574786250623,0.39408079318217715,0.25420817018461794
400,0.08525364126636706,True,3.8379759533480957,1.0846187311432534,2.39977645312823,3.432657356915109,1.3339022581454811,1.793044745414901,0.7280094655875642,1.4397629004197163,0.3717555449784043,0.45227313072334324,0.5477268692766568
401,-2.3743006378056624,False,4.54675340050568,33.510748435857636,2.1421792165102325,3.585269224552756,1.4041022905119318,0.9781571851644015,0.7082292825763694,1.2272730061662924,0.4899285611003199,0.4868892423719037,0.15985764823860593
402,-0.11186143362351064,True,4.196547009824965,35.75056032222176,2.28537564136971,3.2407846777091796,1.2870570036805604,1.2422852508965483,0.7578887500801688,1.4065466181765232,0.3974726363874163,0.4404226496645566,0.5335901511955176
403,0.29389735707797116,True,2.8776161242387572,31.73305323621155,2.229134201041895,3.4996069528505385,1.4372934146211995,1.0466112132166594,0.664696317342594,1.5579352102842936,0.23737738161044422,0.5660576004543981,0.43394239954560204
404,0.15561789163495987,True,4.365424525785145,2.8539492615433772,2.3158375025327933,3.356679683729056,1.5279339414881157,0.788821445588237,0.686391476261967,1.3465186830387892,0.31072825047998603,0.5471087000100237,0.23405012710303985
405,0.41134865248134755,True,4.028578531575351,29.10957823085579,2.2605830528363833,4.009146909494008,1.376515527157125,0.9227792183832415,0.796060369379705,1.3119573405171412,0.28525777163140914,0.5212579891663729,0.18338884710308476
406,0.13565111631939628,True,4.242346808695502,32.70860411284812,2.174234470739208,3.6492372089913565,1.1738691718710352,1.9248444696178728,0.4762655375327269,1.4907775095705194,0.36051872052491296,0.5366756810086389,0.46332431899136123
407,0.17585806784338065,True,4.441331289096813,47.69812718951415,2.3562392927119364,2.967368271798414,1.3347644853054281,1.0984874084781167,0.7113937121227961,1.442023132203228,0.0006549176022258157,0.41325526727679673,0.21921796338118438
408,0.4515808658055397,True,3.9309276431350417,34.750533617025056,2.576178310448998,3.1001259761326962,1.4668823863412277,1.0054119360926033,0.7377592922412055,1.3888172594113541,0.34253646169203933,0.47590578514022214,0.5240942148597778
409,0.2549522407346412,True,3.8171521047476995,34.86969227126656,2.5702582756803976,2.862294561850228,1.4866126315970287,1.0301256858655534,0.21445931345081148,1.3674882517164229,0.3427486316515614,0.4735493079845108,0.5264506920154892
410,0.1899617413326378,True,3.714704875939806,37.95395829745625,2.6080355042923533,3.194912390181723,1.5358387654249854,1.190838567267299,0.7610525053411052,1.288240764231909,0.32184061333054387,0.48319816462301746,0.5168018353769825
411,0.10964550163169015,True,3.9397192022387766,36.746014780138765,2.148131007983695,3.0094738725501813,1.4618823079558734,1.125086404489416,0.7409704052874669,1.1819365982596186,0.2974559321600253,0.4959257800257093,0.5040742199742907
412,0.23255709920335868,True,3.9125395747299354,33.678870492356246,2.22067536329346,3.0572784622693874,1.5518341769439146,0.9803611978740903,0.7772499771972872,1.6231887095582205,0.27563262203442096,0.2223404333593929,0.12113893905028997
413,0.45041173284930225,True,4.038924960925603,34.57459033272666,2.5312744380779937,3.1000028567933944,1.6120978147664144,1.0516895259436456,0.7375306241185301,1.3868787497555521,0.34430866952616757,0.43474945246736957,0.5652505475326305
414,0.2393311263148346,True,3.9743361216929354,35.781367699949534,2.686231929692836,3.0884290310666396,1.693738378703155,1.0740950462239782,0.7283162249095039,1.350885437224776,0.33462316759853933,0.4561568853917912,0.5438431146082089
415,0.2970191255723841,True,4.0526960858256915,34.43717802214767,2.563062791988041,2.9688308846160867,1.6730171340632525,1.1679434573774146,0.732406826013274,1.4019345899487472,0.35038918096323635,0.4441146105362918,0.5558853894637082
416,-0.11313930012101989,True,4.060606644515383,36.41512092829449,2.6524582844718676,3.118556096026062,1.598023808782844,2.879310681285487,0.710090521287804,1.306047677859389,0.30831566952173767,0.4358461208749908,0.5641538791250092
417,0.3888049246437881,True,3.906622195910808,34.110760512197515,2.5314447309757298,3.2287788725707935,1.6051368334203353,1.0278134437354929,0.5459798699584885,1.3931093040930742,0.3300781938588527,0.480187111009204,0.519812888990796
418,0.16183054888479725,True,3.7863092284441007,34.99708223669839,2.6035372600233364,2.5959486559590506,1.405385988165991,1.0981042848100904,0.7520636915062031,1.348061010832402,0.3645142467735932,0.5150263476114207,0.48497365238857926
419,0.2416758156543749,True,3.6298858706728008,32.722882452049184,2.5580707355455465,3.2913454736294567,1.6661577271008934,0.9622535804979842,0.7416260218015294,1.2371598619957824,0.3808165612858065,0.48518653145357127,0.5148134685464288
420,-3.239613195169812,False,4.125668941315625,35.651774573085575,2.5043760283722514,3.136695679686952,1.4252478876334571,1.0379714448619612,0.7236249515143434,1.3977746112429001,0.34926043821138864,0.4331186438396154,0.5668813561603845
421,0.16540125417374962,True,4.0054575979926375,33.163377362132785,2.5259858124832535,2.9533989352920584,1.3789180981275875,1.1462810795488414,0.6942970320305002,1.4501426408801497,0.319592840642005,0.4545070957245818,0.5454929042754183
422,0.3355672359135042,True,4.150795551808622,34.45446126819642,2.469313355841941,3.0907518535808807,1.828227861335333,1.067120182548769,0.6706059933876595,1.3312665805245643,0.3950203836902746,0.44611848955811984,0.5538815104418802
423,0.061586534530597634,True,0.5852773292543627,31.40398505064247,2.4128742946967274,2.8266736983375162,1.4344919200200126,1.4359411047855926,0.7722203046500749,1.2901139538946362,0.29812248168531075,0.4464639759042035,0.5535360240957965
424,0.27297592294782713,True,3.8489146082380152,33.72998046435055,2.767786945645493,3.3211148380783535,1.4875170711044903,0.9892383525859212,0.8053743022628782,1.3767753469358364,0.41459143024519274,0.5137102747761934,0.48628972522380653
425,0.13831821234445488,True,4.106884424718759,37.72661796786858,2.4591522253601057,3.250584278597159,1.789107635082533,1.313116528312482,0.6441775632823533,1.4208416586349781,0.2646071580556108,0.5302026140050469,0.469797385994953
426,0.22884254549413996,True,4.212431248448084,35.32494035660932,2.5932064928231022,3.397114877659205,1.3209873227903182,0.922902101991198,0.7116466202805746,1.4855055156935169,0.34575155163041055,0.493083269231719,0.47291738473855155
427,0.39305981634062265,True,3.9820916170026726,32.04770272109285,2.112273999813154,3.132536675194991,1.364129514946225,1.0248417548940099,0.7475436842024342,1.2602930596917872,0.36935126553387904,0.48908261887431914,0.510917381125681
428,0.2085438371003288,True,1.9054526655198645,32.69511877573081,2.1906254382815793,3.190310551658201,1.4042216125986977,1.1247134657399627,0.6858606530745449,1.3299405013251269,0.3240510148283887,0.5649645006354086,0.4350354993645915
429,0.1412028231960686,True,4.096674874876664,36.51296237123158,2.0402559819254904,2.212353720134728,1.755046345942436,0.9474268219498693,0.8491701390704185,1.457746553558359,0.4409019286791407,0.5017006837023731,0.49304252529067427
430,-0.17718865772353462,True,4.2607105860256596,30.368478961908394,2.626907759800483,3.816158142889893,1.2722002764777893,0.8677063163103096,0.7249978914980436,1.372799817401895,0.03065297734134899,0.43018332967122563,0.5698166703287744
431,0.2945969232182011,True,3.9773652244051774,33.76638757706599,2.2876685655860625,3.4561433257545144,1.4563974803992659,1.0628733736630065,0.7860350263821563,1.436553875730044,0.3851885089317573,0.5341561615497458,0.46584383845025423
432,0.1422392327310681,True,1.0199950851977324,35.03013376137267,2.7290529996324695,3.3456111781763864,1.5718283040179948,0.9846081162140511,0.706780334963098,1.5093305945406863,0.3523779221154315,0.4538140292944041,0.5461859707055959
433,0.27631643971314435,True,4.161150400744003,13.403224939098624,2.506719077185888,3.6026751215211026,1.897491770761785,1.2155360642469817,0.8947956811618702,1.3948641178061383,0.40468323609021556,0.4829990051130155,0.4940945191202552
434,0.08846756543023956,True,4.060725581048542,33.2829440203324,1.620163399560971,3.7342467370117767,1.3760416903935682,0.9077690294586969,0.663982163390203,1.312164938112999,0.33263570806206966,0.5059570540700761,0.49404294592992387
435,-0.2383830157405243,True,3.8892367230749922,31.54955784689604,1.0134852936894516,3.4547882224019877,1.3181927939939528,2.5450465959322077,0.7602120740151467,1.3470684969520914,0.308371590805279,0.5256755783868715,0.4743244216131285
436,0.3684807004037947,True,4.299264852028606,16.399083431544174,2.2331557208175283,3.9301447475321,1.6374084393077555,1.0808412641105447,0.7341550540198646,1.4741792519628343,0.3626305469844553,0.20309786008550512,0.2399829049288276
437,0.2784661880576597,True,4.193858960098763,34.37024042774643,2.1598976313423863,3.3369149472850026,1.2256032175399292,1.0064828217444275,0.8221449989636476,1.2721119867236355,0.4283524890249118,0.25567294356481274,0.5601515306599063
438,0.34018323717155213,True,4.026734304359013,9.999480897718092,2.306655112693834,3.5707776041283785,1.4368722949345838,0.9444819450149842,0.6981648485442902,1.4226403371278376,0.2865280738347471,0.5127428516748505,0.14260688477973402
439,-3.2444975165126984,False,4.314819694653278,32.56199021843337,2.4035035939116405,3.200814563779229,1.3937040218253203,1.1183002660684933,0.6787393889661638,1.5325849319245393,0.3735522661299181,0.5373248254719573,0.4626751745280427
440,-0.014050468244611244,True,3.7316130009276476,2.05831177659104,2.8487363230165528,3.0511446617252926,1.4938866849767853,0.827601833764714,0.6189658445309252,1.3871617449462657,0.34551621123905363,0.491190972156292,0.5088090278437081
441,0.42207890979083057,True,4.171205345778477,35.82857503622144,2.2542470580451965,3.475836874711117,1.3353560258976462,1.0272209248740307,0.7139351286048371,1.47135070634665,0.05339976737323994,0.4301641634458775,0.5698358365541225
442,0.011235287987228913,True,4.194840364752853,36.800075093758984,2.347976215208148,3.676196523861886,1.2791925964979125,1.171064627576955,0.6934041641148863,1.499087812090894,0.06997264739271908,0.4376401174312699,0.56235988256873
443,0.2638994042339621,True,4.132862508076773,36.17710823951895,2.2685220861925863,3.515110512962377,1.3405234421958587,1.0458130968763093,0.7188255339083786,1.4687514953643364,0.3146908694650557,0.43365717909669305,0.566342820903307
444,-0.03635159905989761,True,4.240782351992654,35.03377895165777,1.8242049917558898,3.4572623252409893,1.2489662320083343,1.0518441269488616,0.6688645783002698,1.5525770541464972,0.45760997864620007,0.431673466582436,0.5683265334175641
445,-0.045253734324417864,True,4.06480398466712,37.12430360051909,2.2460458089772883,3.7938441876644506,1.314127687779693,0.9542732728261476,0.7001469456137064,0.7351922166089249,0.10341049885168159,0.44351788155367405,0.5564821184463259
446,0.3174349528789724,True,3.9581173340830227,38.56360388744788,2.4577155066311844,3.638695984002204,1.3534303022185696,1.1037801380003334,0.648710180071019,1.5162569231157423,0.05294699378129583,0.40960271537353293,0.5903972846264671
447,-0.19438120982970047,True,4.313211856106508,35.604871051813696,2.3253949568220085,3.567442922613756,1.2913211413129138,3.4965220384195996,0.7151372056503784,1.4459448897922593,0.042153224535684465,0.4252794061095399,0.57472059389046
448,0.16052165026048854,True,4.167111026925005,30.690902802401094,2.3845827808459714,3.7066421369441502,1.3624122728305803,0.8709765553617363,0.571519733052708,1.477576563580677,0.06315284248641995,0.467576014930308,0.5324239850696921
449,0.4028731731187383,True,4.067928142567612,4.008371873569563,2.283602882280435,5.846707525454718,1.4121673030288642,1.0092253459886482,0.6816685253847878,1.4216533430022762,0.019419722038813696,0.41039652025042594,0.5896034797495739
450,0.11921483760501822,True,3.8381597113447974,34.40635859291638,2.216893591127457,3.4118358195139313,1.3362619494782924,1.2493473122447172,0.7004649656599053,1.5348405871285717,0.02629334069934136,0.4629262487437068,0.5370737512562932
451,0.3291343426951005,True,4.248433300041278,43.77029067621581,2.317273092579225,3.5271148339718863,1.3841338018102705,0.9309714036055574,0.739021141562561,1.459503429561033,0.29520092720744184,0.40279678801228663,0.5972032119877133
452,-0.9093266706127222,True,3.9530656859969096,4.964712188901878,0.6699465474478974,3.611878530631494,1.3037250519795274,1.127411331711051,0.6613445682434372,1.4155794136818423,0.2505920792992344,0.5909630044685246,0.20875703371046928
453,0.32848735560421916,True,4.129860172612219,35.64089799382024,2.251995028508714,3.304486353524929,1.2182281258145455,1.0120343296147523,0.7291925064088696,1.2168376627647008,0.27475754179857476,0.42881878007371704,0.5711812199262829
454,0.2288015817228546,True,4.33229280460927,32.11586466803138,2.1795715684333046,3.4324051366157757,1.417318166031071,1.0705066748929808,0.7141236529938088,1.5099865147488571,0.07216553108853312,0.5473578880398096,0.22877565703784897
455,0.3282016116886225,True,4.0173092396804755,37.27565196276513,2.3675257762535162,2.877036703967474,1.3690429856822781,0.9709028356821152,0.6861939965988116,1.567383915356354,0.3339877425195927,0.5034489732184216,0.4965510267815783
456,0.2530158611025044,True,4.203249612470625,33.30977926886881,2.4240090401291257,3.5234718698819707,1.0197498092051422,1.1700312957334498,0.6745147826932125,1.3697298234320612,0.04964736303494386,0.42873899994617015,0.5712610000538298
457,0.19427398645528135,True,0.4049118575862655,7.876458422616693,2.113035469184832,3.8745376240678064,1.437419735103397,0.9096909264478118,0.6369128981722992,1.4717464016017574,0.4171179275826814,0.432483243659452,0.567516756340548
458,-0.03658024561770908,True,4.356177684957435,6.5522687589348845,2.65302211468166,3.694025342349868,1.264675328779454,1.041026452672746,0.7765777578733555,1.4126577529602873,0.9062733024150977,0.6133758765389177,0.19198813138414336
459,0.1683366557883039,True,4.0990065530455055,34.68088515740968,2.2979298838801903,3.2677040143382343,1.337369892279782,0.8521318816487593,0.8051065038749324,1.33037834313476,0.3183747218614893,0.3963751115418406,0.2478201473358609
460,-0.6362855971010102,False,3.8957726593858277,12.247243262693795,2.9956440113723195,3.3923686446352095,1.3870168098623616,1.0026986984281114,0.7091332272206265,1.2893428990201954,0.3543176079739005,0.5032197412106922,0.49678025878930765
461,0.22998800437125813,True,4.231182769243692,2.767405935489185,2.217305143728236,3.492256296965059,1.4557703345053428,0.7446277374370204,0.7408617040390109,1.4358583002220335,0.3880022300180966,0.5755326714946017,0.22252730352990865
462,-0.05369073516780267,True,4.011825839152835,29.694951937116933,2.26564655984171,3.741306502284386,1.3147251709992354,1.081317649195779,0.13316121975254858,1.3862501823966427,0.22350840569047206,0.4549418110333733,0.16987020824265817
463,0.3082668917599585,True,4.126915442121347,35.84956920678825,2.1549728770130683,3.586030728733025,1.3863099628155642,0.9442869500262662,0.6925336321764315,1.5057382087846645,0.08081726147080398,0.4907968515547304,0.5092031484452697
464,0.3563483601532379,True,4.38776746536554,32.67701196872437,2.5604111943745345,3.3608599705794435,1.420241783394518,0.9905368471986069,0.7256314863789207,1.2552781574562013,0.3378988903111758,0.34714500111854263,0.6528549988814574
465,0.14337552145163035,True,4.279427396582575,31.02308142032847,2.340754689495719,3.491122270900912,1.3332926754479628,1.1346467420157804,0.6554178872386873,1.3557472267067525,0.3022837302991505,0.5272317146043622,0.2089662333441221
466,0.3051910553862335,True,3.901832825506503,34.22724148474525,2.2114069260147606,3.190780234004297,1.4648963974387503,0.896549749190809,0.5195288670823395,1.4550317211488213,0.4424226500266388,0.46872880985784826,0.5312711901421516
467,0.20428470915381397,True,4.158061091536279,31.843981202287853,2.076706847863882,3.592727664614329,1.36289536530112,1.060477082272201,0.7604405323889919,1.3107826037884442,0.40157297203156495,0.5184599211291386,0.48154007887086153
468,0.2689770956826854,True,4.0301284194825495,32.931854453278056,2.5011931972710113,3.0142679561693417,1.8696603193309098,0.9591598404154361,0.6758829100417093,1.536598764325055,0.09231885023065899,0.5655753368401264,0.1986815518005129
469,0.016178960830472065,True,3.777256217161302,14.576609722953735,2.2851217777399295,3.773654349984912,1.2854479006969142,1.030869637447712,0.7870022659801483,1.4028403535660676,0.36182821068088095,0.4248836576850856,0.559192710484504
470,0.1685317275489947,True,4.450901349235373,36.48171119076122,2.388212648636756,3.6449294108173556,1.429309438387309,1.202418422298537,0.7232122924038166,1.4703321925625499,0.3318263249789385,0.490699900323131,0.5093000996768692
471,0.37338692912911314,True,4.190575016168049,33.79364530900927,2.23791381888616,3.297485454099406,1.713348707936491,1.1040623762569708,0.6966457784439831,1.1504886354642434,0.3820383234790859,0.45032006458747875,0.2538978719828485
472,0.18025046101460462,True,4.071947363832144,34.51346221748468,2.326864894001998,3.4160718177331484,1.3988525250671102,0.8275806057176276,0.7402606526869682,1.5766620748118962,0.2765380517610261,0.4701199561775182,0.5298800438224818
473,0.20174083592555728,True,4.2833005210687,35.33828544203607,1.9414752450999633,3.159828592334482,1.3498616004840824,0.9779484181753711,0.7074578196292337,1.3553493435365958,0.3525452177987654,0.4100090299599528,0.23245038188088496
474,0.23327232013229088,True,3.9412424352967546,1.0315074487825622,2.176538405679213,3.5105497505732797,1.1834809883536692,0.9043569558088735,0.7570893396771755,1.4916976117410237,0.32185981554680376,0.6016795499171336,0.21898456271108518
475,0.34724348315766024,True,4.3741763783779115,33.551400280519864,2.4249282539481523,3.6497467872784957,1.5033518003949489,1.0488003531471752,0.8328370440688873,1.4283992335190536,0.4215132321731919,0.5176086621223276,0.18465440586979626
476,-0.03700196577327065,True,4.119595355044375,32.19569456560644,2.2672964423245645,3.424205072506032,1.3026797379976855,1.1533538135158414,0.6824817345300845,1.202076808820607,0.30239409505217896,0.5856252398252341,0.15406129709443322
477,-2.944948425341484,False,4.226729578437739,37.97545638583823,2.1409696573352712,3.2735006832672884,1.2547214128857782,0.9953719051633544,0.6624202989436541,1.3840002944795324,0.036724576484723395,0.5241244878986873,0.47587551210131285
478,0.2818987243388242,True,4.017730961314557,31.36608333308282,2.3580835430541685,4.094632911623695,1.4618950162697226,0.9225265620107124,0.7219875924264396,1.3131382997189285,0.3968809961539513,0.5071817779407171,0.23804803505924005
479,0.3424658855068128,True,3.6810870332659573,11.435387753862635,2.2250981410441804,3.5378566484129177,1.397522299779951,1.0984539633847528,0.7993168057391682,1.433353457912187,0.3621598875400228,0.43094101530971235,0.5690589846902877
480,0.30838657279201004,True,3.819496480500355,28.166242095038747,2.3077538974525797,2.7165104400432627,1.5689784067897563,1.0287171548190384,0.6971051954516441,1.254208381941958,0.46552608359543546,0.418842216505873,0.581157783494127
481,0.14589844388655643,True,4.150485800339229,35.16173078361203,2.4687770142440875,3.8348907911325405,1.3515263275442393,0.863058012587546,0.7731768150584115,1.5186376200575527,0.33636432250770143,0.4998126798402361,0.5001873201597639
482,0.2558577876141132,True,4.312493754409677,2.5959355231244623,2.1947199584252215,3.356813288993079,1.4394389058023713,0.9575170376238408,0.6366805197494758,1.3691046504608708,0.3658433145562309,0.4256540877545834,0.2648828797489479
483,0.24037414165338566,True,3.9674523218715882,30.407272619248886,2.2636643011079682,5.652488375931211,1.383564479888903,1.0839384608711988,0.7478689944505444,1.482799261536216,0.3833015908242959,0.4050091677587506,0.5935182139518842
484,0.384465757451241,True,3.5171875748960324,33.37646384574941,2.3554145861492883,3.6969405605182186,1.9368433664407434,1.0021018141922848,0.6816131155315746,1.331320954221271,0.2576690835221327,0.3655305617539023,0.20977271326107622
485,0.10217315728989132,True,4.074480561317516,36.19431286862274,2.2990008877559798,3.4699365718386326,1.308172538340169,0.9132209284862038,0.7120152797628653,1.4019383703725845,0.16299846424887748,0.4997008136064998,0.5002991863935001
486,-0.12989545723151374,True,4.228806378399123,34.39463324386257,1.4115812650410913,3.5932358777530378,1.5096761892526056,1.0514060269368328,0.7366286263385327,1.2925380421678323,0.44613689292068914,0.45972101253543357,0.5402789874645665
487,0.19605502015264242,True,4.475055173175878,32.27298393117322,2.0846322255221454,3.2113388934033056,2.049543499418875,1.1744036353852587,0.6562153763592358,1.4476662249303935,0.32021676668192595,0.5588548831309734,0.4411451168690267
488,0.08754926284707634,True,4.364242977746375,33.56258084655985,2.213006313616005,3.0524055809566772,1.4146039504934798,0.8087968754705808,0.702591993523165,1.5637545069334275,0.19145856818243112,0.5596688456957585,0.17405983258517252
489,0.3338194376867721,True,4.116860617783963,34.97213789291735,2.3983519548980836,3.3772142109686363,1.3515262234995493,0.9653650557293352,0.768897647258042,1.4097459086254172,0.40871289936585986,0.5778283041465623,0.196165856608205
490,0.2726480771128796,True,3.9383604794988254,32.90785297683508,2.2669687338076794,3.730350816577337,1.4667425554270421,1.1088459889839402,0.7267128335198829,1.5295469726852822,0.3416241548189195,0.5263987033819573,0.4736012966180428
491,0.19049243229023186,True,4.221347269937418,29.284381950396767,2.134501992932247,3.546396153439774,1.2697121375669207,1.023048779529808,0.672171041549353,1.354089268664594,0.11992671544722203,0.44140987718914704,0.5585901228108529
492,0.26864616045104667,True,3.854350284121201,45.549768353641134,2.327290655855435,3.4664001133332216,1.6365620367565654,1.2811830642310111,0.7874129900436181,1.4609411503468621,0.2948896537673888,0.3657335536545894,0.6342664463454106
493,0.39417509786559807,True,4.0300620318599,3.4556043239531506,2.1755026245871694,3.27752670091936,1.3805287961729211,0.897334691918229,0.8136947150853436,1.4970636287184242,0.3820742047984935,0.5018131703320345,0.22279179206520228
494,-0.08748671523488805,True,4.319021119963522,31.054641222013608,2.234734726069898,3.633591375751833,2.4961322987914487,0.9632664462265129,0.6067698207989527,1.2792419168524918,0.35258973699162055,0.48179495409906004,0.24184803627638563
495,0.23145729963101755,True,4.126493365123314,1.6623338574009647,2.297362954081221,3.93214004218103,1.3337440937037555,1.071962003450448,0.6886247631382272,1.389681804012896,0.008607533823703273,0.5219622769664961,0.47803772303350395
496,-3.812189468834378,False,4.203399914096479,37.10455620006569,2.0080496097582112,3.129597728590285,1.4221866530168417,1.137225076352034,0.745606477413036,1.3306897635878085,0.4316150413312913,0.5922846277249116,0.20925704514910692
497,0.29076035502247366,True,4.4739568745664275,35.855749790146824,2.543807826136403,3.419468381811088,1.2248097506129192,1.0094252950756042,0.7113268045238712,1.4410733359066117,0.05413662281509107,0.41823010466319616,0.5576662309480457
498,-0.5029843588762373,True,4.025768544391361,34.23516924887998,2.6894118061324606,1.2116430971930794,1.8175983653147498,3.144258598769013,0.7588804574161756,1.3741811146493876,0.7334208162480429,0.436507081529796,0.5634929184702041
499,0.39310836823476897,True,4.296903216060864,31.992884909271265,2.4311300186553124,3.5895852970696156,1.4721935448280343,0.9238714925072722,0.698403216750181,1.4877916418017445,0.3143723175900015,0.5131083009395416,0.4868916990604584
500,0.19511371547553466,True,4.147825083917953,33.10029445500607,2.362354255095162,3.7846314088472486,1.5262043891280819,0.856946101073032,0.6711536465233252,1.2389342008601782,0.3995209762534291,0.3817596106995252,0.2529033639810827
501,-0.059982453704892975,True,0.5075188183555586,23.89221630682931,2.183778511855154,3.3044610996996977,1.3119506944629071,1.2183241057862335,0.6453028022525815,1.5978510993372412,0.2772394251037097,0.42114556635988876,0.5788544336401112
502,0.33873443620656474,True,3.920018083982923,34.16366143704519,2.250099242004756,3.5015724603651877,1.3858120541753902,1.035109129736987,0.720969615549502,1.4131301678663852,0.3666993807510838,0.49542117169728095,0.22646737022899316
503,0.3132232058446456,True,4.091731303352993,27.576675260442293,2.5975760762123707,3.679199501896865,2.0007377287273718,1.105517373214161,0.7384107624118748,1.0142007608699557,0.3389089963799028,0.3973302945640282,0.1799597756899205
504,0.3238787054206482,True,4.397579274880844,35.42647063573671,2.491822228548634,3.3927425912789535,1.445506607965188,0.9508299647609817,0.6882715754660481,1.5402490804468931,0.41137474734144075,0.4722472237209018,0.5169422085021179
505,0.1876172387798343,True,4.281407891927625,5.013797482331544,2.117664508373308,3.5264898870181827,1.7387885072588254,0.9983399898845191,0.781084900011977,1.3062006932872368,0.3072880792731158,0.5700523292692842,0.19461074819755264
506,0.3600951556521757,True,4.011045791163837,30.308358207303915,2.3042505346680575,3.1805525863376554,1.3549095321255373,1.068601595200726,0.7126135777019484,1.4528828490294652,0.36999349416999083,0.5098536065472273,0.2670028361375074
507,0.139032235234057,True,4.164443941365788,32.46928473549219,2.2109811336237226,2.923459270484715,1.4046639619112424,1.3642947843648137,0.6588843538969326,1.353971153611388,0.32660287699072754,0.4079633188638252,0.5920366811361748
508,0.08636333417239597,True,3.8578835396614677,38.59564454778573,2.3843234038290513,3.625563069467005,1.9089017865274942,0.6901560850458434,0.7649917211646305,1.4903860256909311,0.3485924131910344,0.48892212005601365,0.49595983464651294
509,-0.03350906452525481,True,4.240355776132456,33.71997959813686,2.2609774539625294,3.3271173016110236,1.2826605823542336,0.7694260105767419,0.6254356742738372,1.4129054692495444,0.382000540709174,0.49994449630496063,0.5000555036950394
510,0.21433132509021868,True,4.529203043843807,8.896913398879066,2.3284583846710665,3.486722753584598,1.5907241032979014,0.8729328325928647,0.7311956713939869,1.3260065623458135,0.2828667155399495,0.49614540282975045,0.5038545971702495
511,0.2826099671295849,True,0.35927815820233444,16.955928997612645,2.1621167693650087,3.765456849639369,1.4896935760209509,0.9678085408546441,0.7986258474995934,1.5585430792795842,0.42621077252945133,0.4414215772046829,0.2349745809755715
512,0.35539008230014507,True,4.063054616315533,31.554472611847242,2.2391846676506395,3.2350267293777106,1.3386692165946192,1.0281455350656197,0.6836078562417092,1.378688128131287,0.34940831927368654,0.6894742739458577,0.22013865391642334
513,0.11654769022044016,True,4.405044063451258,36.52147442637632,2.441104997456274,3.422818366430675,1.4277921702293337,1.1381012977719793,0.6957467401717964,1.2692118970053143,0.24082384723959488,0.5776553311110376,0.16265488082060683
514,0.33664937602741474,True,3.95969398296352,35.11430970025016,2.2882068786487277,3.604948800548442,1.5463054909126044,0.9185300724466854,0.748656159519772,1.460958967144953,0.6581783246355948,0.4711332612041993,0.5288667387958008
515,-2.597405805024252,False,0.6516528154059804,32.883437512274924,2.3571343600569397,3.864336671261859,1.363979305826721,1.0753132378244397,0.8297066918762069,1.5130244312240646,0.4533906081038279,0.43386529958201675,0.5661347004179832
516,0.3506678471472598,True,4.18611275611689,34.137183631375514,2.197094304449133,3.3411999173323377,1.6771280302407965,0.988190531147447,0.6687402281756738,1.1831810630555495,0.3959172760463689,0.44821096399419424,0.5517890360058058
517,0.08515935390828162,True,3.315797756425508,37.508538434886866,2.137611256002736,3.5568423295567055,2.2245795167662834,1.1779345914283659,0.7213757136975779,1.4287173511318239,0.47216173343202833,0.408585351189182,0.20470803474206067
518,-0.18863430154505487,True,3.770450225927062,34.897713106436406,2.0712722763398497,3.685326108033474,1.3142468677730583,0.8385687579199821,0.7180311419073055,1.356324318943331,0.3222346838866413,0.46403542469313525,0.5359645753068647
519,0.3142921556987242,True,4.281256858524797,31.451267065459835,2.2514031979815874,3.091393774399672,1.3984339641406258,1.0366449682913612,0.7017266045651858,1.4301040599212296,0.29870068059223,0.46258306749467254,0.512112759038482
520,0.34596284947530054,True,4.074316116604907,42.114170880162575,2.3290571455071247,3.475832722891284,1.4482725583320395,0.9204988191284624,0.7576232693696519,1.2918258499117639,0.3668165845274341,0.4224904111732736,0.48494810462566096
521,0.12463232107576035,True,4.659813889929849,36.000407798052294,2.3954318423239247,3.391828918998857,1.2535335065337172,1.1027248012379562,0.7830000970957506,1.5242688997772764,0.03031069766732428,0.5882097308154819,0.24337629594931415
522,0.12772758719479682,True,3.979235551874319,24.926757157727927,2.224166695842269,3.539352409747057,1.3839907764111898,2.2900691450188138,0.6747568829036859,1.3933791866000402,0.3405464845000948,0.48929397433335925,0.10769206040034829
523,0.33884559901473893,True,4.365766148384653,2.1927501103607243,2.281118127776291,3.2215641664251,1.4790090166713121,0.9796603121010624,0.6491217208895501,1.4762175384665017,0.3855300617137844,0.5659856360472459,0.37699807169221744
524,0.2556480529878476,True,4.172181160285571,33.21215551624577,2.1986250280361226,3.7076370716448603,2.097154717368451,1.0269423510449724,0.8096206150122448,1.221940481806579,0.4101464075835078,0.5347933760382921,0.4652066239617078
525,0.052175099472766544,True,4.109761126741988,10.15613541609346,2.3171718376036097,3.459829837723106,2.6387254465764256,0.8994323053875933,0.7351648438501787,1.3402660776531443,0.31844957282569814,0.5433443616234638,0.21760574930179438
526,-0.004576641227366184,True,4.250200908986471,32.381757487973374,2.462727175089842,3.3110737690859278,1.3090932533621933,0.9573964715519339,0.7040367760235489,1.3945863124882119,0.43522145734454437,0.5123940262010285,0.1846211220202831
527,0.20286034434652966,True,3.945410213857309,30.562104326908536,2.6427297345490617,3.616381119444941,1.418469559234642,1.0839493146289962,0.6829291063909287,1.591911161208698,0.25666688239679936,0.38933174017657546,0.49939594191601133
528,-0.5556846518596732,True,4.481080833983219,39.82575661154563,1.1647655076885408,3.804662598455238,1.343172372981289,1.146352097672075,0.865555515239477,1.3126682276460553,0.3600686188848496,0.5320035115798701,0.25542928211349974
529,0.37122115051449084,True,4.031498580042675,34.52028166884827,2.5299612079518914,2.9717656686987963,1.5108316002807995,0.9993520213673255,0.7733574403037787,1.480392567648997,0.32972261978858786,0.507924917621627,0.492075082378373
530,0.3684500141480558,True,3.6604887826984154,7.126975413484649,2.3630521943723144,3.435339124352929,1.3736589360359808,1.054791642945809,0.7465053600803859,1.441519020429966,0.3785127702577767,0.432475671512467,0.19914142367605064
531,0.3456385004462865,True,3.859398132849229,3.8025145338341186,2.146861976053289,3.557942299836676,1.444470868761167,0.9454616943021492,0.7024636155208552,1.5382208282385068,0.30124372911755326,0.510898034845816,0.4891019651541842
532,-0.08536087544785786,True,4.310005600817669,28.7754428503221,2.2712902381759243,3.3539391620957617,1.287847222720837,0.8610152321491183,0.7244428638526919,1.2554071729613463,0.00026215096765506984,0.4176199153270938,0.5823800846729063
533,0.4576383256421721,True,4.1735082476386145,1.0128468103831232,2.20439720348814,3.676788320893526,1.6015439317361908,1.0166760568703486,0.6695742037595374,1.3646859390533863,0.34596732871764513,0.45239802708438615,0.5186805498658157
534,0.04498285443255853,True,4.115763766164281,1.7452415249202955,2.103664335953936,3.7466165722216833,1.60689141624978,0.7981349257722703,0.6243070574505228,1.3414464721431538,0.3507101532004077,0.4487568286629916,0.5193868831166644
535,0.2305143389880357,True,4.397452340022245,1.274066838661764,2.16241192298705,3.867211002035454,1.650751053836528,1.2415101267789947,0.6450747348704042,1.2891947362885352,0.33357526456899045,0.46959660490184635,0.5048790351299517
536,0.27990121677695023,False,3.1229876785232835,1.090041550941542,2.193238979043494,4.008507342069985,1.6120527005500724,0.9116287950748896,0.6609122167882945,1.3653500997153316,0.36528823182944836,0.4418318912595244,0.522739179656227
537,0.12218651451928889,True,4.2465565236853,2.33317924732803,2.01495995595379,3.668137074295581,1.6520270148623393,1.1111060842895957,0.44174068374424336,1.3792737538091189,0.39432922289672134,0.46440897439813644,0.48944875249236175
538,0.3875127614663766,True,4.018490173536064,3.9490303560192483,2.2191497462789145,3.7054502181014897,1.5455014948239596,0.993697514018991,0.6749342930870539,1.32010875991567,0.3122732862410081,0.41735660425918286,0.5151995874426933
539,0.30522848066093555,True,4.12671907665237,1.9846430313625163,2.3069079218253514,3.6126920441548824,1.5670013137699565,1.0663999505221171,0.6607808145217465,1.3999152916053612,0.34234950925167373,0.45490428065347144,0.5353770758483658
540,0.2520703495118001,True,3.898204238678921,1.1509259152981308,2.4007912228475656,3.7606117323808665,1.6128379656631333,0.9565815287563251,0.6455983813832624,1.3512161882090445,0.3700482300291696,0.43743986851887046,0.5625601314811294
541,0.022346799084585228,True,4.209026637292901,3.190802858577875,2.1082563703469677,3.1007422942811402,1.562838650016637,1.1673314676662658,0.6829644575459045,1.3066474441551013,0.28302351159905015,0.45407596489767066,0.47567184779627414
542,0.24693817283653097,True,4.561952332460206,2.3057986565400777,2.1684696386202473,3.553605268104605,1.50929371001081,0.8542125611009344,0.5852926923960472,1.2627780432359264,0.4115840399412528,0.47906375021203074,0.4991887933450422
543,0.18390055675998307,True,4.3404910168779285,2.9890745877396703,2.242176967839941,3.8966614828379065,1.7299231386283862,2.082606758681381,0.7976890690119811,1.4152313981358084,0.3532891241567848,0.4659984317466823,0.5267763847507935
544,0.35369110911288776,True,4.049557747246309,26.651634068490655,2.3366919073150765,3.2145767200803546,1.691454495455382,1.02263340459317,0.6888948651119856,1.3735893986218661,0.32995006699102436,0.42831707199099434,0.547490826727725
545,0.12841198815450355,True,4.207671988331794,15.266350931553584,2.442467519730642,3.6643956452877973,1.850202949828076,0.6176844232157381,0.6646649973375034,1.328352151393632,0.2146009329187223,0.4819577727738282,0.2308639296823932
546,0.39459526725229244,True,4.4461121601220395,5.44469587734288,2.2869955598684104,3.5029705471977453,1.4638980094162184,0.9451770054252566,0.7722299262772768,1.226609083499754,0.3891848822336306,0.43394233159916695,0.21303904918425998
547,0.33953010585616694,True,3.9551593307317274,32.41834557687254,2.21291400605897,3.801810673355126,1.9470060538713945,1.0772536293286519,0.6404437989054977,1.430364807103706,0.30617623075506156,0.44738835802196886,0.5087487592011471
548,0.3294477197792252,True,4.114434979353853,25.570073035588628,2.5744608642522753,3.6196447038333743,1.5063626404304085,0.9009444564291705,0.692817676396988,1.3820515265835553,0.3528043301332549,0.4060075981715577,0.5803119028937238
549,0.2236079465044887,True,3.7962928294192255,31.434945768798574,2.138149033896547,3.3927141901372253,1.770065720101569,0.9967838989735089,0.8203121227745954,1.2750434290718107,0.424454174796716,0.4706149443586413,0.44278869225659945
550,0.143947872539238,True,1.5412680904212652,33.5580017905721,2.5060552103330043,3.2708213314386154,1.4275841008498702,1.1352291961437342,0.755620190767112,2.0923278332811748,0.2685220118023735,0.4901906430347357,0.1746187933984352
551,-0.38194045623112005,True,4.324285643192836,29.55667432799627,0.9024523002177316,3.533984162395779,1.5940173259880996,1.053678117558047,0.6684469408788396,1.3391330493878564,0.3720768804470605,0.4911008277215011,0.2729253204609823
552,-0.19099038632263712,True,4.2378622671677135,1.0294252402545028,1.3383629514609268,3.427095480130424,1.4024654227424331,0.9812178256285555,0.7336305080110401,1.4486558110985484,0.3339372311494783,0.45695008631884376,0.2458920621212011
553,-3.3393886187652475,False,4.0368803059661325,33.12741944350998,2.0571264925403487,3.657352011266751,1.4739235989812665,1.210231686218574,0.9294256355857016,1.5098818576669872,0.3195357848225232,0.4207895459189392,0.1937870815064165
554,0.3759798964926253,True,4.1192483614806426,31.7362612574415,2.3604308063698283,3.3281363326956646,1.3763760478981613,0.8897920349797109,0.706107886449136,1.4062340121077324,0.2903247146640354,0.47228491565857617,0.5277150843414239
555,0.2551202308224874,True,3.937691876629263,2.8954094262370806,2.242926362667151,3.1585934820546973,1.4341158708522488,1.0999900453838711,0.7915634864824163,1.3540023186809615,0.44183734100591887,0.5022108895545923,0.48568374527057423
556,0.18684862197571378,True,4.285045127612157,33.41344143409674,2.2961359291259784,3.5566985150876835,1.546678860473069,0.8189599020089061,0.6809171294406466,1.307208476322717,0.4828258321827863,0.5345438008873655,0.4654561991126344
557,0.0245845994619325,True,4.392200556492087,30.53967739910081,2.184266984588243,1.786512208483775,1.3629928163522596,1.0175786626445538,0.7142977678395722,2.4347637478993165,0.40632674809812647,0.6195027558812515,0.3804972441187485
558,0.27728494954965155,True,4.178343359802285,34.428345009613444,2.399549849190308,3.0289897366257033,1.482547331029943,0.9386625117970451,0.6203044770998015,1.6419422384829394,0.3852554544890833,0.6038099464577807,0.22791505373613705
559,0.44183417772924094,True,1.2833880373901119,21.921783771112317,2.262842901550762,3.704741022253755,1.671063075951759,1.0539592087903187,0.6955189631310449,1.4425800138372855,0.3540811466623178,0.4041580753126613,0.548853706235891
560,0.2763309434250144,True,0.10617067058420454,32.66030951420486,2.202530896819313,3.7776672197051373,1.6494039292328513,1.160536364233614,0.7394465177934496,1.4072581140642721,0.35273257987323836,0.3974783122839353,0.5529411543642487
561,0.4081596603416988,True,0.27621977484133264,22.259267509514054,2.254107197578455,3.729326691981982,1.6680977285987468,1.1040145241310757,0.694078161785435,1.3830167970739349,0.36710403230695376,0.28088538951829517,0.5768464132305782
562,0.1984781542025715,True,0.5969924540842685,21.91949498170257,2.143735153082207,3.8339496010603735,1.5925433126565445,1.0552316094949152,0.7583038976392177,1.1970394051926818,0.6119384851506404,0.37695659284776606,0.5457816161464982
563,0.16421168192801297,True,0.7338420837437796,20.46819840852725,1.6903758246348728,3.6688735054850383,1.6369514982643782,1.128171797732875,0.7226847198131056,1.4467722155876834,0.3428826808179783,0.38397943066811585,0.5672808933130272
564,0.14151713826055226,True,1.0125577094737022,18.908699427766447,1.906147776942183,3.9293017815648206,1.6615184634518312,1.0439122552430173,0.3005467589783244,1.2832278032721463,0.3134225166256859,0.3985504350191515,0.5363892766327277
565,0.29798955831380736,True,1.1132288454033046,20.727639337178644,2.2109052905162354,3.590101902189265,1.5692498462898374,0.9832902602338273,0.7029891426460319,1.4882696351256979,0.3904745180505471,0.3552836267711308,0.5498339364140759
566,0.36172031030119084,True,0.4362094217975157,21.448067572401058,2.2736517813287382,3.700104987951371,1.902990609230033,1.199742567560552,0.775717112219818,1.5776715597047866,0.33330001630508693,0.4804126648732447,0.5195873351267553
567,0.13359933715873243,True,1.6787143788004837,20.062843399821425,2.1627125841799137,3.7886963422054283,1.6015400128835648,1.7034151756862506,0.7411563114262162,1.3361499669937746,0.36546923047179736,0.5951860478698731,0.40481395213012694
568,0.36489849228839655,True,4.01207880545276,19.469834357897337,2.3261170599526624,3.623707107618308,1.6955104763593685,1.0811498042627936,0.7198680123375142,1.4244270161323194,0.34483091528026943,0.5737377244062379,0.4262622755937621
569,0.4711308615434871,True,3.755686736834665,18.301637389528,2.257297224060733,3.534472952840201,1.544452574539308,1.0194289599880426,0.8379263881030443,1.367922800972973,0.37762002372690434,0.4892711295551076,0.5107288704448922
570,0.17259577727972666,True,3.6720625192567335,17.248537481714244,2.2594755564139923,3.9377427787512196,1.555709904508427,1.1621604957008782,0.8205653876453477,1.3622767304767551,0.3222493798526898,0.48925541572187853,0.5107445842781214
571,0.2685115999886536,True,3.5984004919133024,4.3160590962450085,2.343764981874213,3.7146164846693055,1.52682814495793,1.04856547176406,0.8717558352327879,1.2978787570852275,0.2977292674219616,0.5017673434957469,0.49823265650425325
572,0.4718681758660965,True,1.3308971290116087,18.050803693695812,2.4747133929842517,3.5390301409970952,1.6163046610415894,1.111064494282513,0.8630497030882677,1.3751328772432643,0.3572740036388222,0.5042724594346293,0.4755125464718083
573,0.15549920375551737,True,1.2439650040294277,18.94264744618094,2.560882289223698,3.5027545905250963,1.6203430584018734,2.493757427616282,0.860916347519865,1.3197301275289428,0.3654149158047886,0.49716886599558785,0.46405340429433284
574,-2.01078225044716,False,3.8155821828075425,20.17721343719563,2.5241050078241303,3.551938867348001,1.6072273742876246,1.2398730223546908,0.8861964774322004,1.358568864056406,0.3537540218257102,0.5049499066407493,0.49505009335925076
575,-0.10197930932062813,True,0.8006775198094038,16.299738426067037,1.4775618198697176,3.4881568349833154,1.7059732133698018,1.1318303233071039,0.8399940300634948,1.2310155542621368,0.23546734657283472,0.49433105062299854,0.47797408571615685
576,0.2866501203106528,True,1.4731387003667185,17.482621803783978,2.462355894405519,3.586066744177211,1.5924271527155496,1.1018321800148443,0.8745680681066726,1.2576697054861667,0.3818456743568042,0.48803851985512336,0.4791694424214694
577,0.31544372652508,True,3.7127928018831566,12.939548626060468,2.6264105997009644,3.4585346393764267,1.6629536349235297,1.0018997012614623,0.8553809559192933,1.3589037649173692,0.26102844233194333,0.5078909688271414,0.46541514328334527
578,0.10620291303684423,True,2.0667469172317734,16.051296595082235,2.0998649141180605,3.6124002928511203,1.5340349817351786,1.1635948111139593,0.8375581177862138,1.313652209938002,0.33060541390010395,0.3681008411132663,0.44570686584023395
579,0.4725435273669724,True,1.687943730090208,18.886032200639242,2.501325072205005,3.4555189538460818,1.6288372323130103,1.0718171636663267,0.8578188719758338,1.3905646542831063,0.34595780401578297,0.48495291876206104,0.48877942535403945
580,0.06252052977011549,True,1.1928877363866968,18.07362583120732,2.5166817071747234,3.412734588507993,1.6431026912506157,3.2827629929536206,0.859448396404011,1.3794612026955388,0.34858881589463314,0.47450342629415077,0.48745094541403383
581,0.24894265348542935,True,1.815218832270562,17.932641569518275,2.584850809326974,3.462731210519962,1.7090116856892135,1.2193855697755855,0.8926409769860117,1.3222704216656898,0.31526557097688346,0.4836166504638491,0.4675905775365566
582,0.4942780564361517,True,1.5144194435447607,18.35566629952601,2.501184350877693,3.366046382893781,1.6095592908024572,1.1050673601332441,0.8337012728416413,1.404576297819587,0.37293045348463194,0.48403837130075056,0.48565745629897894
583,0.22769652003765906,True,1.4239447006354529,18.32101995543389,2.5132944003507687,3.333520965492574,1.6041890070338518,1.2641261453543788,0.8499680613631754,1.3882313901729497,0.37496043847515986,0.48620078523521576,0.47270879696513646
584,0.23252880709274404,True,1.4015813002346613,18.797663692943484,2.459621147592532,3.514468479289424,1.6656097365405838,1.2947944207604927,0.9122717418243663,1.2887049034577407,0.3996153987960437,0.4817935734171586,0.5075938318177139
585,0.3912002377703886,True,1.3444702711800784,19.372703330167404,2.543257409437451,3.372691185635427,1.630738929621204,1.184691975045299,0.8832333485140147,1.3420637060481815,0.3752881275259802,0.49648324103690705,0.49225217590962644
586,0.3387767752080648,True,1.301562196817849,17.597057299150535,2.5073501459055945,3.5288636594919263,1.7410845676177142,1.117795953969325,0.8505755559527619,1.4099025587654233,0.3594930290756405,0.49224487023863434,0.5077551297613657
587,0.26258612314367274,True,1.4686659885228786,18.255274172291188,2.4660206519135697,3.2555848603813136,1.5599293744915446,1.0871634508892092,0.8414499471639941,1.3649209000546296,0.3373423641634485,0.4775333482508292,0.451766938420714
588,0.34916639087109663,True,1.304714394299059,17.338512912439406,2.615194067092637,3.632759578298997,1.622340091149842,1.1867475025725376,0.8671197817657716,1.2513020147619467,0.3920703556512123,0.43449188792208643,0.5655081120779135
589,0.27055437110915875,True,1.1751684347157787,19.091882650795565,2.565699818937924,3.4047698340621544,1.5817062664456083,1.1331895954231204,0.8317451283515255,1.325001847732854,0.3609041353792534,0.49417232487496776,0.5058276751250321
590,0.4885845513309865,True,1.591282334975544,15.47032206802714,2.4853116131761026,3.494448510445701,1.6317302451051814,1.101111689258583,0.8508746715878944,1.4058679420818567,0.2933033535969256,0.5037152463831621,0.4807477774768974
591,0.3035871332026743,True,1.6200440621613343,18.402655047950706,2.4863917022361988,3.306330659923003,1.6712762862861654,1.170636972456622,0.8826193381871074,1.391423875670829,0.4095096980320606,0.48344497363507094,0.475351222194982
592,0.4498709611974593,True,1.5335745534770158,17.224164858394595,2.55914051206211,3.443032381436844,1.688742454741077,1.0974677861034356,0.846162056017702,1.4188547551983062,0.3243458935281586,0.49799647554728277,0.4694111862503958
593,0.24671387317236754,True,1.5329995992867487,16.336522229067064,2.577744460676801,3.46954055962917,1.6832404428011454,1.1282685127694694,0.8472125145463929,0.5062914797794008,0.307483993202336,0.4985574255840481,0.47486620002821206
594,0.22931696306109917,True,1.8830100137583758,15.1187834046287,2.5716996209558127,3.5228698856632183,1.7416852394331404,1.2241231208286116,0.9091215058690949,1.3472745522886191,0.3812056789225995,0.4994508142341063,0.45541477118719775
595,0.2106015555910401,True,1.4619408029011056,16.660627220094966,2.656578172924287,3.450985302868999,1.6963317406797496,1.0999417350076786,0.8442776421969554,1.4081019263279067,0.33581190078753986,0.4732871156117942,0.44247830827351853
596,0.3833296506866232,True,1.6616785996410897,17.102584391028923,2.527741506456895,3.6704784121843277,1.6282997435342978,1.2991527478999625,0.8741982618097228,1.2824028387054578,0.35489569241723073,0.48402224974228863,0.4705838194702154
597,-1.7207952364467642,False,1.6508718445376038,18.183229593498176,2.7327723374398003,3.558041442264617,1.628377234909263,1.1896873188371584,0.8622967459173392,1.3703104875556615,0.29183186674854034,0.49057536362184806,0.45845596212276174
598,0.3484252649427265,True,1.395512128418146,15.961895604224656,2.4931704373495474,3.409109327117285,1.7699357548524435,1.0741886402766752,0.8987450346309452,1.4226153303259985,0.32118997171427643,0.5049992116519235,0.45596202164369537
599,0.1949534917967229,True,1.7503932448309993,17.459754096799713,2.5438965637295805,3.61617391322128,1.576201785541706,1.241727810410101,0.8310533281676942,1.3314243427940389,0.42126174440889164,0.46439716740296405,0.48176703604865906
600,0.3028801222623409,True,1.7580064555975543,14.345690446413107,2.4674394226481384,3.5042074392262372,1.696726163121594,1.5644243794551054,0.8452214622314826,1.3695162383929962,0.37269220923536805,0.5012149407933718,0.43716591551972095
601,0.2297751443221495,True,1.4772979600847638,19.595080287346477,2.582941320430168,3.738095898749826,1.5809141375065412,1.1321017264020985,0.8215068837145092,1.3071669571960343,0.34274067736055774,0.4766833683621489,0.463383803969431
602,0.284329805203858,True,1.5470706939808405,19.77493266911785,2.626352624168583,2.8163454984287393,1.651784433088385,1.086769178718607,0.8800419101558998,1.4263525655758797,0.4578490561331316,0.5091309419715794,0.4824221980310744
603,0.512059595017742,True,1.5937773336738967,18.103335434722204,2.5015399884779237,3.3722509677927976,1.6333818940793867,1.0586480489071861,0.8246922165582161,1.391787086641159,0.3902541010472482,0.4494117269533358,0.5505882730466642
604,0.14334680000862476,True,1.645725155386985,18.42268441558546,2.6934312454582874,3.322260076218353,1.6405662891381207,1.1591722496578365,0.8197539013888127,1.4049618435322446,0.4059010229196461,0.44713083919289587,0.5528691608071042
605,0.4067020671204459,True,1.6102012123623146,15.59793599794095,2.495380309420166,3.369418434947084,1.734900394889128,1.0621292008168022,0.8523954513041038,1.4424183369377663,0.3964249056899929,0.460822786872697,0.539177213127303
606,0.3314582287991455,True,1.5515807486997786,17.076144865771553,2.4354875530174036,3.422108461702325,1.7087218990738713,1.2019973304557823,0.82825066287771,1.3894018852737424,0.42679798915342754,0.4358471054400392,0.5641528945599609
607,0.3922136849404503,True,1.5667971989229137,17.98608074584958,2.5255595737070795,3.2556614929875227,1.6119320380779976,1.1290408073483396,0.8640557027558957,1.3700469730484777,0.38305202210324446,0.46025376946946994,0.5397462305305301
608,0.47256252862638126,True,1.4092794595742584,19.31258762665979,2.6085144399006546,3.460432319372064,1.6552027936915787,1.0762332712685883,0.8366333654946213,1.4544606954707335,0.3600672246635404,0.447118678539332,0.5528813214606679
609,0.09113452634007557,True,1.2470840634675926,19.558724304463997,2.6569610949507205,3.3303230387268257,1.6801005364421944,1.248101642216494,0.8254605183446893,1.4414773018054137,0.3642889411218646,0.44400638348365146,0.5559936165163486
610,0.36081845382368744,True,1.728846762544322,20.593653256092427,2.6032531585220493,3.414606510197605,1.6732338343389528,1.153966836866633,0.8413574293302143,2.1466462538084166,0.38240574165934865,0.44567842605744734,0.5543215739425528
611,0.4541944180243098,True,1.3805260327543745,18.49265306928009,2.6138357186378904,3.5126156596324267,1.62996050785904,1.0738137799089862,0.8598572946341486,1.3939489105888587,0.35594251041531005,0.427781555864495,0.572218444135505
612,0.32777301363842914,True,0.9078256626176752,19.01059431785714,2.6302329718502158,3.350457116966085,1.7853497139499883,1.0817308068812523,0.8530092015351665,1.4427039848342083,0.35866525091768126,0.4267247597358577,0.5732752402641422
613,0.15774993569987755,True,1.4258974323776779,18.515940434351656,2.736008471986839,3.2321885931290906,1.63089558388207,1.1723515508402906,0.8668827811155755,1.407512714811887,0.3494991670075129,0.42862095059760413,0.5713790494023959
614,0.2982481425302735,True,1.507405014663199,20.88903818965353,2.5903468106203857,3.4366682865405602,1.7058964198366213,1.3541471294283745,0.8340272855969463,1.449453178926613,0.3416441321544033,0.42666994383433293,0.573330056165667
615,0.42563914984848844,True,1.3752446019258233,17.030227604777284,2.552664978723551,3.5072649702131327,1.6183718694185696,1.1117802179649938,0.894320561828757,0.9197368074724812,0.3729520154940903,0.4275581728450508,0.5724418271549492
616,-1.78108976394687,False,1.2775600137126253,19.878046250983456,2.571920657704029,3.169614963296952,1.5740138415835716,1.0728365539592741,0.8776778064109771,1.3919210419931938,0.33145938958350507,0.43331769216661786,0.5666823078333821
617,0.14164623978613292,True,1.3492501517157507,17.498701688523653,2.685664120491384,3.342962851441372,1.6572504634136058,1.1947703305308588,0.8160954501432303,1.4084335270457045,0.3597504361197502,0.4232511676801698,0.5767488323198301
618,0.05436704017273,True,1.3731935104635753,18.41327600060799,2.6442076076133953,3.508035540744934,1.5987279798425467,1.2928168776899416,0.848332645034416,1.4563164754135225,0.38587051253763216,0.43885222547975355,0.5611477745202466
619,0.341738227037607,True,1.4575630299945892,16.930640273986246,2.616238658803667,3.4447986641323385,1.7203192536531144,1.0689683538209078,0.8646927590331583,1.3600585878422242,0.3248154311230467,0.4162619161102197,0.5837380838897803
620,0.37527178392855187,True,1.1538130721117752,19.732458879435256,2.534649934121749,3.6105260017193186,1.6526360630008214,1.1365541114573479,0.8364794568621264,1.4189190716185731,0.355117303800886,0.45203528788482633,0.5479647121151736
621,0.34516079633443897,True,1.5812836357106157,19.00919905606154,2.5008377513233455,3.286328366363949,1.579049666176456,1.037700596703334,0.8165403035512285,1.3457791728149757,0.39530932456386353,0.43742491305017583,0.5625750869498242
622,0.1509151279363142,True,1.654991424701043,17.978648615861218,2.5494096596590565,3.5496590777996246,1.6308440692779458,2.706748703039135,0.8576744150085422,1.1296876870782357,0.5723528455438074,0.4445577267128173,0.5554422732871829
623,0.3816404299524814,True,1.305973964170257,15.85077468464088,2.6138243597827944,3.39640953831221,1.6799945739854654,1.1050172353438126,0.8370313809774966,1.3852972455787844,0.34327881126087467,0.43838097244415536,0.5616190275558446
624,-0.013980232783427186,True,1.4878170156491979,20.747403741209382,2.668301657242142,3.4953331838111943,1.5660454126156107,1.2336353728478615,0.8071648913974921,1.4583608084037174,0.37158159139017377,0.45967045060859185,0.540329549391408
625,0.3483811658720097,True,1.2145166674497203,17.596862972810236,2.4840715587652884,2.7645430570036,1.7507335403755246,1.050145481676034,0.8509132645702827,1.3898854704275494,0.3175812804258935,0.45416783861098403,0.5458321613890159
626,0.3077175835606539,True,1.7150365377747918,16.614920963950464,2.594546496935307,3.1347560671691195,1.6084448333155252,1.1488578954075985,0.9423872673539067,1.4287503169304783,0.3672077278659063,0.40633182240602184,0.5811976284252364
627,0.23357898932343737,True,1.4214873879565364,18.706189593227375,2.5227391481149684,3.6880334742594925,1.6496729733378743,2.1593243156411166,0.876946959864513,1.331587924568896,0.34147690505985717,0.4171396604329558,0.5828603395670441
628,0.2116968534344993,True,1.0515034223836386,19.66574613121138,2.782939880382186,3.2669727034762595,1.7114829639954883,1.0474726271703554,0.8082550765835478,1.2904033027933273,0.40042519949903843,0.43355169511489106,0.566448304885109
629,0.08269580252831879,True,1.517006524530567,14.92499102134912,2.6850678288561163,3.575558843216843,2.9097393532403366,1.0956394450439393,0.8270008852395904,1.3672455958835958,0.3848541385247066,0.38013015788716215,0.6198698421128378
630,0.25972751921408094,True,1.86251609755956,21.033540292689494,2.4610898206163148,3.3715391660561513,1.563221838743314,1.0354229221551252,0.8983009072020149,1.4691326984622888,0.3210486562304578,0.4229899756889965,0.5770100243110036
631,0.425441533820693,True,1.9626487322441362,18.009450890618407,2.5627885221740563,3.4597729701273567,1.614008970613023,1.1580073792376089,0.840733411366561,1.4196053070512522,0.3472138220619376,0.5185497788886012,0.4296915082888145
632,0.3094023421043707,True,1.3387126584296005,16.539251272108277,2.4856206359826265,3.666925928841723,1.8026643580138033,1.2067011423744118,0.8675692165057701,1.3271066768879316,0.3626573606142955,0.4502251426002608,0.5497748573997392
633,0.35599441546731636,True,1.6669785455808865,21.842980828839657,2.6133458183470917,2.8980341730056196,1.6774279082621193,1.0489985078790316,0.8126887945921354,1.374940493427503,0.3091886125706468,0.4361942873758581,0.5638057126241418
634,0.29258491344592963,True,1.5185992244107713,19.338798407915718,2.444191113243657,3.5577071504219107,1.5497672381523775,1.0862776604176394,0.8569624707059156,1.468804542877672,0.4093315538009263,0.452780199921406,0.5472198000785939
635,0.4678157308988971,True,1.5807323392271135,18.63673217219896,2.545795956556324,3.7983999977481377,1.6015059679185155,1.013575590019544,0.8299843263221678,1.2795317995132982,0.378584730804527,0.3175774813725428,0.616895188771133
636,0.43153082844503887,True,1.640997103676237,19.084867921164697,2.5856506522083813,3.833326308853196,1.5810221081595095,0.9917710635703623,0.8278297862066966,1.1771697370822167,0.3873026741478979,0.4226930543527526,0.5773069456472475
637,0.4663826216856989,True,1.7666510812870688,17.783692117924065,2.523665283381176,3.257376163910065,1.6213656549524011,1.009786511507693,0.8213078738408481,1.2261935980493217,0.380670523903501,0.2610186840821176,0.6047680150471988
638,-1.2057204731568576,False,1.753049934842938,20.15798977390578,2.5129189399234444,3.018181345870084,1.5517202110263115,0.9922591227503935,0.8063958908271299,1.2362983192838513,0.40484763742292346,0.26133051222157144,0.6106828123998778
639,0.2543827482764335,True,1.5372720826750532,11.544104090766186,2.6504670297258466,4.0806018027984585,1.6064432377589202,1.0100090900103882,0.8253502927704627,1.163573545490891,0.41408904983361955,0.32593433829248125,0.6447599878076006
640,0.3085856111634518,True,1.8157541082027273,18.43808395465903,2.5219845527140654,4.322555115468957,1.5349299701483394,0.9800191760769704,0.800826353788058,1.1972713688423509,0.3940609203225067,0.24755917628698232,0.6206249739742206
641,0.4746744121179796,True,1.7093836965695317,17.79890327844481,2.4814872798466654,3.2091726382960895,1.5920629810562303,1.0235012786066695,0.8137015680117973,1.2321919006692983,0.3782500835986035,0.3560932015284719,0.6350314818446169
642,0.08795415566222836,True,2.00321967395278,15.56871538303728,2.8334520032710997,3.2760682349947743,1.5571103354078948,0.9532138292288653,0.8127358004475737,1.1661361223404063,0.3841366553116339,0.29427514085231393,0.63499766351881
643,0.4565910567801638,True,1.8239500621493532,13.571503980554445,2.461592213922737,3.2387820586076104,1.5220754990257688,1.0174256308471277,0.8302888587168792,1.199192876584037,0.42362095812996886,0.3282834416947277,0.5987062622914376
644,0.3563142033224952,True,1.7493174877754638,15.909429625387908,2.4795032501934933,3.411195174990993,1.528197015326275,0.9468760910931014,0.8314487727993476,1.1123137111788264,0.4236382399547658,0.3208340212173307,0.6022422583592041
645,0.11713978734801261,True,1.8289358348666631,13.761212487039984,2.40355273582951,3.1718529731568035,1.5907659071560813,1.9533931471852173,0.8414632569251431,1.2038751662895906,0.4220779408920918,0.2989822542522964,0.6604660371054872
646,0.2074292103026595,True,1.8857842620835843,14.169484411636498,2.914752846111916,3.2328226044520747,1.6394317251025712,1.0276056542167906,0.812687979696115,1.1283445284218019,0.41165492214065913,0.34809745971068845,0.637095976567029
647,0.4001155803732986,True,1.6909266714159912,15.056490041420176,2.4747233115245737,3.3080318272387443,1.606194038354979,1.1196722368116356,0.8245359682581803,1.1944298731112626,0.43630710485694807,0.33856813635013794,0.6235145014944601
648,0.4394441451608598,True,1.946008499891152,12.484302971130038,2.4531439355226965,3.2027248195242164,1.5346153621718346,1.004422077383244,0.8584442351719572,1.2296680957232855,0.4006338826646074,0.3395928502751334,0.5980866925331877
649,0.31804430039684917,True,1.6351953906897931,16.534344044283245,2.5346731969331766,3.3228414141931353,1.5719210798310759,1.0669381619942058,0.8035286411062392,1.2261037949263416,0.4316692112753989,0.22959137749809538,0.6434561998870192
650,0.3568965757340507,True,1.8113778917506473,13.56219357334432,2.4329472100542184,3.306834732213632,1.6361214845022478,0.9470797295464547,0.832487408438078,1.0658694103775803,0.3831179352477181,0.30245344136518854,0.589980066909714
651,0.2016158581994203,True,1.6726381057621027,17.8959578052169,2.4056113456611175,3.3649411451748836,1.5438844690578903,1.132664888312087,0.8673602788021975,1.1520887207337545,0.4038325433972871,0.30667663484105673,0.5955019861760333
652,0.34734446234760297,True,1.5760335510189913,17.702743117142553,2.434405346284977,3.195775461938168,1.591407919301865,1.0347832144898164,0.8856271207817321,1.2436811834327033,0.3772343640968,0.28128950714268813,0.6151385169790801
653,0.32251210611961423,True,2.206353479301731,18.895234206493175,2.4811230718460373,3.3446205004888867,1.6326219608076087,0.9665600158261404,0.8464047685879135,1.1600263188864421,0.42033200617647504,0.29939187330810735,0.6221928834028998
654,0.3260624235274902,True,1.7739708631660889,17.214003723307556,2.4267683529271395,3.991028117828097,1.518488252998251,1.0970275737553634,0.8204752750898987,1.0872087719812171,0.3973680955634408,0.3293179795890079,0.6475135038217363
655,-1.6881282616905158,False,1.6191474498250715,16.49838115539719,2.487874487870963,3.499285276292109,1.5869611868757962,1.4850613137950277,0.7990329791515975,1.1985850007576895,0.3755336198799461,0.32141744748647055,0.6032776521092078
656,0.39952671623477615,True,1.6855748125747054,18.595221190157226,2.5193204324453684,3.8557163582583254,1.6561058560571797,1.0240830520336037,0.8355520173085111,1.2551562836215626,0.43856250809322317,0.31485267225376146,0.6330789924361937
657,0.3132794811886518,True,1.92256303906586,20.362586625663067,2.4445929189080844,3.2521664974511317,1.5636247895701851,0.9079924084048469,0.8546746647900472,1.1990673317970084,0.8054015269784682,0.25596814511264043,0.6622423419636426
658,0.18291951817388308,True,1.580104160818309,14.793216979623976,2.4170317819620437,3.4039598142664573,1.6320864849410923,3.0551041852948937,0.9207522458097399,1.2667399238367048,0.37198615180048517,0.2728264478918003,0.6278969173862243
659,0.23340748478336862,True,1.7247518122539198,15.822215963512031,2.496371489833729,3.539712410951271,1.5347774555206588,1.167644741648019,0.8138383689762299,1.2384810842776868,0.39964799057984846,0.36037229573302915,0.6080765175533128
660,0.3904122348526245,True,2.371682771835123,19.85155487961899,2.5515917353465647,3.44703348215725,1.7205974973465539,1.0396637429588482,0.8795872443217978,1.2283943625043896,0.4139441990679945,0.3096576040446787,0.6172017315651147
661,0.4728741440885633,True,1.8097434466956832,10.921684642239837,2.4528020254610956,3.609251942705013,1.6087433252052645,1.1064196657870233,0.8421410705006973,1.2723533805338039,0.37428361512991737,0.2947707282514191,0.5728588748111787
662,0.3103436677446256,True,1.8203245492159477,9.507465255888457,2.451530629625089,3.778424523829861,1.611172507797547,1.2591000265578194,0.843981251242272,1.1968777761791531,0.3819561498927257,0.34631373342080257,0.5832337912570646
663,0.36918134915647466,True,2.0542819864246544,13.583427731000372,2.5017944413363944,3.6175171915703057,1.6571993774451472,1.122534145949406,0.827473877353285,1.2622437368668502,0.40039681075232386,0.3171050096628255,0.5863447114087327
664,0.19144496178673376,True,1.9455634878533468,11.204509844552938,2.4531777030238415,3.7856856579298173,1.583798828480104,1.18921101958956,0.8560265015923153,1.263741709136548,0.4479968211695114,0.24096332697260442,0.5744705724930764
665,0.2995441055606118,True,1.6228313289797112,12.415021485768364,2.555821443038815,3.6810005335915603,1.678527812136316,0.9630116872990572,0.7995223138469977,1.1500035869548344,0.371402419429113,0.27280170882911975,0.579474271643434
666,0.2547906722201957,True,1.7616527189125626,11.168036248943917,2.41254241594041,3.5846786560863637,1.532425212436621,1.0778387499263054,0.9024171632206908,1.2140868732530643,0.4218791772322135,0.28482425891920665,0.6002104182115133
667,0.1966515175016448,True,1.4373674803576293,17.73430078706632,2.4950471061313415,4.1717270451028705,1.597823570066802,1.850860111268275,0.821594744678871,1.2721268116905562,0.3890172622057868,0.30860175645193266,0.5768383451042902
668,0.41675221484229513,True,1.5762768808817764,7.607462030764472,2.6060925188640645,3.860358080143268,1.639487575392684,1.0120854675792081,0.8721498051532557,1.2858127398833872,0.3604296102073033,0.29320824183990685,0.5949798687144726
669,0.19640287523998357,True,1.911505129640736,10.045458426731663,2.5379578906781215,3.4972655685751053,1.5252298396492256,0.885783064893437,0.8416096814027574,1.2261131038149253,0.37046120732365456,0.33225271198883244,0.6001953705629113
670,0.21898912070351223,True,1.748490145152926,18.603123744154548,2.4035366362732975,3.719462654136205,1.5874803018194397,1.1223764388959263,0.7979984685980054,1.2865081476552327,0.3918888201703587,0.33612697747714376,0.605895889314517
671,0.43856000746525514,True,1.8439391861792986,11.913816847806277,2.4609897515799357,3.3797407364046355,1.677565553152069,1.0596071378841891,0.8385768363561502,1.1832003699491893,0.42332303466619675,0.35569397485216275,0.3418314632806274
672,0.1937921488098798,True,1.5212796267401392,17.38324217884342,2.694046776405288,3.638922851373714,1.6262984681654675,0.9436726161258402,0.8636847643771869,1.248805221516832,0.3662807424626706,0.24745960229330924,0.6262309416851423
673,0.4028002070203078,True,1.4253529371960738,16.602367559779626,2.587698514091752,3.2270092231396346,1.562391324567911,0.9961988908097809,0.8131802076641051,1.2912150135001235,0.40229295784195107,0.31213755891628614,0.5719279696950003
674,0.32248466863991226,True,1.6891158982835708,14.422566096778827,2.507385953418971,3.5318673130253573,1.7151289290417258,1.183644758872105,0.8281740246168755,1.1665161321746595,0.4504034573500299,0.26527277887132106,0.6132948771701374
675,-1.2740208079781996,False,2.4753434712212483,19.207447048624246,2.414035032195853,3.3269592763773557,1.6248244433423038,1.0922745178171807,0.8827452134868696,1.2208467403946668,0.3776569232566394,0.32791016645315074,0.6369599391167673
676,0.35372762710657224,True,1.8150637777349345,15.708613362277138,2.48139007594245,3.4613389572896454,1.539746579806787,0.92282895844144,0.8530383410749128,1.2910482899202553,0.36226251293536915,0.29007367314588317,0.5865706844913883
677,0.43565852384298714,True,1.7001848358619824,8.548439553803256,2.629957451606295,3.7595183582001015,1.5021340082061057,1.0139177856993178,0.8081952255811451,1.2530772618225137,0.41330599233798193,0.34456154488912166,0.28997246189798875
678,0.4330790097455897,True,2.0660368369071613,10.451349570528652,2.385139024675598,3.1599756478687433,1.6678507307820256,1.0702447330319427,0.7960038056611828,1.129489006163194,0.3941128786457304,0.27571542992253667,0.6085715438466269
679,0.2644254964062382,True,1.5633185457614909,18.832190443096167,2.534749041414463,3.583697540290842,1.591329185177602,1.1448935418833526,0.8400423435298835,1.3035024675231326,0.355224401985511,0.32486738574319196,0.5700834168236061
680,0.489937459659261,True,1.6614224233530868,12.894437151970564,2.436025032039026,3.3977721989591947,1.51319499265049,1.008105076187809,0.8199924577288689,1.2082266110381203,0.4340469983710136,0.33218352361656983,0.4892295486580034
681,0.1743789485597143,True,1.732833206536579,13.600770607712883,2.442940490266575,3.323666520694658,1.5030310689538244,0.8807840477187844,0.7925845989139975,1.1776548282814403,0.4435896014161715,0.3387759113084954,0.493563121320361
682,0.36602474929968115,True,1.8718299369539817,12.454076640885255,2.397234286227387,3.231550108498906,1.5127822840448542,0.950456591385992,0.8131447144806216,1.1991193246217176,0.45744913969942363,0.31349654433506247,0.48600996655266476
683,0.2724890420388691,True,1.6502178765817783,13.277612885421224,2.4507106086232238,3.4159289838735156,1.5632606082309883,0.9830985480922192,0.8267323281204951,1.254728969489578,0.42186574545862,0.3253343498752903,0.4806424736943742
684,0.37801605154861334,True,1.5939463062747903,10.50913655757429,2.421101643178678,3.120230443829411,1.5216536628265753,0.9213870648769764,0.8080980615431623,1.1625110225167985,0.46969010001582967,0.33679864508553653,0.49317019537199
685,0.10355363535585276,True,1.6966221172170344,15.272984031625704,2.3740632505745713,1.8466878670194833,1.5627965001717592,1.0049975449712134,0.8297184939155126,1.1411221214271674,0.42714190166808064,0.35935326597125483,0.45830842112888337
686,0.48250663863260373,True,1.82592260802279,11.795064231220657,2.498677232093271,3.2970585762726676,1.519786340863092,1.0277823282195349,0.7938683105914287,1.2234970529493112,0.44882740952193734,0.30292590944433023,0.49438502397798856
687,0.1878219814472126,True,1.6190765966517824,11.47320466905423,2.4816097140320665,3.3673296410657287,1.4951000743940717,0.838068955135299,0.7877393660792655,1.2293025406041866,0.4535277795100722,0.28066344880602745,0.48379898693288964
688,0.2525492936794296,True,1.9817306264987276,9.370777175197592,2.529368652174972,3.451272392478219,1.5741448995220344,0.9618002211877186,0.7891507821047327,1.237477682287324,0.44361038968256855,0.3109570655436938,0.4955467212272232
689,0.3446443343367189,True,1.494869278545535,12.311475805197285,2.398628374011374,3.6415597422921175,1.6001124138358553,1.0543087572005687,0.7988602956866783,1.2861525800860043,0.40844414437676574,0.29322831347579503,0.5050243780556019
690,0.22345218411453258,True,2.1426162285341883,11.594568364185923,2.4839144275803213,3.3778808726397855,1.5428912447667473,1.1275562217778177,0.8157313096418257,1.2785468290540378,0.4943004807545647,0.31070016722187666,0.4673551097051475
691,0.19808231070708096,True,1.7349757869513658,9.751592817115561,2.371605688454653,3.2862126153131688,0.8318153307281679,0.9009928369889761,0.7937359009932288,1.2469398198365804,0.4300046468820041,0.2939079403671916,0.448569266041719
692,0.32187758598673577,True,2.986030999444615,10.365473259814632,2.5559010606735515,3.951181749252484,1.7556479949641346,1.2108786343762743,0.8132373458601968,1.3029370200559702,0.478852588371252,0.2823330652798182,0.48025927838814014
693,0.21678694389261127,True,2.628468664332036,10.853523501044153,2.499313126527126,3.5689678775255103,1.6961529801054744,1.6266593235942877,0.9656877829533168,2.3270860805350173,0.43710232473019445,0.2966395704315628,0.5004495927421371
694,-1.3016547432695873,False,1.8359790128827558,12.85547095267522,2.4406141710954534,3.4699938192643036,1.4989032796208783,1.3211608790690232,0.8501475268209077,1.2133276882205488,0.39108577610899786,0.2680076612888829,0.48836824955239677
695,0.09962223818584255,True,1.5732285055021913,2.2433977072585183,2.539601093979588,3.6718708185806244,1.644552381506263,2.8797874079635792,0.8228668202125553,1.3166389674718781,0.4047874710489832,0.31416447299296363,0.4696172194206308
696,0.36971220815261324,True,2.7354178403474854,17.844756957650798,2.393066230501546,3.3784622933449615,1.5895612364851168,1.0314777666550592,0.7993267555425928,1.2572118036038993,0.3832708150993151,0.37303799120633935,0.5037562751366089
697,0.3641404697148578,True,1.4847689198233234,20.09977556506902,2.3685420744997994,3.51948200286348,1.4977899395780705,0.9735629756408664,0.8439964944163093,1.3136058646524935,0.7765438840678409,0.35090599069617273,0.4958802954663287
698,0.3905656330112835,True,1.7554408671628705,8.51975543724097,2.4459423485858394,3.7235058650094834,1.6122084493996607,1.0956620136144855,0.7892915505614596,1.0844161084484614,0.4012511093527614,0.3016138097163906,0.4491010517964531
699,0.3856427182948954,True,1.92569945993821,1.9965175799440722,2.4936916881547093,3.3140718627517627,1.550534116079618,1.0295590340701395,0.8214984495869294,1.2769892045691476,0.45217016232885293,0.32727063349257435,0.4737773378025401
700,0.3501648625845331,True,1.6121784255749738,16.867389296284212,2.57628386848839,3.5664785739364744,1.6524120086147696,1.155026241672611,0.8659528794311314,1.236947339609034,0.37893159765775675,0.28623233531991027,0.3095693137633579
701,0.1366671145728568,True,1.6784643052041364,6.053906461322574,1.7736869216509838,3.4380713240916942,1.5642335802197718,0.9772376947651686,0.8375858031456341,1.2157472268345213,0.4696232129504128,0.3199745671523089,0.5091858165301708
702,0.11672034374987039,True,1.4254139740352907,1.0331695146020972,2.5280024857949748,3.172489962772322,1.7087677079083845,0.8734653529925968,0.8072662644296268,1.17634994540124,0.4145485517216473,0.25313448717615383,0.49340523495815647
703,0.44126866250415453,True,0.9594041052090516,11.940872331048611,2.4352741091909813,3.863824590571883,1.6080415880171854,1.0862346122003705,0.7896922813461451,1.3223159179346078,0.38872012153766256,0.30408694405617626,0.46524057220628123
704,0.32849643192409905,True,1.7648262166106703,19.42655627015958,2.3497369871595635,3.4618684157380604,1.4913741652090988,0.9304868922734268,0.3468629631575604,1.285402812977239,0.36884239627719906,0.22538774643086776,0.43132833533234666
705,0.16374726053967512,True,1.8561310782864056,14.655145485699599,2.5105948590917895,3.646676285877697,1.661664909273897,1.053931306789132,0.41247596288591204,1.3281729388188945,0.4348281698246573,0.342656536517268,0.5123969638194699
706,0.2575132979596418,True,1.9942661428123887,17.971992351880793,2.4653864904331373,3.28976303627514,1.5257012459902595,1.2489013412798324,0.5444361986725604,1.1105923749307984,0.34040690802014123,0.23849314146663447,0.4852247544570353
707,0.3804554414459775,True,1.533541257696846,21.0908011611434,2.3782068123699522,3.7796218243198987,1.613137884471179,1.1269771362563952,0.876190554664992,1.2634285947446704,0.3638950993896103,0.3623517953825614,0.4825794591458036
708,0.1677643827311139,True,1.6121350567340464,16.415568950446726,2.5802618058991427,3.543426602798094,1.5647091449003299,0.7488019152298884,0.8420071588223005,1.186157385242088,0.3908402516326364,0.267846714549025,0.5010832829481973
709,0.0878075522252563,True,1.4383321990198579,2.748502433718461,2.403983939945069,3.4140696566363573,2.291966963350465,0.9911432050525222,0.8219554978299022,1.3082669366931539,0.415475964898281,0.3148751206131339,0.32906581199870377
710,0.4064915898120267,True,1.67308092456098,4.604685153471679,2.4748528570540773,3.6399386712039226,1.7372512638472413,1.038520270009582,0.8073599896984591,1.2595976415441006,0.33953236735607123,0.5178249235278193,0.4560123223338708
711,0.30394708079895966,True,1.7498876503284657,17.492503372331726,2.3551012935907814,3.235430472855056,1.6747849576478333,0.9212975832147441,0.21112989254635495,1.3287676023284085,0.5223417604761961,0.29288536205463367,0.5103186801817723
712,0.3698709318648409,True,1.5132948635723389,19.644378924471372,2.549886123080659,3.374753899176404,1.4973945100390589,1.1109510703492615,0.8583278004066052,1.2176465680966615,0.35326612687664694,0.5130604970543194,0.42075496730070744
713,0.30185763210847444,True,1.8237279018461856,18.10575285020156,2.440644824101917,3.524620425633444,1.639610326391013,1.1978873035793494,0.7791238256488348,1.2902259262479299,0.37572648903723954,0.21270560125754906,0.4724526853443782
714,0.165067318575277,True,1.3479993433732418,12.697747299963373,2.52262931957011,3.0970695802481236,1.5729858339984357,1.0039928774500815,0.8910487578866836,0.7251613220107694,0.41088821781023815,0.3346133065482303,0.2827888292270155
715,-0.4736559674460444,False,1.5648047874197286,11.018114482129437,2.4123145646918434,3.574232786392464,1.4831293392433351,0.9549215872605155,0.8357666162173085,1.042812946902407,0.4378323926849969,0.30392842676656134,0.48919163160742757
716,0.0061416557746362364,True,0.8592163552665186,16.179255461250523,2.349452277967791,3.7026946405256425,1.6043748563245954,2.471521642829015,0.8096948495253137,1.34501949889365,0.38073620441356487,0.34860584488077906,0.5607394796891668
717,0.2918129468340399,True,1.9122008442621294,3.569070883228105,2.5901023158132386,3.326189224232574,1.5340631046996356,1.067962076552489,0.786803888010084,1.2209136725843504,0.3534092152153138,0.4927503618490831,0.26650531788843446
718,-0.02066645243260312,True,1.6717570636271015,18.977320937570816,2.4921852834806804,3.4385674077163917,2.997709213110401,0.8451475995872121,0.8502821668742419,1.3370727515456238,0.33372612466954854,0.5063142211473413,0.49368577885265874
719,0.32689613389552347,True,1.475442511208573,1.0008771474988825,2.3403364514750273,3.610124739610838,1.6986773612932682,1.1539451674813408,0.8252432861298099,1.1451602309722888,0.39954391359497826,0.37554240855351717,0.5183728952531381
720,-0.6606228305681567,True,1.7656993066349402,14.314394663753394,0.776224827393497,3.788468043643696,1.6305709213818131,1.027312054215664,0.8665598559497034,1.2836995499489476,0.3682638908879626,0.4865302511172764,0.49830935386320024
721,0.18399465784415486,True,1.6069845625580523,20.205525463690822,2.4305343984454657,3.262391830055873,1.5551995723145307,0.5626422960275326,0.8377166730536583,1.2467390557502938,0.30240161847497604,0.5095602014451642,0.47427951678171515
722,0.28153364967533423,True,1.6652478806386546,16.60065461775156,2.5277288241677014,3.4906003617479504,1.4759574222907044,1.42970080196867,0.8197207534880591,1.335735668757617,0.324933157852575,0.3167893290374906,0.46158488596811276
723,0.32871515790978184,True,1.1976976788492877,9.120216468336977,2.4765288636707234,3.365654372718033,1.66670282802528,0.8969004574657331,0.7995834022815409,1.1840605093978738,0.38945172509249,0.4480005139020155,0.5519994860979843
724,0.3155413048916126,True,2.28430565413177,17.923099025127186,2.5605324605058746,3.485711794756511,1.5870096675613194,1.1008484954460718,0.7823843876772572,1.3065312910568332,0.34709078025141565,0.523561221193633,0.43784002276790546
725,-0.43845135874347346,True,1.8301681724392764,18.871108524014822,1.219450169177425,3.1805244828658465,1.530085501949544,1.7880280022141326,0.8521131075245847,2.032008066776322,0.4147281926058498,0.4770660992869014,0.5229339007130985
726,0.36879888295380825,True,1.4168389796896481,11.884105432187074,2.3717189932101888,3.63515726653957,1.6185863451329079,1.0019687049560737,0.90595730404585,1.3485383628896241,0.8799725078873344,0.5050649446648012,0.49027752866308805
727,-0.30453705087451216,True,2.0696293946881195,21.1705878746344,1.634335200857155,3.7420909155545417,2.367949357419327,0.9510045185929646,0.8122249135601406,1.2645635746731128,0.28164165222663906,0.47863007688359654,0.5213699231164035
728,0.372539241753052,True,1.5213547140502424,17.042906324370882,2.3218997226998215,3.3859081912941216,1.4769305689083687,1.0583969968733473,0.8344481375201066,1.2165482885320777,0.36276910018526737,0.2899559963535154,0.5865347243844862
729,0.032267669360677015,True,1.3332548125443267,19.491767076123363,2.6402364782624517,3.5581843633101675,0.9321198982599401,1.1537780643528628,0.8748719498217825,1.2959026620579182,0.4628270150366055,0.2611855580026542,0.6159024562625196
730,-0.013710060447399261,True,1.7499535178140668,15.662756348518153,2.4435754794414626,3.8936046585374355,1.7341242662911052,0.9806473124473649,0.786322636566969,0.6572427523806732,0.4296025893656726,0.3012911957177514,0.4795919396922364
731,0.32394025088833955,True,1.5605068359793328,2.9496903679872934,2.3995626210056864,3.2885737155465975,1.581624579920974,1.094009003434841,0.8048933787412843,1.3443629539041826,0.3843798749972986,0.3332596147313276,0.5002040420713615
732,0.07432530155738998,False,1.943237795009237,1.9789651548266978,2.502757334168988,3.4221852804444275,1.6840846205240283,1.2210802857187595,0.8516265208722231,1.2520514100625226,0.32772296772584597,0.4839912381442298,0.5160087618557702
733,-0.38027094008821166,True,1.7048510523063325,10.88293056935897,2.582398647437862,1.4602578881877601,1.532309895675223,1.0334654676160515,0.816635029437522,1.3032430326737587,0.40282684201948843,0.5104916612261078,0.25775003048386785
734,0.12794562343976948,True,1.6198776657106233,13.140664310074232,2.506925106601676,3.5945568141535924,1.6517833122398276,0.88466844654111,0.8297333328302101,1.3601100077757609,0.3565924947938457,0.4578310505919466,0.44505450894534926
735,0.37293937630941465,True,1.459608298239141,18.316881476898477,2.3166352417206677,3.4758519856070302,1.6152292911088355,0.9474395962656325,0.8479446952418667,1.2071094169182888,0.3744471300558654,0.3693738824098912,0.5635653058192923
736,0.33143835852675274,True,1.6999188654657473,20.12836241572236,2.4465972927707194,3.695591366285539,1.464907933071562,1.1007813665291886,0.8841478165663812,1.1564849667970354,0.3397762977169421,0.48282120081754765,0.41072809908153857
737,0.16858700689796302,True,1.7959981142314527,15.195062143145801,2.3748607657136422,3.1044439525399206,1.5534892296177312,1.1679815973475625,0.8005281472546513,1.2706569889392572,0.3039100178043019,0.32402371730536367,0.5865523206222601
738,0.27863360343403537,True,1.5736291203937078,17.454991096473805,2.589317631115091,3.339745269187075,1.5099099667159324,1.0285791833169868,0.49283410537777356,1.2976785211623934,0.3947860620755592,0.46853949536077005,0.45642909770053214
739,0.3263397505469622,True,1.0975850407001746,18.83320538355345,2.313717909309205,3.5042089299952313,1.5887382842605344,0.9700646144803196,0.867482259666488,1.3561694215562574,0.43317567980284316,0.521611576187438,0.35608598721976514
740,0.10150447704082555,True,1.86904069663965,16.80521909811402,2.4670352856470634,3.215623304382742,1.6502614881980413,0.7955950770219123,0.8309549709276862,1.3334596873902518,0.36468644339589484,0.4993724291703981,0.4879527895303699
741,0.32762602096540683,True,1.348894410760495,20.803100569329082,2.5513258042640343,3.627068121727659,1.4627974460459032,1.0606886744951514,0.7756918580770014,1.248053011712356,0.4845855288174349,0.47327452221306127,0.5267254777869387
742,0.24204415704975019,True,2.1508887935320766,14.006323593664233,2.357867166072161,3.799293131753109,1.7276293900741362,0.9010261699019142,0.8187803925510246,1.3700635893330138,0.4538532073730399,0.28327217891078355,0.513537028886712
743,0.27797813035863755,True,2.835869865171777,1.9245488738485539,2.424821082780242,4.047100607387109,1.587070996871791,1.1141955332609326,0.7878005483999236,1.3128755680839466,0.4125082608034498,0.4090198882509327,0.5909801117490673
744,0.2937680276854032,True,1.440567632470728,3.7515636583762246,2.5183173659928926,3.4148525110060812,1.7704099462473117,1.2760983975923765,0.8435278101782321,1.4870523711828663,0.3414845955812082,0.5055251041159537,0.12995496285263292
745,0.2545351197732705,True,1.620459135177969,10.163794259142646,2.659986836401858,3.5620863048405758,1.6393832779231383,1.0160173619755979,0.8064433973582721,1.195616177662292,0.3768737058209679,0.4696100235514469,0.30045952078269983
746,0.2853339875980815,True,1.6831274530896534,18.32172924362737,2.478355875798722,3.2925724169595916,1.5340711890127112,0.9545773600440527,0.862729517002598,1.379930329911523,0.967239641789273,0.4510068612092472,0.5489931387907527
747,0.3626307738623539,True,1.9707166198858712,11.754731941726453,2.308508183257095,3.4791923402887766,1.6893328051403063,1.1720541715298818,0.8376977659335129,1.7683016395916684,0.3216263991212839,0.2737762374605672,0.4667686681720344
748,0.3283633984098763,True,1.225891850857602,7.665861313750277,2.413201464978065,3.7096082944676625,1.5012067933754198,1.0662791236641396,0.8200822720182069,1.2408607180174982,0.3530180279983301,0.4656550789846189,0.5343449210153811
749,0.21856572211032646,True,1.53100195506849,5.213484346931691,2.561709403459007,4.442574883980592,1.6149171066529036,0.838616788859972,0.7937276273324438,1.3145737038777108,0.3916984793271425,0.30398614237495536,0.48180219644941585
750,0.15534256889406914,True,1.8063976691126868,17.675457978834746,2.624224103165414,3.3584824403077977,1.5640759763919352,0.9941888742017669,0.4638924653873904,1.1055222473939177,0.2902094429934792,0.34767871109335224,0.5052604765810262
751,-0.4201258665446159,False,1.620332700299079,6.748818905295009,2.193922414689577,3.5464177764909945,1.4488147324185257,1.1237824372714087,0.8544780263063093,1.3518968066624915,0.3702486376150347,0.4859745870942107,0.5140254129057893
752,0.44946488329576273,True,1.8968578054950205,19.693979924400967,2.3756218046918396,3.177506912162077,1.629801185929752,1.0535289374387364,0.7757649154258967,1.2752863697920087,0.312338348716525,0.444823573118775,0.555176426881225
753,-0.060446937687056876,True,1.7415992281158805,16.520903270381563,2.466946507511961,3.6180573412919523,2.5843738797620395,0.9572005971231997,0.885805288710772,1.4331793054231539,0.4101113787224057,0.5054837005960895,0.49074090489940764
754,0.3398599736238441,True,1.4960844029928033,15.070920504123771,2.3034671535460265,3.437285995726727,1.6902584818969486,0.9020621567138343,0.8235821256085996,1.1679189061082185,0.4369876551027459,0.426390749924395,0.5736092500756049
755,0.19069633196589456,True,1.6148168119165454,1.0580923921803425,2.5130144834482726,3.2732923001974026,2.743209725096654,1.2040549207238396,0.7973830281261766,1.4831682642680053,0.3292063948693766,0.31734738486358416,0.27097753347277304
756,0.41125289059317593,True,1.298573616157931,19.35334459037452,2.4020209064343807,3.8890920804018103,1.5552259390469294,1.0226376306056988,0.8402497102468798,1.396040917427896,0.3853964693165221,0.4766335044219683,0.5233664955780316
757,0.2183187535599785,True,1.3820350423416943,17.601802932795305,2.7178688153497355,3.7031199194995255,1.6019370457775788,1.1096142408893792,0.5963344802532583,1.2109455987608273,0.35188726769772216,0.23723348142385806,0.47476183729345667
758,0.4213953782758274,True,3.3855768690665764,2.90527187670003,2.1615212821249243,3.3749118304384784,1.493740329371127,0.9897512210861139,0.8725125741973199,1.3266148068799801,0.41682457295774955,0.4365093244001165,0.5634906755998835
759,0.38630560525957863,True,1.718600401833512,13.094663951074791,2.2282878060210782,3.5227251915683224,1.443673509416474,1.0687209158401554,0.8113775940937337,1.2690960015938817,0.27408166844553217,0.5113790239211969,0.48862097607880295
760,0.27171470184077434,True,3.16984200932139,18.45642712517904,2.3451445262594293,3.0234935943197794,1.653892934730064,0.9249630747010539,0.8321156636574416,1.375339749151442,0.36921333560323577,0.48014624634244985,0.2450869102862951
761,0.19848913224880044,True,2.0309843830337795,17.140197339133277,2.281150002578785,3.642218394634636,1.527533305019849,1.134667028968881,0.778045008041569,1.4312397863860002,0.3958563793362951,0.43269776894770196,0.567302231052298
762,0.19146908664896795,True,0.9504022634802733,10.02884138253665,2.5366169389668505,2.4042581174295217,1.5865699490890577,1.0306702456817662,0.8066959316529189,1.3014674960340524,0.33317096151145914,0.3870051453650731,0.5886034273503016
763,0.3394823425324776,True,1.822888095620193,15.700608111387872,2.430227214216587,3.46256362749858,1.7085013378295182,0.9944881329092329,0.8482198127222698,1.3539795974515745,0.5038089814701809,0.46976595025616497,0.45996580512274354
764,0.1054845981042691,True,1.5101958798453423,20.073633549394167,2.4894493762613688,3.801472864714465,1.5504421294903057,0.8481380600753579,0.9089531221699046,1.2220593403569229,0.35110183292997016,0.4555392502522214,0.5444607497477786
765,0.3410064214276035,True,1.4329937136047712,18.754620061049685,2.6030684015907046,3.3244560580594946,1.6450641994357467,1.1811597698120966,0.8620181340048645,1.4756155669466722,0.37816140889962885,0.4526719467900714,0.5237824483126993
766,0.12482150177835481,True,1.6728880348659492,20.687239412992767,2.1346390276234346,3.5518568915263784,1.46892123086413,2.0457808716464325,0.8294247919706831,1.3852121707800444,0.46739462675161536,0.3368401684413397,0.49858555511648156
767,0.3140936754410975,True,1.5701108401653259,11.095756671438744,2.334823441103466,3.2117095910456586,1.5084851943107882,1.0851668592527866,0.7910787791158648,1.274508314657987,0.3036588835919332,0.30917012735016697,0.5566965082772037
768,0.4144118551817381,True,0.6848965763878976,2.0959620652678135,2.227745378129812,3.41268182442807,1.5833383728145403,0.9379395350548116,0.8179189907630865,1.4157510958475332,0.4258374411878794,0.48704941072852126,0.5103359030443145
769,0.18361914286823985,True,1.7544475792954706,15.998768715869044,2.458670852781392,3.5972641017625215,1.4231602897786713,1.0588924343176729,0.5704090844965728,1.1436990882129967,0.398654549821736,0.35931014849445314,0.6406898515055469
770,-0.9494927013888681,False,1.0933685228639756,12.502723367870528,2.388569069495835,3.7104947189812165,1.6089556247496035,1.138766969614091,0.8507186618991454,0.7907593483653083,0.3584028579448597,0.4970686213361462,0.5029313786638537
771,0.3311819720990318,True,1.5985781169164905,4.37235522259632,1.9793226593448168,3.471167267692013,1.6645158421193809,0.9943127147198766,0.8904732708004862,1.32248019196632,0.34093970936066215,0.4954544486511563,0.4762887879483979
772,0.21131763274696258,True,1.488710375512878,17.486989579263387,2.5595281204683134,3.305568173619053,1.7547984583399778,1.260650904568449,0.7712073639684481,1.4538499631422384,0.4456471270113882,0.5135783315870743,0.25775802804675
773,0.35003362907836466,True,1.9019699102533587,19.063744618983357,2.259728272190118,3.1124790897320027,1.5547699900869818,0.896141289793567,0.8072727021830266,1.238538452751935,0.38045873119432766,0.45593437681370436,0.5440656231862957
774,0.39311272236133593,True,1.3954448430183464,40.80430977325007,2.3013470729996715,3.538331120252909,1.4434657122906809,1.0955251242372726,0.8380109363542193,1.357521518559318,0.31868103182043334,0.2912610560900447,0.5995432043080354
775,0.4784451543132898,True,1.8135912526269322,8.807273589949292,2.1833956000404156,3.66691463919773,1.5116092578180544,1.0261817962252289,0.8232444533074152,1.4996149238878196,0.4080439671435758,0.502415515480631,0.45317222337802676
776,0.22530763913118074,True,1.9941445479259667,7.867110299114042,2.4933212205100284,3.8326916353419085,1.5213026380818873,1.2106835545854102,0.8246779679211479,1.8908542027963202,0.4162931093034044,0.5000865887666922,0.49023242246499715
777,-0.050515967495172814,True,1.8017239371019051,11.483066125956784,1.5215336003800426,3.960682127246089,1.4985400931673747,1.045499139344271,0.7960231245292252,1.5074811847791318,0.4327675141932931,0.44960241095234926,0.5503975890476508
778,0.027622223212205164,True,1.8982552732724176,9.696751522469496,2.107901862436025,3.761225502403382,1.5680192654551564,1.151458733926457,0.8615826600520522,1.3068119565299257,0.40916836047327315,0.5036437709401509,0.496356229059849
779,0.25678776420396177,True,1.771586294164064,10.908996306104918,2.1667453857750454,3.728970085904357,1.6138122518636329,0.9649852762557195,0.8180774670035983,1.407393442510826,0.44865156906876347,0.49367190808966527,0.46392637266075876
780,0.2951432570314953,True,1.868819331342965,9.911836424220319,2.432285785999671,3.8559542882991535,1.529157031910744,1.0889116166461121,0.8410786500308264,1.262586058238665,0.3983555889346685,0.46070622925071186,0.5392937707492882
781,0.2639737163522117,True,1.7242740499347238,8.235592036939103,2.6360197748082355,3.7073923524098595,1.5717874941081045,1.030554995844437,0.8049943702022851,1.1789256262153285,0.42309570365495114,0.43106883699088017,0.5689311630091197
782,0.25223545357115623,True,2.0743999420673314,9.220506746230871,2.5339217662589495,3.634152708114163,1.4909098170361665,1.1300648947042615,0.8732106201985882,1.3389094676988258,0.38984409895343236,0.48563575331780134,0.44743401947307343
783,0.16195061682257456,True,1.6678920542466336,12.003576972017955,2.187529731921642,3.6031326497863363,1.6600078340392475,2.322246755389162,0.7847788633457751,1.4545595306750272,0.3765626386502695,0.49865624055848623,0.28216952022453756
784,0.3034627685905607,True,1.8408077376604866,14.194463654146695,1.8428821449065198,3.666869535465902,1.6112909307265146,0.948117085215337,0.8324215305626009,1.3783160892620803,0.40626557325669105,0.5034756734625004,0.49652432653749956
785,0.37987408944490086,True,4.96556305802474,10.86592515493408,2.377112775287055,3.8185898675637477,1.70067776296329,1.0451413429404681,0.8488147209899708,1.2865171433780633,0.36775575308131053,0.4644568509143186,0.48059946505940737
786,0.42608976489659045,True,2.201288488535438,5.672597857526648,2.4709004985418055,3.5670686769513362,1.5306147163660007,0.999498701393449,0.813296848823918,1.2210754826466803,0.47156036130171664,0.47523796638323546,0.5247620336167644
787,0.22799896169772282,True,2.525048222965262,3.361736190774539,2.57621463379365,3.99234001682877,1.4819103199165766,0.8787693417621348,0.792981092726809,1.4131546561009913,0.4396147475048748,0.4698130341374437,0.5301869658625563
788,-0.043429240018702436,True,1.6511043277551165,9.15195807088402,1.566921645243014,3.7574824866106233,1.625132555341475,1.1971069761592799,0.23895132308290207,1.3251983026417227,0.680641592382207,0.43814451374364377,0.5618554862563563
789,-0.8828645671856505,False,1.7947293811494203,12.481351850081705,2.1057628968889057,3.477439491894425,1.5794161276573204,1.0874610452143099,0.8169596471162152,1.4918487577330357,0.39266520341058075,0.3182993146386714,0.2438139401776237
790,0.3429270389238325,True,1.2873136309067177,2.6910679903075607,2.4285632874827554,3.610052986188715,1.665505752241181,0.9347125632912976,0.8582059069742848,1.3558727439861105,0.4219833632096244,0.3766021999946003,0.5465568098124034
791,0.10209359354881484,True,1.9545446444972165,1.786779371160124,2.0436943134655254,3.387193355295162,1.543792453325285,1.3556751740575392,0.835301071497331,1.2449915747189266,0.36935477174302156,0.43706877919743037,0.5119456659162573
792,0.20203721777098885,True,1.566471634257271,8.676725965962115,2.2903054443925996,3.66936254351129,1.4629519490067344,0.7939167691822071,0.780911556538324,1.432373640310446,0.401964056445019,0.44937511986140766,0.5506248801385925
793,-0.23320810101375808,True,1.7011055160641604,6.344965237708802,1.08176498771413,3.5222045148324126,1.6102360493624759,1.0121040576761087,0.8268313727714763,1.2799329305346774,0.3577649629719879,0.45280273519233194,0.47366819926148185
794,0.2756347268661358,True,1.473069445640966,21.553104232678287,2.340295952058042,3.2488252800072868,1.7042149267420172,1.14156730394365,0.8744443409393202,1.1967771637434883,0.45183676611212636,0.3026336137803112,0.4882285401738737
795,0.2943398451445722,True,1.8802442149321241,18.48737300094509,2.2147918042094563,3.3787539045599346,1.5723958864728722,1.0816567804458275,0.8084871342108423,1.3899582964746933,0.3834983904290405,0.32522336798524026,0.4295537542294706
796,0.3985216931990037,True,1.637452334923506,10.156790239371261,2.5384105078999,3.4854773595600594,1.529155677442249,0.994198603867831,0.7708589740356385,1.3217005306178367,0.4105709312843411,0.5127471163214535,0.22717369639402724
797,-0.05407328994820804,True,1.7352611108028533,13.134998104458557,2.5068852261202297,3.6462811598727582,2.1665540798604095,0.7113695975104968,0.8512531671495541,1.4560321639584555,0.35362739411334326,0.42884517343839607,0.5711548265616039
798,0.48569923318819386,True,2.0032923285253332,22.75718399569358,2.3774107137298817,3.895791068373024,1.6341703497304558,1.0515853716185464,0.7943791176527774,1.5192636927807914,0.38487372868182695,0.46464738838418373,0.5286533172418703
799,0.23301921964954256,True,2.0597717300260308,23.212723830522215,2.4132778751358166,3.928744072743391,1.7774517957263194,1.165863754844526,0.7789422184562017,1.5270028283686952,0.4317084119621964,0.4844785469895732,0.5155214530104268
800,0.3909223423691581,True,2.4178926246296886,23.16576164462983,2.3839877150208335,4.150985367267526,1.6750590999212294,1.0793871107360498,0.797764806324585,1.6195032179080058,0.38979991800937175,0.47316080813011174,0.5268391918698881
801,0.2878109859611776,True,1.8497601003475097,16.89073892646695,2.364300723340232,3.88734689474224,1.6458203286497075,1.223287111007971,0.7943750979564754,1.546524906142161,0.41585356376137855,0.44129783587649835,0.5587021641235017
802,0.2828604165804238,True,1.9993854676856955,22.19783711145702,2.44769365836763,4.001541338550305,1.7473241205207877,1.1196265248691835,0.8232698639764684,1.46378754284525,0.3995088266550314,0.4693553957454998,0.38964062530807525
803,0.22254258648193903,True,1.928048485708764,21.150220586678024,2.399280159830128,4.0084665760373115,1.4426336036442864,1.2968375000946804,0.8005568202524593,1.5600431470580625,0.3824715327607958,0.2627424600944403,0.5267767237792349
804,0.35367322224867265,True,1.769102170583682,20.043572455691912,2.343736228605744,4.053899350304095,1.6393789629116633,1.040585952978732,0.7713737499386889,1.5246623970763908,0.4335328878204768,0.3468555737220998,0.5809463313569285
805,0.25824346714646745,True,1.962361403674935,19.394686223865275,2.435138985565295,4.22828185999956,1.7173173129950305,0.9391643700942622,0.8140898619527962,1.5035494153053723,0.405715216297059,0.4988879216000055,0.45740630994408726
806,0.3114432579625839,True,1.8364321183780454,18.349539761941724,2.485408583722437,3.849269380167073,1.4949952317876463,1.1062588750967304,0.8348552339272166,1.5609714779976498,0.37294533871152624,0.4937896922328418,0.5062103077671581
807,-0.1542895686918519,True,1.5765816849385481,20.791545790244353,2.5932633224912816,3.141465655130748,1.4262191688872787,2.6137521443576963,0.8917673718991878,1.5001522227987427,0.4516146289202536,0.3623344660436978,0.6269226780249331
808,-1.776903981489159,False,1.7419344819903662,22.79169539483342,2.33605077548069,3.273431260101384,1.135574808097741,1.1716417042345872,0.7856996189840588,1.1240545744078652,0.478300327443461,0.5029217090923406,0.49433152447046347
809,0.2670775110783274,True,2.1801775159556187,17.923810260460055,2.4734512438509437,3.9012370229932865,1.572669934935456,1.0474093810059903,0.8434486761361435,1.498902092141234,0.3896879035498317,0.3331956158751208,0.592365389599597
810,0.05535541801823239,True,1.8773210984734245,20.022547229107943,2.6727655135747534,3.7853794060973547,1.6827288091281971,0.9754207861582498,0.8053148607750509,1.5787005595689336,0.4227687308799955,0.48452965154037675,0.2367625057553826
811,0.35537878119587657,True,1.6773384338113586,16.14132816497062,2.3859214197291876,5.548863934215991,1.6196734420421457,0.9079551315685722,0.8280657131864907,1.4711924594678267,0.3700723097840883,0.2766409472432027,0.5566963084743775
812,0.3207840465705938,True,1.5613919010809343,14.733719393831922,2.5390197925967213,3.3850443192817368,1.5258552062402688,1.0433052024400997,0.7653082720416517,1.1771268378387199,0.3972016953940814,0.46945795663913886,0.47112228341221324
813,0.30125808357003325,True,2.0275592379689824,19.18990832824152,2.309002185077112,3.4750062075103685,1.5894924984117602,0.8582717179192564,0.8637438487784604,1.244521237376674,0.3668768092092411,0.5124615403542334,0.21608181709668592
814,0.2103521186115216,True,1.7975603279728396,16.832329045153255,2.435932597755656,4.103427689884379,1.4711037349010678,1.1284773491741171,0.7882608597469413,1.5251008276533626,0.4192992814190274,0.4930336894856183,0.5059491860376165
815,0.2795404712697305,True,1.6229714408502451,11.778145374275033,2.5168229940487103,3.2101151537862362,1.641970765436604,0.9801689218802261,0.817035159977709,1.442087288455671,0.3862509183304991,0.446883063385316,0.553116936614684
816,0.157196644086858,True,2.292475058954348,17.906233213373344,2.3803397209510617,3.023333268153621,1.55248713183731,1.2362463993183272,0.8459254824490537,1.4144930893557934,0.3514043140740822,0.4861734867879342,0.2650480656247334
817,0.264605219304532,True,1.4856292722261644,19.408753278914443,2.616621429596897,3.3327598096481803,1.4126290182799341,1.0915728954033959,0.8099995073775375,1.2075498919333698,0.44175211350827714,0.4841831243049862,0.5158168756950138
818,0.3311577170933841,True,1.7775650235585008,21.6114209042073,2.4686567576103897,3.5424954091196197,1.723930077495982,1.026395840157703,0.8705772092283477,1.2765806772996249,0.40088574175767394,0.3862273204371603,0.5768316600216321
819,0.044147131493606634,True,2.692629650039983,13.933570181559329,2.2931260555744175,3.415339789992999,1.512926754180711,3.250307944150835,0.8288593710288995,1.4774504064247653,0.37396293646781026,0.4629241618716412,0.4442841098293962
820,0.19274047287113166,True,1.6795532077241033,17.90923101482291,2.411513471023757,3.7445323023772765,1.6680522323330158,0.9623939050891028,0.7667809659161856,1.4184946521307644,0.41351928344961114,0.3024313045770968,0.6192547685532594
821,0.4010818323924309,True,1.8689792055803005,6.923621978406227,2.5591384749175634,3.572291995403459,1.6132783776002568,1.1680083405391126,0.7884263897170617,1.2426658234421657,0.4629640960065113,0.4745434425959859,0.48496215555338723
822,0.3160495485678871,True,1.3794573588315029,20.47101421293224,2.490624264010893,3.2704059870527784,1.4633435028193413,1.0809210788721075,0.8488768617609186,1.3116564529001757,0.35877025935867324,0.2513064934315133,0.600909353662408
823,0.38648242092886226,True,1.6990209789024937,10.862867585427235,2.326061254663061,3.443981163712284,1.5807792841390544,0.9043645138127461,0.7995975440754195,1.5456209356919242,0.384071602743277,0.32304138385709913,0.5081704647705159
824,0.49991526966880356,True,1.5483304156104505,24.365222867598053,2.2637378564086905,3.3582161348487656,1.503293773206784,1.0216347706404232,0.8302773094107562,1.364285160427853,0.3475775212655882,0.49508291501004215,0.250750207478307
825,0.36422553043814737,True,1.4894920991696594,23.61028718153849,2.3685254598725014,3.0795059276983405,1.628420057827105,1.146551886352043,0.8890437328691747,1.439666332405574,0.34113777791514077,0.5209919936628046,0.46360532043586683
826,0.43260032330060444,True,1.2305708101987949,23.825380506022107,2.293501800868971,3.1648265550407966,1.6845386582218933,1.0523805923465253,0.8510930792275283,1.3882975120038934,0.33419597943428814,0.507844831438526,0.2582635455764727
827,0.35089898108400647,True,1.3863414806281973,22.328876560805178,2.4321783940910984,3.2777468268026966,1.2019275086287822,0.9965027910318949,0.8640919296569538,1.497459870361377,0.412082256872009,0.5339539196711733,0.24922705089251126
828,-2.0818895763262235,False,1.567772622317133,23.71337384984234,2.3422683357581584,3.3226160871793713,1.5768009218343004,1.107794583525393,0.8277513277286872,1.3990571255623603,0.43568679141076117,0.201664315371333,0.27246967854558685
829,0.29894367135102334,True,1.50598794170934,22.55055684931989,2.262051151159896,3.197232584164286,1.5377506003696917,1.0443602096078066,0.8785715421484454,1.4668470929148474,0.36058004582671055,0.4933601705254755,0.2614939979669587
830,0.41814350885855034,True,1.6548572031933213,25.417121502576812,2.5119434502010893,3.3488913919927543,1.63437496155505,1.2108583395626622,0.8407920365607324,1.3599928705648872,0.38187750714150126,0.5168130376637675,0.24911765644298436
831,0.2088945942546175,True,1.5606972487994444,24.639579544556987,2.595125649642182,3.3895812597298294,1.2469584576495907,0.9404273371826648,0.858813346165955,1.4445392525435856,0.3921083627017304,0.500608081381191,0.29174601878149486
832,0.24416128509681218,True,1.2985599726561132,25.326968743177687,2.458706599566222,3.2293286800709797,1.5920509733653396,1.0958032778543798,0.9350236203610636,2.381630820313158,0.3447780990029801,0.34092542583837565,0.6335529868967649
833,0.41115370894145536,True,1.4476744008377458,16.897218358435342,2.4122795602162683,3.4450701593183664,1.5485923170830669,0.9897767675762811,0.8238249315560517,1.4041041717689748,0.3662839694716254,0.4889895262960573,0.5110104737039427
834,0.2775539775405609,True,1.604226402733792,21.678623608338313,2.3533176943108107,3.1068877929881964,1.8029243926913494,1.0503779488731781,0.9138662333098511,1.350520351343951,0.4053119974654853,0.28547015892885047,0.2698488701748157
835,0.3383871442086928,True,1.7418975146143163,18.743454975727253,2.270203667750402,3.3057159320140825,1.6846682317893618,1.15670684920849,0.8366818651977664,1.3654958804880868,0.3286953727622583,0.48064265713700993,0.5193573428629901
836,0.26015101739801405,True,1.3779257680156936,15.818811010997631,2.545323511302555,3.497703214655053,1.5104604927635092,0.8401105684553571,0.8186166222598386,1.5050052108363456,0.4895732726749307,0.40004504418922965,0.4974266588297327
837,0.1907212547876215,True,1.935517480109568,24.729540678796514,2.47566522799136,5.990940351944416,1.640093707878042,0.9351362893238726,0.8643183280397394,2.494624812839459,0.4250636817411849,0.47224217757147263,0.5277578224285272
838,0.5131662043733103,True,1.6345757217927885,12.938544088647713,2.396626112200235,3.371635181080646,1.078939461767333,1.009704298517189,0.8440654850362074,1.1331360198082348,0.8425980392636592,0.5177807132473374,0.28587332360427864
839,0.23805385724564018,True,1.535723979480272,13.048913113805126,2.3365675543079645,3.406652961000013,1.2070704167696524,1.108469192795503,0.8771458496072942,1.0996925014813714,0.9621080672515576,0.5327670919012665,0.3079557659167639
840,0.3706230929116409,True,1.4394857008178086,11.553189885266878,2.3870973490682132,3.5308408683589114,1.199095246647324,0.9855422568709717,0.8982491850493732,1.6110567594090552,0.7081156189842148,0.5215957039874034,0.28190012488642774
841,0.27705302765157847,True,1.6266665875289241,12.355741199647337,2.308997376784051,3.3816037750799826,1.1577469291242908,1.2457613664203138,0.8499454798497811,1.4225738594951503,0.321442533299529,0.515307008765346,0.29234650720178695
842,0.35886381403491907,True,1.496593410938726,13.374032336644547,2.378895482203521,3.515049824887593,1.0296520535120322,1.0604706659326926,0.8437769631218868,1.1303715386136344,0.5480518947603867,0.5098360460484235,0.26865550790288956
843,0.3177885566680549,True,1.6567176823312308,13.715281857813162,2.401869958827876,3.6122047200023557,1.0506527192257697,0.8991095940294344,0.8627065974079575,2.2673735842489218,0.4534601828626409,0.5277124469729887,0.2572879701658636
844,0.33179503763039386,True,1.3458761283571945,12.015290763550913,2.276852204136426,3.4522110392652423,1.1041648347552182,1.1723339470851242,0.8385706331399833,1.1628466567128002,0.9361382720232638,0.4966536145914851,0.28394164849832276
845,0.47998152159008123,True,1.5739436949201457,10.762616688409437,2.339915433199195,3.348956674251481,1.108961515545493,1.024281342136162,0.8782122836986129,1.1336239701619688,0.4643316543458249,0.5374969476454808,0.32376782434454876
846,0.011095160973162127,True,3.252696809399929,11.010623796676889,2.337915231676547,3.3430179964289986,1.302733327550835,1.1128968266722696,0.9240327221072443,1.0874566502956233,0.5064768366669484,0.535711655576668,0.32062394753680246
847,-0.7339549907171394,False,1.5241170348329762,10.502201519606578,2.3172964832065404,3.3047348317379592,1.1743777890228466,1.0630495660338595,0.886473803583964,1.0299064997255205,0.48808479228541385,0.540900352051647,0.2671581580124277
848,0.28923228068462564,True,1.6832978262867297,9.95806219927514,2.3608883506088296,3.1850405905210217,1.1045142377657615,0.9560019463321205,0.8871454254502324,1.123665093427424,0.8284060460444317,0.5352585166881765,0.25205998808609675
849,0.3109700132815544,True,1.4427329642222388,12.362285429961874,2.2612674267252455,3.3618196387792207,1.1353324280585564,1.1405728930062988,0.8763387780633242,1.077898080937439,0.8494169900869729,0.542059049297005,0.29743098096520854
850,0.4944664916692944,True,1.1536955306760803,12.85147051974049,2.296805369924838,3.4414742205540434,1.1300917703990372,1.0205969318747834,0.8945334843786186,1.1029009804746703,0.4747192006225804,0.5199552692147789,0.283640032858169
851,0.14953233886573078,True,1.1701374475516788,12.989776480661538,2.3396701678427827,3.259008384540242,1.0036480348175578,1.2074207380287594,0.9503974024305414,1.0960889531257465,0.7298830163668659,0.5348406684249347,0.3129065104483771
852,0.16318058995164617,True,1.2276718108296187,14.176088947160801,2.37311991376713,3.3231891997615906,0.8979616211902302,1.0726664966230737,0.8789132551454761,1.0820587953833534,0.4837583138335708,0.5276049925163775,0.304370338777276
853,0.08687038465793295,True,1.2669606405539318,12.700786053468917,2.299487658450423,3.4085375395000828,0.976207075383531,0.8623254485565511,0.9987102622691709,1.0425439662777374,0.6368321583033487,0.5260164087363219,0.3288383267618362
854,0.22309250231418143,True,1.2804659321263108,10.657737940166703,2.4133343563342273,3.387145725410225,0.9758930136018531,0.9821420158228025,0.9091491763923962,1.1658748369011784,0.5062973908053429,0.5181914279382496,0.28554672762750677
855,-0.14951820080579936,True,0.7890537761563622,12.634017182133437,2.3146359321790375,3.164005320111768,0.9203966590504313,0.771411767609143,0.9330577877371237,1.022654605805428,0.49935698550408747,0.5182541014708546,0.3000439208364372
856,0.5135016518960975,True,1.1459552245850655,9.213165082553502,2.372273650660335,3.449763532720819,1.1189820747051173,1.029760916665971,0.8665883700972697,1.0752487736601515,0.47620295032740206,0.5440922706436376,0.28059659105268814
857,0.34558510525042074,True,0.8686258399104807,8.16593828392375,2.365270862661047,3.2281639864127687,1.0793098821050409,0.9695130297992038,0.9078876507750269,1.1072553958768845,0.47227269368355085,0.5532658745204406,0.281046263268658
858,0.28873531662492913,True,0.9680361210351772,9.585608859603601,2.302242276306194,3.303364110743693,1.0622854902739134,0.9200335258407144,0.9231847285548804,1.0263878246255307,0.4827414511796401,0.543034351550409,0.2782614539947885
859,0.30965275532461056,True,1.0555420514481049,8.968701088175578,2.24663995715936,3.4673427319695267,1.0917206656174299,1.0300880430697983,0.9109818367154331,1.0740953733474228,0.5440149774367773,0.5328276609846371,0.29781203107382004
860,0.4334104919333375,True,1.6174797419339488,11.182800126373996,2.347425526615074,3.38482442500957,1.0280777628467188,0.9054781633816499,0.8953987482730682,0.9718462285737273,0.4738950268430401,0.5417310387184325,0.2931048284416914
861,0.35240226441289474,True,0.9937635569439061,11.7541885539649,2.384975601305802,3.243862160565198,1.1472482062105807,1.000700246530326,0.9007739952020634,1.0256426550362123,0.511319944146973,0.5345154537162136,0.2757103292836941
862,0.32063837873110873,True,0.7667904785167303,9.390946750197466,2.309137170635858,3.1111151983822922,1.08633571012579,1.0380240309971192,0.8989270903924631,1.0625892897017108,0.5170261596985062,0.5488540156576427,0.31554134240723064
863,0.2534108874250267,True,1.1223592948429435,10.308459115137055,2.2483800883688194,3.441422551653109,1.1284679304711178,0.8352674160272059,0.8893611842419136,1.0580016534850547,0.886732327431513,0.5232954003048176,0.3373953035068676
864,0.3084811236863764,True,1.0940693833471737,8.681081166435645,2.412406637529289,3.332196699899221,1.0378765158140761,0.9452095183504059,0.9202801156687587,1.1511869254271394,0.4749594933311624,0.5316978267553155,0.2810179358613242
865,0.35148033873595547,True,0.5763406857658504,11.196777065218827,2.3461668913580374,3.4339264370204705,1.0905854097787284,1.072598723389273,0.8767784101042253,1.1106448316511786,0.45666276627704777,0.548111336455695,0.3131165533068382
866,0.29123240603195216,True,0.9381410005217774,11.418524009523239,2.296092648677017,3.2091456118313038,1.1505593279204853,0.9812455760936085,0.8658775699033121,1.1169418107793578,0.4843394432027053,0.5430342179042349,0.27235206609706497
867,0.3287264382827772,True,1.7857031216257147,9.755117648369968,2.3845701799402823,3.3255123605809356,1.0071424841267131,0.8916450101189006,0.870720333388372,1.012442280086252,0.5182202392463463,0.5181719610054581,0.2899526765310879
868,0.4550340041229484,True,1.1572658925357704,13.829801399340482,2.2474601619641574,2.9896998285868213,1.1242337870860395,1.0271681853093408,0.8916571141272362,1.0885538495295903,0.521702795879976,0.5424861943993065,0.2828226372068651
869,0.3405614915034652,True,1.038360940223217,12.149382582003074,2.336634269274443,3.4751672116001715,1.1193653542893072,1.1054946370385925,0.9054304796522987,1.13507778372267,0.479233467975335,0.5533396391779909,0.2713592051523101
870,0.3127772508457053,True,1.704487186759151,10.278455034840393,2.4262135725376504,3.38673725866097,1.0424365541923548,0.9464569765549482,0.8586745615177064,0.9178028080135373,0.4617562653890054,0.5290865383943818,0.2913616279862491
871,-0.8578744015763142,True,1.53983176164787,13.211124329280414,0.594450112607606,3.299867595786024,0.9638851134712164,1.0261266863696106,0.8838439556506872,1.0735502412002584,0.5942423002981795,0.513832919896467,0.3066372275688664
872,-0.5533192050000448,False,1.4024338285393296,11.988694000539313,2.227322727956566,3.4657265844953575,1.0476080695689178,1.0816884480370441,0.8574041799966082,0.9866562219957304,0.7840548644419975,0.5256934579956379,0.26525190120688946
873,0.32486955090227765,True,0.8601994222802688,7.9878868130355105,2.2870933432534484,3.220655510511676,1.0910183113649332,0.968463809257085,0.8528477450621152,1.121685566491126,0.46539981408683845,0.3751549882033294,0.2527242540682615
874,0.34441776785373035,True,1.6152388335359418,9.033469091206662,2.3847664574559677,3.537570385330477,1.1666799932136218,1.1483800387929028,0.8636498031798087,1.112439435101257,0.45882758519994776,0.5130169012310624,0.2894363618905649
875,-0.006125314702925662,True,1.8325641982189955,10.62059095836308,2.338309288618419,3.1431806663506636,1.1973853526055267,0.867187106590088,0.9608016269323462,1.1453470481092174,0.5341917757681907,0.41519448276055126,0.2743172387593875
876,0.38383954285106914,True,1.710542514187398,13.95746136980348,2.2034821223176175,3.3880406903925815,1.0630867430605409,1.015195023582225,0.8024700593359291,1.0688652285756248,0.46304661495778443,0.5355747813107752,0.2556394777476275
877,0.39180841269711075,True,1.1924762245294978,12.145824280263273,2.2715234981024475,3.5270607109639323,1.0681383038720025,1.0731316051496034,0.8773835178678795,1.0098555965529865,0.4966490234038626,0.5575482335308805,0.24231880515823925
878,0.37187495019779127,True,1.480780690937278,11.384236181492373,2.4214803393046314,3.2891215992323866,1.1020577612954656,0.921603201687174,0.8400402066864296,1.1242623599220234,0.4925193864413792,0.5074911538413079,0.3329942514464187
879,0.1841550901548312,True,1.6183603697703943,14.896380968649542,2.306914674225887,3.4484969673146795,1.1355515242399192,2.183382060915226,0.13133059703744343,1.190558540503451,0.4454185798788761,0.5234647330107625,0.2991968436820626
880,0.22161361600838989,True,1.778212688061077,24.316943341104263,2.372020887891654,3.361375582905944,1.1599643098480255,1.1686077786214752,0.6094709850374145,1.0687205901723362,0.44400086110498305,0.5421951939001728,0.321195576147203
881,0.2755983517018306,True,1.441814914665213,9.658009891640333,2.425563231823453,3.552536114536936,1.2007308106470749,0.9779262427336877,0.8156806528632735,1.0357079458934275,0.46967696519940644,0.5040961019998712,0.26180959775103657
882,0.2546565044168181,True,0.1775776907574847,7.7258326014826,2.8038525061243815,3.4582286188515052,1.1365359775058148,1.050874630833317,0.8498818633442397,1.1507213650218013,0.4529799757381523,0.5212869733194194,0.2827839913579216
883,0.20605466569274894,True,1.3522913730518675,12.615476999568646,2.225547374249126,3.2500906859291403,1.0139375647972646,1.0855221835922075,0.8073647590044644,1.1674373274702585,0.4956672282737639,0.5369080836808542,0.30532097887752
884,0.2926203374210107,True,0.6786688213974343,13.06257709389519,2.335877861007186,3.5937731827918222,1.1684431441712382,1.1358334972461974,0.5175582184254258,0.9484935286512145,0.4468533061917471,0.5140772821160347,0.23636794053625088
885,0.06281317475414432,True,1.9058304274315083,10.786824244381979,2.168982100282404,3.040296749161132,1.0655554825678157,0.7974678723513188,0.8345732931958068,0.9785640774995145,0.4613449564033784,0.3901549528366857,0.2637528983733128
886,-0.6748749927366563,False,1.5723575580116285,11.361080137747017,2.4330665442475907,3.3625436764491288,1.25806942644212,1.0100227920728881,0.8938219500998421,1.1210437085822398,0.9222469269903464,0.5571435462106585,0.2972390966248473
887,0.3691413335877463,True,1.6988635998200348,9.02475467818746,2.2585329487077788,3.471299478787365,1.0928480038481974,0.9231850827085505,0.7854824645510454,1.1439555502092942,0.4377051648670577,0.3690244198513431,0.277136592057512
888,0.2710931911142373,True,1.8230585106777009,14.52478711153004,2.3816559265340507,3.142706213634246,1.1627939950859585,0.9754930531186858,0.877536403098799,1.0745479767156925,0.48392338940463486,0.5076055432103918,0.2694155486553643
889,0.2576419818233575,True,2.11741678446069,13.245667919136224,2.292629661568901,3.279731441210182,1.1131638209825623,1.3093864216653999,0.8208878242919339,1.0443601769431,0.46662463180050345,0.5282005846725373,0.24075949464616025
890,0.2468717984097745,True,1.5426286752761738,10.3034869786429,2.367039041598261,3.5800897885729364,0.9959130828136434,1.0415653281117943,0.9217442371400693,1.1794117454482187,0.7450425941394295,0.4986330884465628,0.29090459030709986
891,0.13826438384234585,True,1.979522649236487,11.514634946905128,2.439108783596296,3.4049345033483833,0.8677046708095673,1.1313798715680534,0.8503394542422282,1.1076478178338007,0.4400471808130375,0.5159663996234873,0.35667085553821815
892,0.1394865391733281,True,1.6827610947410412,10.19215061738561,2.1927933864715894,3.511183449088599,1.2103073281249634,0.8634643703708595,0.8011342298361024,1.1580959548004364,0.503155691696269,0.5481885942894617,0.25510155402076584
893,0.24042752190321423,True,1.285019777961277,12.334828941595712,2.3176493800016438,3.339178987883771,1.0031373432998756,1.2029940482227963,0.829487401867927,1.0717768382989126,0.44738919686055373,0.5085310532900478,0.30934538307941867
894,0.10123908468663925,True,1.4952673872666644,14.001178669162572,2.239740726221573,3.61726580339205,1.2623917696076623,1.0852165124868158,0.7752759985585282,1.5439664439447855,0.4736966995675319,0.3968186677230455,0.24949763995685598
895,0.033204082138573454,True,1.7533021970082405,26.10723503771849,2.4056476949443906,3.1950057695064285,1.0889315145550151,2.7025486709324014,0.8636465554101518,1.170047862897649,0.44038381448307257,0.49480106517476513,0.2783318310369509
896,0.22598970220212455,True,1.5712397729255014,24.15775264224859,2.2763633599383617,3.447424783329653,1.2338213884842575,0.9428696468745983,0.8091029209875742,1.115512598175191,0.4266201171871342,0.42278085773160756,0.2333665941345989
897,0.26778741162526165,True,1.4305842066411085,14.59679121575025,2.338708100179325,3.526013681210918,0.976561276827982,1.0157706659439938,0.9019724055148448,0.9959244701530876,0.4674897041254559,0.536775601049243,0.26240187262007414
898,0.18771660495304304,True,1.629129872298575,7.109671326897066,2.4615557083171025,3.322057025085673,1.1346455391952663,1.1095322711836642,0.5589477524451777,1.0448242133228918,0.4390273792176857,0.516026954381685,0.2978923629893405
899,0.1425897095115345,True,1.8497071089131998,8.845010451102977,2.3677816940148286,3.407937355054238,1.045166285405391,0.6363850642072788,0.844318524407121,1.9503539016071187,0.4992690943844738,0.5247562974190392,0.2782881593568585
900,0.34293313761369526,True,1.1700490626845923,22.8253366533678,2.1916308551517476,3.6511338817383523,1.2340336302216721,1.0150896614315996,0.8768324096669079,1.568667297942472,0.4253160371314289,0.48924754589005987,0.251518461119754
901,0.20170014424173077,True,1.7513602057558912,13.280734384190511,2.2789047392613457,3.241088086704583,0.8028890991166514,0.9049994926452017,0.7938044169376588,1.6654461477448201,0.4563856359806488,0.5655948213190904,0.26683656843894416
902,0.026493877624311088,True,1.3453664550381486,12.133273051789567,1.7082126638724178,3.510328675982756,1.2057259321121354,1.0489886876547818,0.8263666462835261,1.5127744901119946,0.4277158157052902,0.41167112924819005,0.23952006013922722
903,0.10923327607378129,True,2.9628955597849327,43.039760391683885,2.4332761290077003,5.294817137832045,1.0495816622525334,0.9809830855533096,0.7690179400284938,1.1447187492797974,0.5303139615636079,0.4779322203754532,0.3168495425340758
904,0.3275945898386063,True,1.6379095601697586,10.854558190146134,2.39407079435377,3.6331207939683394,1.15670492437115,1.171540725452736,0.5867152465289052,1.4843655326958145,0.4863763947535557,0.5028093841451138,0.28081108880761224
905,-1.0671871600566945,False,1.9039139712274105,8.563908563325322,2.138262312063211,3.3919192991694675,1.298924921615334,1.2603029089314997,0.8588439272587047,1.2096936401382972,0.4552400911562124,0.5486137870824903,0.29203410093443066
906,0.33154992444705095,True,1.499033643331249,9.970187878566584,2.22825115464907,3.150183332567483,1.090338764344346,1.0641748172803702,0.8201538566480467,1.176592646953911,0.41621931519218647,0.35479468937823283,0.4056547336441848
907,0.2667093420742178,True,1.692713274776782,11.498614356239006,2.319256953060814,3.481321956713296,1.4219522924046817,0.9554000156620195,0.8450235877869473,1.086757524327072,0.4468179383599898,0.38449114169743903,0.3222648739999647
908,0.1701690327434221,True,2.021786182242047,14.933151492198208,2.458925994389589,3.291673566258532,1.3386233178080036,1.1256861634931379,0.7961525684951712,1.5984112474989813,0.2740166026944144,0.42962042089496266,0.22488180719533227
909,0.19017950276989476,True,1.0227003430288137,13.253219754168894,2.3511460516544362,3.597284696944822,1.17305056230967,1.7401597206019357,0.8145989220267134,1.4662407034536016,0.42462218639237337,0.5342826579123047,0.25663764093204866
910,0.20404443509187978,True,1.8288369723397724,12.54721641292603,2.2840693280054105,3.0502112601334597,1.4055036735902209,0.830958342923705,0.885136998247254,1.8256258284830893,0.4709002567739712,0.49465031630507406,0.3083758767449131
911,0.22859413887563926,True,1.5483392561349596,10.586421085876893,2.400984872085879,3.3990112658990737,1.2696786575641217,1.0121018960946753,0.6270818808360266,1.1454003445203997,0.4285686590158773,0.45828491206379185,0.2483568041953204
912,0.09230292053481418,True,1.408269847955706,9.45280265664964,2.4578953016503267,3.5277460693094507,0.9678519935473454,1.0871795974968657,0.9454080223479606,1.5348377225878727,0.4863125023837346,0.5192150771161586,0.36508841312175494
913,0.2574515583930616,True,1.6037064068330589,14.106289229235434,2.7462346887892464,3.281969192350911,1.348931115079948,0.9239256948275321,0.8396579664426882,1.188534996850192,0.3019722477906683,0.5039865506445643,0.343085989943058
914,-0.12002317040798892,True,1.731599665572343,15.315206578930045,2.067702433810496,3.6672909777545595,1.311580943169736,1.183509993566616,0.7639048169549367,1.466968961280584,0.41376007354034544,0.48319003113744974,0.26402067627227854
915,0.37235829783159424,True,0.29947995657814597,12.041419120326672,2.2430793662856754,3.44147329863701,1.3954345221262454,0.9710228610861691,0.8666787981755459,1.053167903345339,0.4511375192113569,0.4705665940721283,0.2878771334170236
916,0.33442637413451437,True,1.4625435267520532,7.527702538895303,2.323092405379254,3.567339777196601,1.0646592505101795,1.0504897258913117,0.8055849159099292,1.1971514020278469,0.5112133826946832,0.48769302721224395,0.512306972787756
917,0.2735483825397771,True,1.2421479449239825,24.429700125259952,2.161261382837746,3.339817867326445,1.453340006096286,1.3883644021066397,0.27649740150773205,1.1000933363618612,0.8192876661351457,0.5076095645044716,0.24255699165100275
918,0.2954769530635377,True,0.5007387074963688,46.04690270190629,2.3906094034694974,3.2071096234284937,1.1117139418760102,1.121157579159001,0.7839404551400762,1.5157616904344648,0.9902846999090275,0.4894450599858499,0.27963507958973166
919,0.06262165521787175,True,1.800423863046687,11.214990354872617,2.2189536740337896,3.4722769474662036,1.2452042897827897,0.8748835100357468,0.8340964823450403,1.460717010694666,0.43533709682592975,0.550431716940486,0.23240700003860482
920,0.19390343258500703,True,1.6217765787993663,10.36990136859825,2.4617500117313877,3.6939251121392545,1.4319175067991627,1.036140507247535,0.9012831399963396,1.491235725095679,0.41122125435707024,0.540215573747013,0.2734092635422176
921,0.12092180634353072,True,0.9170299580829804,22.74019078023435,2.3098690408713183,3.3660428021531716,2.4301160168058535,0.9874241247953185,0.5371270288206572,1.2005157894422078,0.5632670992345655,0.44681071062187194,0.29639410469603983
922,0.39387030780822846,True,0.7858680714395936,13.441894558200795,2.4184418350943573,3.563955515953738,1.3752080314453545,1.0888640527355724,0.8563067150281529,2.1983522462891063,0.284297479155963,0.4825433834332389,0.5174566165667611
923,0.29733130191000784,True,1.9637150546767264,8.335261821152654,2.2779568861264177,3.2616038418179754,1.4754776127257896,0.9223599062337411,0.37007363973390633,1.4444603070786979,0.45919585047459327,0.3994269680299143,0.21193010539980645
924,-0.8870851781649208,False,1.7051994521702907,9.659924577102421,2.3423323482689744,3.1003925604520326,1.328502758853859,1.2136638979596237,0.8239428491388027,1.1232241798721365,0.40442462753386704,0.36679840956042753,0.2668469562963008
925,0.2895329989748646,True,1.3736783398680819,11.756402009811067,2.4890151413230064,3.4439872287724933,1.0349986665138315,1.1312800187390466,0.8765401177719775,1.439982525583077,0.4772318359547112,0.48008257302586455,0.5199174269741355
926,-0.24773775299579232,True,2.5800380798243965,12.7294884005509,0.950800041695945,3.357341733498721,1.1782349769331435,0.9966384914107297,0.7866930575880339,1.415150480892421,0.6794325763646316,0.4653504432564969,0.431103963541647
927,0.35390912143333814,True,1.5463339492694108,25.783474731366933,2.1946513434469996,3.6318319766091967,1.130076921116119,1.0622446405471133,0.8128785150537636,1.225406852654637,0.31162336392329715,0.5654472608850132,0.22332617351465667
928,0.15586181547578104,True,1.8278134285472234,10.913933920976474,2.3726426925948347,3.5093780178415876,0.924102953579826,0.9459408317635902,0.8485298339029428,1.5318986880134473,0.3325214376886752,0.4800296139237199,0.2515519512209233
929,0.3132558847807454,True,1.6837253891544492,14.845344051080954,2.1168830659591853,4.311573845777213,1.4213337622395605,1.0267097937776926,0.8320066247353028,1.157261268578024,0.4351855288656233,0.5037128416561629,0.4962871583438371
930,-0.6864369432231675,True,1.5374055557610058,13.925648717266593,0.6831849835239576,3.1743337383601493,1.4861418666176145,1.1309111247359318,0.7656430344474067,1.4867560583457295,0.4033014825160913,0.5050699305595766,0.3001209260083304
931,0.3872286212827267,True,1.9133800125929745,9.663883884720022,2.2714015839902144,3.4231049293412448,1.3539161655140781,1.0836916581498257,0.8050965622433325,1.4068954623939778,0.42801368838396636,0.4793376254563558,0.5206623745436443
932,0.06703056141281555,True,1.1043102811454482,12.396781536218196,2.4231277228255013,3.700479854544912,1.2312294538350712,0.8762214695621467,0.8682309894882281,1.0892951595297797,0.3360129697821514,0.4934551858246329,0.2340915613159727
933,0.3058633509540855,True,1.7678897884974505,48.30270242358603,2.362078313276469,3.5829701688734463,1.75183575770795,1.1789227782726428,0.8384307725003504,1.2263323023527872,0.39644187586844354,0.5423838338257477,0.27357699908182187
934,0.29945057495663335,True,1.61290616235368,11.515593476883247,2.478794362555159,3.2953511094181764,1.387976616793842,0.9933393885724862,0.9257741041597551,1.5543173806463773,0.25910180733448906,0.4764089880147171,0.2604438236566577
935,0.13575163202105894,True,1.4617818290110842,21.6294128262225,2.2131929376246218,3.5023621128204168,1.3105193062370857,1.0482269773461217,0.7985285375896479,1.418310657111127,0.4511602035412187,0.4136665158750518,0.4884051898517051
936,0.1931414399571949,True,1.3086946754388507,8.650138936799982,2.316331707129004,3.3604114560853504,1.4905247527323087,0.763977259262855,0.8213959505597516,1.1955818351544663,0.3021051771262206,0.5554590200340578,0.32726669492894334
937,-0.050548861396236044,True,2.082125301525827,23.373598597060592,2.421756023760379,4.643340117774123,1.2758796284572658,3.397840927821971,0.8530517909611787,0.5746155162171013,0.9514729574726657,0.4434913505237108,0.5565086494762892
938,0.32111035374851976,True,1.6326151209953637,15.07299429175901,2.2421560166899015,3.2361799427544,1.111781050648128,0.9671734966561829,0.8867694168701883,1.5867786231420657,0.49387206550385654,0.4955680879961877,0.5044319120038122
939,-0.07390369590328759,True,1.8880269285481088,10.547655355972752,1.9430406092851693,3.4484189531771356,1.4269455978648478,1.9818776484135154,0.3193327460579224,1.143309007112157,0.8628059694670621,0.3771750178200443,0.2062426106448718
940,0.34233118120753664,True,1.407703948856522,27.286766549844263,2.36266059094168,3.6442635357833137,1.4608913222872983,0.9056585609414121,0.7905434031443274,1.0459303830528834,0.41342279924819314,0.49759551370032973,0.2845822779366514
941,0.24619646251451208,True,1.7031745455196643,13.279544084112857,2.4923762109057153,3.558753968587811,0.9456179644636,1.2625198087131357,0.824886911010999,1.4666858164270995,0.35191793307157737,0.46214404846954166,0.4984766501622806
942,0.08128613577885244,True,1.514100086314337,20.561707043912467,2.1638629865266417,3.347435688812656,1.5135114637571592,2.410419256295391,0.7796906809022028,1.2518377568672245,0.46113605849731165,0.4698459151323757,0.5301540848676242
943,-0.9750486795336193,False,1.7499037437448568,7.336695963123325,1.312632150014285,3.716763092299073,1.725679477965781,1.0987877615003,0.8607825243626696,1.391566669281018,0.7624450006044625,0.5023765483501438,0.4976234516498563
944,0.2932238230309575,True,1.593939574936505,9.619899754209273,2.2918582849509033,3.4578704688211728,1.0264833585425237,1.013079935886513,0.8428286355360166,0.8789370820777911,0.43196801018029524,0.4367955273248476,0.1006141167942948
945,-0.09091066157326572,True,1.1963580543335894,12.105379114953921,2.41447783802416,2.954049924758594,2.859746280440243,0.8260344841206928,0.7602838593032303,1.7269650446406715,0.39511707132694424,0.49857316428424087,0.5014268357157591
946,0.2227355582812616,True,0.6353155141491453,15.489151214525783,2.444942807231962,3.221892528081304,1.3743387506127636,1.1738895416481827,0.6413507960562111,1.3256440711538817,0.3189292656561396,0.5374551133914401,0.30822409165456716
947,0.32244385549969057,True,1.8093528576825315,11.076495378988726,2.3311367138527928,3.5823958099113544,1.412968525377526,0.9536409464683093,0.9026568125016813,1.5105031472381105,0.34943109383066767,0.48919632743657565,0.24455803759055028
948,0.37193174372668797,True,1.4800312809347664,14.139575640811211,2.500408455066674,3.096637533217707,1.5446433200225451,1.0674708553568255,0.8083063123832436,0.9942381353378518,0.47793148865842494,0.5222872304155266,0.47771276958447356
949,0.23851672313096653,True,4.08273116318084,6.138784852727024,2.2475220446964452,3.391270235366474,1.183706166118822,1.1247805143082221,0.8347311635964271,1.4575570780621472,0.3652712045414479,0.4711093354436658,0.25978399226336635
950,0.13666531281259284,True,1.6855392133731624,24.721056181068285,2.3882810021246197,3.508039173555052,1.329081870881578,0.5104512795036206,0.8143053382910561,1.284906673272275,0.4118479902804766,0.5029212699987418,0.4450627229405643
951,0.2217680426780803,True,1.9018937995876573,20.94270588730145,2.8930054255664452,3.3519607745262427,1.4605203496562233,0.995844545035711,0.872001637741109,1.3574187811213778,0.2922755699789339,0.3540870843982463,0.4158083931132057
952,0.29051438604363683,True,2.322676688544682,22.08500244264174,2.2887419914868583,3.7384261295047017,1.6755756952714986,0.9072890815888526,0.8517449250509497,1.0962302504034622,0.3775919418702978,0.3933173787915867,0.4636407879726101
953,-0.5933259103269938,True,1.3104835934231862,11.483019738146057,2.186775555308234,1.1625958410103863,1.4905045317037648,1.0456291605944352,0.7883300001148406,1.389761404112828,0.3322472745970647,0.5578910108050238,0.28649754883163164
954,0.32895041267817887,True,3.477114386038757,16.173409884974625,2.353256472827294,3.2973327059041724,1.0814450906254625,1.1066313652288589,0.8794831287353547,1.4251806364781165,0.4442274209701769,0.47787341512410086,0.522126584875899
955,0.15639150390910858,True,1.5837191047120063,23.315198266670517,2.4697900180398364,3.4947088951415126,1.2964373745947533,0.9513730461914375,0.8319546416494917,1.205399432993268,0.3959736434610553,0.5067428274075276,0.4932571725924723
956,0.08502776643847071,True,4.2279714862728,26.490242998658438,2.119965360446245,4.907510762693648,1.5643632072435152,1.2159843061483413,0.8139838673919891,1.319597281755267,0.3542624348499441,0.29014496158055203,0.22331351555603485
957,0.3601519893337462,True,1.3937778297940868,12.90600300460292,2.240664592300146,3.6222695946190475,1.3987074885265225,1.0305709877899867,0.8515319683794518,1.5042645296532229,0.4180602244790911,0.4255057476697072,0.48488275537494374
958,0.34692380278395196,True,1.779589144245393,30.94755194150305,2.3882790159467957,3.1706283206202563,1.8011531109106507,1.0769607118298625,0.7606754713475206,1.1676694323328134,0.4717788418476856,0.40065145397555,0.5993485460244501
959,0.2797403694994314,True,2.000555303055915,10.139552034807434,2.512299783404486,3.4024453162167174,1.356159337135457,1.159459976361797,0.7995327815062993,1.4428387190832448,0.37288312982130917,0.40737473488491555,0.5183538672528571
960,0.40387895710238525,True,1.6642475964932022,12.88236665563526,2.034374068472662,3.540173090295683,1.5145860351102862,0.9789713041355095,0.8943431995205596,1.2704570339271621,0.3176812978486644,0.5333457401414324,0.23587801610511008
961,0.06017690299803869,True,4.005352295696817,14.039696867586596,2.310344939206273,3.308466609669381,1.7159871861893683,0.8570575070737083,0.6088473782477489,1.3458297834551767,0.615789110885775,0.4666676918783281,0.5333323081216719
962,0.026839900705342663,True,3.0469296124883103,9.290948608828574,2.4266837044255882,3.4394484028476575,0.8673414935038409,1.587511168078433,0.8267450412291067,1.4038855408645,0.5218643079566753,0.4731664887058452,0.2710113723353886
963,-0.549002895108569,False,1.5161777394366327,11.899899883485114,2.2784242611636008,3.6578791163156255,1.654256706774059,1.0264956976473036,0.7819608129030461,1.2362967940906273,0.3904200628996108,0.547225605889698,0.19386962147066372
964,0.33942261231226156,True,1.0261973577291164,7.93985843106943,2.2035807105309715,3.196223154860372,1.5694638922016484,0.9089141550262766,0.8663240763343867,1.555725119800319,0.4364027834467498,0.5218021690725687,0.451957108276067
965,0.3636142766858514,True,4.1157271917098806,15.963927947568585,2.353352983221075,3.570883695895385,1.127912698214531,1.1290899799093603,0.8405280520447613,1.3065614997811212,0.33791464943704463,0.4791341246108094,0.5208658753891906
966,0.24467848232700382,True,1.803808836676967,10.548277037459195,2.467944281824397,3.7745499493321133,1.4540294800589288,1.0729346599673377,0.6512998316064982,1.1313387570227493,0.5006213390662588,0.5541108569286239,0.44588914307137617
967,0.29687797248504005,True,4.862903249155408,14.670993736042618,2.394364930153401,3.4476555232032142,1.5299804292631412,0.9786702915722206,0.9125938032953225,1.474251666030753,0.42286287646854986,0.5681247182591818,0.14641433352925362
968,0.27278263065504066,True,0.8638264426795856,31.689043430032953,2.6896631230776324,3.2674127062730856,1.596282022949283,1.0249845816652616,0.8077799255250739,1.3778361909080563,0.36212566120643985,0.5084033267576477,0.2945818359978158
969,0.15659274444982865,True,2.1937549949590593,20.434522434237337,2.1471262417321393,3.3798015130293697,1.2217220690519497,0.932141190916484,0.8582686497768007,1.1880916172668716,0.3914618884875697,0.4811256554665967,0.254531763518576
970,0.0073502418694162755,True,1.6792786250576581,19.613876102821393,2.5262203306103386,3.538181226083209,1.2835655183542796,1.1857741851894232,0.7729769117729477,1.4264770935709508,0.4521304998654737,0.5047389538689901,0.49526104613100985
971,0.27605225775188136,True,1.5305947141988592,12.225398711582717,2.321223592657691,3.6595403317131896,1.4290860233931677,1.0938301904621943,0.8190953923138254,1.5249648616273004,0.34295058875088047,0.45593543208543386,0.4920798445055207
972,0.3285237073280442,True,4.1984716384354455,9.04855312458278,2.4460758000763394,3.2911198387637386,1.6705931118652764,1.0139760448809392,0.8850899969148212,1.3371319794179821,0.2803068756284652,0.533462119106948,0.31970113514217274
973,-0.2306002427878672,True,1.1318744400715504,49.98284775548634,2.2149124523810215,1.6677612133740318,1.3890173698162318,1.1510728132913908,0.8415580835618728,1.0480804813596023,0.4092529992580176,0.49315783074346264,0.2763560453877294
974,0.40381380764775354,True,1.4067776290823417,10.900729452446813,2.286983909665788,3.4377169686010296,1.5003917149041899,0.9505600984932786,0.7936368620094478,1.2510770806623301,0.3773794579235465,0.49043505066265414,0.509564949337346
975,0.26997567644861814,True,1.887710955386048,13.546572718399664,2.360118813017166,3.043826305894136,1.0071719921857116,1.072827272293993,0.8290513107156318,1.484320216698814,0.3201582236970784,0.4460318816834319,0.553968118316568
976,0.08914005491170947,True,1.2558389682107727,11.857471372099559,1.8784140997901935,3.5413587291766526,1.5941197772695157,1.252843888226978,0.8590668030631619,1.294763360366116,0.36087651756035766,0.38358395618319785,0.30408497732082385
977,0.20866969777335742,True,1.6122100709450027,21.96243309783149,2.4497778726303836,3.157091749817237,1.081380023537081,0.8525072638723475,0.8029803181949846,1.3793387238904968,0.4353287636051606,0.48559292504422424,0.5144070749557758
978,0.3594717342880086,True,1.7342457862951486,25.247233657208046,2.248266780533531,3.722000119690323,1.3419158120564791,1.0011862552311175,0.876019215513944,1.6309017204259968,0.906141122952199,0.5326200656421982,0.46737993435780184
979,0.34369346160962255,True,3.9644195668107622,15.265617813032827,2.3959782099252993,3.3478895920836123,1.7056660437232445,1.1117200434831243,0.7546749326951377,1.136471230351526,0.4835753923443833,0.4859277584109704,0.21259120233875545
980,-0.630718324002699,False,4.054401393424995,12.915926716719556,2.0867409234046983,3.4583394184508096,1.6223854632530286,1.0489287915880816,0.8250872435324801,1.4393559266863203,0.3968186646230587,0.5092425768018922,0.38775335367091346
981,0.22894788220879517,True,1.5934400975229899,31.851875880055417,2.568789616134192,3.6324038387788344,1.5636816665424313,1.8834896879725458,0.8466973831325871,1.0965989432911611,0.46168596583761584,0.5289973301565658,0.2370703046424538
982,0.20198543435006638,True,1.4958493506072363,29.46038911257886,2.495986201990962,3.51393683074642,1.1770008938121885,0.7230747986907007,0.8059546908442428,1.20603787044808,0.34707257675012365,0.463673727971203,0.5363262720287971
983,0.317917214403256,True,4.246633342404034,6.809685196299432,2.3254803047776487,3.2561453176376283,1.449556406704895,0.9458302354385616,0.7761211368898304,1.348092036984224,0.6541027020443977,0.2986553865754528,0.2536155342609448
984,0.2245572352632277,True,1.9979414411380838,16.24613273889893,2.251671244713601,3.841010406088606,1.505495227090478,1.1603699862489854,0.8675825671807961,1.2752977965320087,0.4206436747002043,0.4961734397550766,0.5038265602449233
985,0.43093341204490776,True,1.8379908648386458,19.662389871787585,2.179044430880271,3.369256165286036,1.644126795879456,1.040586286658018,0.6304612450280087,1.3979715971575613,0.3053569955682141,0.437756894749422,0.26464077337525665
986,0.10575238616883889,True,1.6924122662027918,10.51119425618301,2.414819695401535,3.598232263170764,1.7604748601954863,0.8815936943562342,0.8344229632553993,1.2392460295548537,0.25188840052527717,0.4722775506969106,0.5277224493030893
987,0.292555303637553,True,1.385875728823158,16.797742900616715,2.504103614753098,4.200752014650143,1.379182391379304,0.9861836027630655,0.7886204777186185,1.447835055169683,0.3804765634262378,0.27784099001595935,0.28453174589416386
988,0.1532776186117369,True,4.166012507056514,8.261932772563148,1.78390503201318,3.468205004397072,1.5793715986187977,1.0997990933490824,0.8952763699017958,1.5741264203149596,0.36681153030923935,0.417214278712985,0.4949109947122093
989,0.34739245294247567,True,1.7455069369724008,9.563878802088182,2.3283855983498354,3.2745632699924756,1.5314843808591623,0.9088371501049824,0.821918501167922,1.161773697040188,0.33110300932361797,0.5147039385784353,0.4634845132775005
990,0.20471399217178649,True,0.7210883485480704,5.229502202042032,2.6301304006947706,3.7035939697383506,1.6758933459179723,1.223086073176364,0.9175887832010581,1.4935618117534615,0.4060781037209127,0.45032914435438975,0.5496708556456102
991,-0.06847415829841087,True,1.598338611175085,20.98553089099437,2.366031793825236,2.630668693738664,1.3145484411805757,1.0430542096354112,0.18126707234822714,1.3162580455960586,0.44017898656255133,0.48951080612016995,0.43767498005743266
992,-0.044482764318884635,True,4.058425148179626,24.263924548271234,2.449221196658483,3.3643636945999638,1.260377168100818,0.8041017201280406,0.8509021665764169,1.3616998621901022,0.46548478112403985,0.36373144471585134,0.16544462095124363
993,0.3891908753025917,True,1.5197398357715528,13.858146151177847,2.2799418905156665,3.1379074757591563,1.4144303637614926,0.994265997131706,0.8092871874130962,1.5353522076716826,0.7987684503341991,0.5373149613623003,0.22771618239539754
994,0.43899348888546064,True,4.283473162018156,30.543026928704464,2.2155402768870416,3.5901971883837613,1.626311418286852,1.1026160505305678,0.7566820389610224,1.4278891686351025,0.38184844101592985,0.48206748562225876,0.5179325143777412
995,-0.19770317158964212,True,3.888590188822069,11.620508676463341,2.547732251604897,1.9479866820474934,1.0586489856350718,1.141597847527548,0.6523376126997957,1.2892067784837002,0.3461162376880246,0.5728129506894327,0.2464543715832852
996,0.043703744758754874,True,0.3843171016668649,32.19677827339758,1.445467123296757,3.463024581023401,1.4789169193396738,0.9474048229117598,0.8399548085047169,1.401855424184369,0.3987214762360822,0.4841057450165508,0.4842578803233414
997,0.25398788878069223,True,1.8736371045418396,23.106895889100194,2.3041231113741287,3.5160198994292315,1.1316286019595707,1.6793408260467202,0.8702214211498693,1.2289018161229945,0.42310327628560535,0.4562171232791717,0.5437828767208284
998,0.2468259752110789,True,2.8004648361265563,17.29995140872981,2.166451480530053,3.373874029477574,1.5623414634716604,1.0726565459355752,0.7925614052776689,1.186798689127586,0.36021311199824996,0.4058284603968513,0.5214695801866411
999,-0.9594466863008277,False,1.3132219118370159,12.492191345237469,2.3859989464218536,3.779625649100173,1.4441966352513769,1.3017906464234181,0.8208776183098594,1.0669231005564315,0.30181100173793207,0.522292593560879,0.2945232432412855
0,-3.1513934694412664,False,0.9270273227851166,13.236377231130286,0.7546466491470532,4.184847318110129,2.338753024687545,1.7317227278189897,0.7985618947765065,1.34991446433376,0.39242918549100636,0.7709549449401161,0.2245976121846141
1,-3.0956054928724845,False,2.0554537749467974,14.494565463296649,1.9409970721510152,4.773177499305103,2.2361547593951343,3.0629982616064773,0.38849057371697127,2.2947393437176746,0.40261595518327187,0.24054720877269747,0.32092934537690576
2,-0.08539252234168926,True,0.9637992318281043,22.095691379263734,1.1223506781472108,1.8208118311220196,2.6221970193301374,3.260710147620937,0.2777297346741996,1.5068295298624717,0.7887811839178893,0.40168658360701565,0.5983134163929843
3,-0.25690511759680174,True,4.8377359852958275,20.123605558828906,1.3554976079135614,4.680146137445891,2.9433181798751624,1.2279031228947752,0.40165211587464766,2.3499107055533743,0.7990049001850059,0.5918133393159051,0.4081866606840949
4,-0.2988007884856979,True,1.0533038452866992,35.693327948538574,1.594881913468412,2.5919862355895638,0.9212386937901864,0.6337808237444265,0.5073131528942681,0.8286025442221967,0.6175517998322666,0.5791306302681947,0.14617648189345858
5,-0.18636164981730105,True,0.5461320138599914,14.22214770413923,1.0383426266252487,3.1275876548783472,1.0300589551881592,3.0177479716668314,0.8042682701323051,2.0580799674792916,0.6080786197759892,0.552894994575383,0.44710500542461695
6,-0.11459512275241922,True,3.8105758626389354,10.642529841457096,1.6757723062314653,1.9383471125017329,2.1313341899603166,1.966576549184155,0.708382688953139,1.8323680263711462,0.5610661266355939,0.6062768785573109,0.39372312144268906
7,-3.7474038420719347,False,3.626686939967534,36.44453151913017,2.720717687105603,1.953852370379149,1.8192413181357634,0.535151861585758,0.9966003377554228,1.811418384038037,0.2932021791725844,0.4760697798011291,0.30811704437357806
8,-0.4029526641122748,True,3.6288872165988355,49.99892255138365,2.609511031753729,1.9905697866561947,1.0903293850827707,2.936675939310339,0.14276730423807324,1.9694933000254962,0.8573305762779434,0.46471986034681484,0.12205190768064214
9,-3.646181745852451,False,0.7926708493009361,21.445237463207093,1.1721918211215057,4.241876154702713,1.576734484245003,3.0966791186914326,0.31046681445035984,1.405456131577663,0.6277335621234371,0.5563148320148101,0.18157350166031233
10,-0.6017181758033254,True,2.0128058454703996,1.2174142950817348,0.5205330696907716,1.045669228674937,2.953344848405015,2.504548867072975,0.14363850244531928,0.5214834596542697,0.018870462072025584,0.29640650701047216,0.7035934929895278
11,-0.4886459280037901,True,3.318134585326195,1.8105062227939364,2.161511962801854,1.0303211044298148,2.459290750046969,2.1368204004004894,0.6696161820490202,1.63731296384493,0.9382838606642965,0.5490567277507159,0.450943272249284
12,0.11285684234152074,True,4.882095675593407,33.07183980441846,1.649704760629273,2.0212834684355783,2.6699479845642564,1.6839980799726204,0.6274153546946278,1.0965142997970365,0.7386996146272875,0.3869803536894226,0.595009686951717
13,0.0960378605977352,True,4.794569866971574,31.325153451858725,2.095313003345929,3.0643307824948316,2.6893153592187558,3.4610779556606435,0.5184675369646876,1.2898435758450941,0.7566267257082646,0.3715855318693811,0.6119075264024999
14,0.43053133609468963,True,4.860637341305735,33.0211614285633,2.331096009673475,5.960746194803072,2.690013278072026,1.1738948104646707,0.5595440854485927,1.107234216492269,0.7255237958367031,0.34193412106737175,0.59602321986146
15,0.28170436840798213,True,4.300463355424195,40.37036458435867,2.4030551910042486,5.880147978480714,1.9630455345394122,1.3652702300138286,0.6384031550921321,0.9639315439122419,0.9713683303301118,0.25743271273874824,0.7425672872612518
16,0.08999020328527974,True,4.259640408933511,45.42980110070294,2.9879413886587187,5.941054096960761,1.4229761363382303,1.1221599337904795,0.9097745638181067,0.9411585935437391,0.9375164866207756,0.20943277617406114,0.771618215702203
17,0.3266810634282921,True,2.8128394226077136,41.849311033279264,2.4146576440805245,5.749428071848253,1.9316467397740866,1.1472932051557168,0.5866804441962298,0.6164955132473287,0.9972005765778249,0.28609852301708305,0.7040971916756481
18,-2.0071525545655025,False,2.686514863238586,27.94693803628903,2.379348273164587,5.430298591396471,1.606937807936524,0.8601634963272258,0.44787789301028585,0.5021703493554602,0.9826921675525104,0.30049151555670295,0.5502539730282326
19,0.11712030375391473,True,2.8675445155896107,40.72768329827782,2.9658387057696105,5.39529132279293,1.988278478330152,0.9526540597755931,0.5810317851209398,0.7252327631437728,0.7170756188635905,0.3353270394078294,0.6646729605921705
20,0.02886698051901092,True,1.6476139109641337,43.075552151885375,2.5265786130422874,5.317984431534644,1.3079293152845204,1.471176288794411,0.7799120058375079,1.1647911327501617,0.08603465291878554,0.3655539877214233,0.6344460122785769
21,0.3221638969250551,True,4.4426242257956785,39.60909164597947,2.241497695645206,5.887910277890087,1.877136252833271,1.25908072818479,0.5946904263203371,0.7336982154655725,0.8706008191826471,0.24851783210180867,0.7514821678981912
22,0.2581070027735973,True,4.475578164919967,47.72608723604345,2.2364432353378314,4.971075655427335,1.7481571080114036,0.8633901448411707,0.5575102476845879,0.7309037780263368,0.8851564611229961,0.20400479061476007,0.716460817534341
23,-0.020477442295362133,True,3.1976363640782726,37.85896321506537,2.7171785085899547,5.950827317562476,2.4569912475647264,1.577744186248373,0.49172872483860924,0.6721072146934025,0.8608864475751534,0.25444747424804426,0.7455525257519559
24,0.18243939191258748,True,4.101591649698764,27.834784276187104,1.906347941664708,4.135435296816462,2.1855537089890706,1.1409871086670493,0.7248729342681003,1.0129569081731813,0.8784109168784292,0.32329774104956055,0.5412556028536609
25,-0.18412393583183553,True,4.996047653874959,32.47533508655925,1.927753434500572,5.561826583007065,1.3858398519407498,1.9377669648634188,0.6043607107895601,0.8349716395459643,0.6969660570811322,0.2794625493655231,0.664451316049187
26,-6.378977836949195,False,2.3399768401994283,44.23430252276487,2.3319432394785258,5.057137850204312,2.035307229298083,2.2983132461813636,0.3532487313956846,1.2221540555947383,0.5173440267828997,0.3184585815916485,0.6815414184083514
27,-0.028334602640300778,True,0.16941920266140986,39.59349508118896,2.0665285605362556,3.7852419218977404,1.6876056138603381,1.3321744077213735,0.44942257692960796,0.6714645732573368,0.9888721816584963,0.23875378270396683,0.5820468998678646
28,-0.05420045430476559,True,3.9025370023936956,28.01358561860276,2.777241131037728,4.619962019311082,2.81446672124328,0.7430328241552826,0.7264669665570237,0.8717050703600009,0.813250627095444,0.41747641644861966,0.47482205063720134
29,-4.618709023854489,False,4.519598030348861,34.33625974905678,2.405624531719332,5.699642691752716,2.382792895732109,1.7501070146903515,0.8006243440576246,1.0670009776402625,0.4264693055524059,0.6578291292863963,0.3421708707136036
30,0.057518270889825515,True,3.1106565819902343,42.03118796401359,2.5346226579018603,5.147500791467422,2.2868868542092686,1.141688857430474,0.2406019209829402,0.6261718488717533,0.2542317649656701,0.2998060897413439,0.6472751769799107
31,0.28956041501951635,True,4.445405179513587,38.51454366235171,2.3414425287441785,5.926601521444853,1.9443122480540287,1.4523807385126344,0.6253961619270273,0.9725609113429241,0.9898969737611472,0.24645575054677174,0.7535442494532283
32,0.2585359271787088,True,4.5292161847019115,37.65738239564524,2.2363301842146974,5.628948068703386,1.8386758711980389,1.0206418348610717,0.5823254873814487,0.8737369940113139,0.9167865747268399,0.24272524443233273,0.7292696238307009
33,0.018217512702483236,True,4.071566798121726,46.30623283697288,1.8846666214916752,5.960024938706718,2.1666260602972267,1.447880739974897,0.6743233137401857,1.3951556352337706,0.8216118625367739,0.2495760400108164,0.7458104232237929
34,0.10309011250155858,True,3.444513679754497,30.630449785980638,2.0363337831748414,4.506148738385094,1.5157569884806275,1.7531611170661905,0.45874209749076666,0.5705719260401976,0.9952753637308297,0.20001698151423647,0.7956749182215477
35,0.20257643243919132,True,1.6028344881613301,38.02415466197648,2.846643921502849,4.864566661246234,1.8836551633030987,1.2729636551082486,0.5492273349751864,0.7758618021806069,0.6662382671773728,0.30423650051169254,0.6738567350261803
36,-4.656398882210698,False,4.657671548909751,34.90026853955828,2.5350982289494604,5.186700579062173,2.537344718038247,0.7005813928399376,0.38340515044947454,1.1350441283420025,0.7783100802797052,0.36274274454252314,0.6226163456265905
37,-0.13311001893166477,True,4.26633499889693,48.40539962638827,1.4440294395867008,5.654220407630706,1.220151500013281,1.0185048261290013,0.863725223983796,1.5960255897595526,0.9282304417434195,0.47706355191226585,0.5229364480877342
38,0.030272849204660127,True,3.834759268341996,24.715146218449124,1.7561600847999956,5.68501075760469,2.101739610208701,1.4759387662491226,0.5267859153282908,1.266252541155339,0.8313853403242846,0.39415134164138055,0.6058486583586193
39,-0.05605736725793042,True,4.998858765597476,42.05338915370164,2.2511303802396085,4.339299937932945,2.2903765510318355,1.5604583242951018,0.6706419274710314,2.4720962062417318,0.9028951451173841,0.507546783964631,0.3976712034037847
40,-3.3740747160284883,False,2.4285643499088185,35.98669376877623,1.788501909235229,3.662013466215193,1.7838068537734497,1.8921567748457457,0.7470773762045894,0.9790490517185677,0.7816750302965151,0.22200506074657037,0.7779949392534297
41,0.07281064022349296,True,4.293672246758361,40.55876955934732,2.4447143511492233,5.998610333581209,1.978327451203347,1.3309480856744074,0.6340988172857326,0.8899311077462365,0.960959736114331,0.2651258683191713,0.7348741316808288
42,0.15740819332461264,True,4.679129410076258,38.98087384511333,2.6421682471290446,5.7451582318733765,1.6804337054613807,1.3044396213523257,0.6696911060712954,1.0377371148365135,0.9885503283421063,0.2596057943828784,0.7403942056171215
43,0.2476291215878263,True,3.6608067999084013,17.99809595411658,2.3060153152809075,5.24861899773728,1.922770617322585,0.5300489070623056,0.613689190061634,0.7900639102358882,0.8654204808577997,0.33751407631859776,0.634940655325084
44,0.2950360363787641,True,4.433318523573894,43.69096709186154,2.1532612099563826,5.43159302410466,2.071515709085051,1.2023448343137333,0.49749423687810274,0.9400052883285015,0.9331517494564949,0.28711523950306583,0.2859629745916015
45,0.19288420118047372,True,1.3248851281721983,44.16741695691308,2.1458188680914985,5.500416711729584,2.0759380714135065,1.1617060575955884,0.47244947264063614,0.5844382055420181,0.9143823073195498,0.3036026014052224,0.26893353419854243
46,-0.00506149945091814,True,4.022206926954581,46.65582594418283,2.0131287668298117,4.805890080586497,2.761564340609562,0.9128613623552035,0.4062500022698021,1.1882168522418468,0.6401260749683733,0.3930078477809106,0.2152432338546781
47,-0.23239437306517732,True,4.71746242099043,49.78014482663765,1.5175324400132597,5.430509557252643,2.2214307275709144,1.6333516618600536,0.5378212179636773,1.525055363811343,0.8607056854113382,0.4984656408544146,0.35470586476113897
48,-0.06904549414101323,True,4.417950606288828,9.542505182600797,2.6246249149519043,5.774455381524999,2.3782572601421235,0.7869329366379294,0.4984458406509647,0.9339765681749472,0.5782521524447127,0.22769705922476516,0.2953228961281422
49,0.2912997145958297,True,2.0420202639672853,30.370065121496506,2.1771591360220244,2.5290808715376074,1.8629247549201762,1.806140938489103,0.4171970443591996,1.327829365811324,0.94162565716389,0.5391155673684185,0.46088443263158135
50,-0.1785958826361968,True,2.0504156931701614,30.13692248064813,0.907491413240473,2.4557096723404466,2.854719126080811,2.6436461484904017,0.31625833112879753,1.323254286951733,0.7582703927782046,0.565920966247084,0.43407903375291595
51,0.34026098726564424,True,2.281731618561487,24.338134962115266,2.2180050191703704,3.311450891383459,1.8881296540904826,1.843661127472881,0.43056710626841926,1.4401546067166064,0.9471502307381184,0.5785392459384264,0.4214607540615735
52,-0.2142024516799565,True,2.2340333888869224,23.736873678366777,2.207842992494092,2.482768308382415,1.6786539293960798,2.1500630771427405,0.41518725176119725,1.686034321126913,0.9457774809380183,0.5763861709307838,0.4236138290692163
53,-0.03156684973582388,True,2.729535260232706,18.320992337924807,2.148021456042688,2.959329812563315,1.8334178336564306,2.127590365892396,0.34864082700466326,1.4842804200372315,0.8257020351479153,0.5092755684373651,0.49072443156263507
54,0.14495228649691883,True,2.966774419773733,26.477627008521996,2.4569459528952993,3.3993433764948695,1.4775703198951202,1.822249655745846,0.4273874181665198,1.3581141953204934,0.902126922525429,0.516463447276926,0.48353655272307405
55,0.054504257632911814,True,2.5392153998485774,33.42370367581851,1.8470957513654784,2.718751825599508,0.8444163070427013,1.0433193268248866,0.26493464589191035,1.461112239729573,0.9514555382942718,0.5545302296971547,0.44546977030284535
56,-3.333268893052436,False,1.8638298765796808,23.25907439067856,1.9854917983483764,1.6440712433368923,1.5833521142924545,1.24009076617486,0.5793775059449666,1.2301441341266277,0.8445201548370744,0.5357520259668207,0.460078576834662
57,-0.15261856852408587,True,1.7950012722968922,31.75980967493403,2.0743696346690896,2.188124072350693,2.048508778491254,2.440939322772663,0.4898030845831628,1.8103860543767123,0.8914346164096081,0.5826673921562028,0.41183497683412384
58,-0.12436106358558312,True,2.1850950543096923,29.88676068652198,1.6718084302427496,3.4734318347411297,1.7586489334926858,2.090626811337659,0.2019198526291362,2.2243894982357446,0.7125120539803756,0.6479652645224182,0.33674418123298067
59,-0.014546116618506065,True,1.2243391112423037,36.68505631384221,2.2631652423938258,1.599163061885431,2.983405132621531,1.570045942475061,0.5220210877568111,1.0944669198487451,0.945666548178445,0.6158201314679791,0.12466713428595164
60,-0.02948807179384416,True,1.4000958656435736,26.645155451154707,2.479443301546158,3.8649705083393804,2.580372091803036,2.308868625116712,0.3518016103384498,0.6942875494734437,0.3325788730355097,0.7436457726868709,0.17338089103511747
61,0.20965403816216488,True,4.901536652408384,42.61482710135703,2.3657242605334687,3.235500478699065,1.8884975608041072,1.449582899134881,0.5719059363700786,0.7795675512419661,0.9803903313091722,0.2894442147083443,0.5045985178661924
62,0.285721188903953,True,0.6227797365321734,34.774979829614054,2.3377129488773387,2.812766937616098,1.9826711617981247,1.4039234866003238,0.6396122640651714,1.1299449963237966,0.9973328795303676,0.3118703314540608,0.6881296685459393
63,0.39352821867882704,True,1.9013621506231522,44.99915188571094,2.1518229108330384,5.852034226555015,1.9166450762168372,2.0225002073949936,0.37652717920792866,1.0312892722591147,0.9301147284292607,0.3432285068700089,0.24646521434661095
64,0.12612589412122865,True,1.846884950976778,44.29052209980902,2.150169642416574,5.495387765413283,2.1347823039960123,1.94858084175887,0.43600716245874077,1.3002870554892552,0.7986677655103287,0.34449528392481266,0.24935563476684633
65,0.11706600833975214,True,1.577335123891108,20.716998433775927,1.9894302515683036,5.810532432288589,1.7059934125694567,2.0251347405447335,0.39297570248403935,1.032050831525465,0.8836282818302185,0.37114639142950634,0.22091792889697903
66,0.2247760039221475,True,2.013124873554593,41.42345359800699,2.1099713752315394,2.235075823992863,1.8785876496472982,1.6536608244233975,0.31993529226546236,1.423215787889402,0.9363346151369908,0.3290132304702566,0.2931155130215986
67,-4.324444593011076,False,2.646296504212484,45.218327355371144,2.2041371082469037,5.339837430373368,1.629268324874261,1.8241929091795746,0.4633425642902982,0.633703088134523,0.47729341819028,0.5004895115853537,0.4995104884146464
68,0.1133252828455001,True,2.209570589386775,47.730639611381676,2.5593416748962023,3.978596303137345,2.0264432330329205,2.7908218642914653,0.38089562681035294,0.5033656690495365,0.19715944912480277,0.40921649216143746,0.5907835078385627
69,-0.0013201528783495751,True,2.34728953665545,28.576600297832915,2.6924020596423874,5.00130494324569,1.7987310682409579,2.30010762014751,0.480956705013055,1.5668525038147159,0.8539912487076742,0.47977753271491597,0.19561289711913565
70,-0.21283412196039414,True,3.4332795752564738,39.419008703605094,1.2977867891750665,5.844495463396334,2.2213845921123636,0.6218998374100373,0.5072070425302843,0.9038648820674534,0.9121814096514723,0.3522803206245035,0.2558974923420225
71,0.37567775898662925,True,4.411053274033799,43.31532943801959,2.313187063691468,5.570360866987611,1.948784019144468,1.2198299963973034,0.7014156049136924,0.9781696703126184,0.9647296486882709,0.28610610047455676,0.3212236506321786
72,0.2169885681095288,True,4.586994897382905,43.43945883060759,2.2709735375751974,5.56524999304316,1.9335444093741305,1.0631585533417727,0.6914893929163798,0.8276091099389647,0.9638608348922354,0.2873031110785894,0.33600401757037085
73,0.2715356318980633,True,4.7931971917430225,45.84964174927783,2.4174154646619983,5.999866686168929,1.8270437864523839,1.1957149427345377,0.5993365390848145,1.201107979251813,0.9291034419974894,0.2504581006954458,0.36675313743551696
74,0.25614258433467596,True,4.168567905846463,41.34262105310196,2.188838001785452,5.162059124162856,2.129537592682484,0.9435221168493835,0.5488718233229003,0.9669688439633308,0.8821193557550464,0.21937783117485538,0.5263284091636553
75,0.26659684900270036,True,0.9964930905259315,48.57055683551506,2.0762346740181146,5.606982656886853,1.736553853993002,1.08846854662437,0.7507175815866025,0.716415561984765,0.962894074753197,0.380137772830398,0.4764186330079683
76,0.3293127975796026,True,1.6995875097106607,36.4063224070598,2.8081715075065907,5.304361205770703,2.007624698407131,1.2131696008858042,0.37177644633766405,1.0701936491543573,0.8067275856702627,0.32154386481928443,0.2835720600660977
77,0.04497739145993166,True,3.948119581547683,40.04837576962284,2.826051726902765,5.33675467536157,2.018810353699602,1.173291993413913,0.8617422881992276,0.8441618670269734,0.7450140497641962,0.30843954554367375,0.3064846519848902
78,-4.9508105953845565,False,3.719832481693971,37.02567233922782,2.9005491491396698,5.837448007522134,2.280574653059112,0.846722164946432,0.27868864879755206,1.0667075858637443,0.8010296509444561,0.32958588542146144,0.27126085137819667
79,0.3048918118437319,True,1.4749075249153223,42.929145041683135,2.5645273842137217,5.74010144362881,2.0790293684571246,1.2587519009351644,0.37142104751027005,1.007755889779338,0.8366005813787407,0.2880131368915083,0.24454675871188813
80,0.2755294945346178,True,1.734451087315956,46.89279056753291,2.651179340138597,5.656655180819119,1.9522167810926785,1.3489294242268717,0.3743868666304322,1.0054474736886019,0.6923865262514186,0.2602086235929972,0.24770509237616878
81,0.24304357293753845,True,1.378916214300792,43.352973492062524,2.560783032906341,5.728518823480553,2.082030643069174,0.9576257737679543,0.2958611433012396,0.5756676940755012,0.8385339191078554,0.28538392342502555,0.2821367363509412
82,0.22672816286870082,True,1.1707287843073584,44.92419655903901,2.7740104151719893,5.417535865465565,2.1670541790056017,1.2479868268027685,0.34071022510310295,0.9231909955410144,0.7614680767686526,0.3171591590791634,0.3177369716735927
83,0.12154350771764223,True,0.8166773630172939,42.44000529439466,2.4531746243288897,5.868971579722148,2.5067454311972086,1.5204997331746515,0.44277888296598444,1.1310707356035608,0.8726553448499886,0.29138973518231615,0.2007199912788029
84,0.08435985161530124,True,4.395032597925917,38.80013644388603,2.3261812073108326,5.286673252431421,2.0185717643988452,1.3682136434705214,0.37409727034496587,0.7494212033502974,0.9097486879819207,0.27288955286782146,0.1790636824811339
85,0.5167136508139561,True,1.451775642668434,40.86703356721362,2.380502651130122,5.5632195326167775,1.9047762847722982,1.2821379399367874,0.983787716648151,1.0511467162080468,0.809579163525753,0.35665626863765815,0.2299075192667906
86,-0.681185366958912,True,1.511300828774128,40.69657105018315,0.5687109473716243,5.0971729900919485,1.8995214327102345,1.1059713550361692,0.9858875221666201,1.0492541964272353,0.8110967662768458,0.3556219892816823,0.15402169971470642
87,0.283093645220624,True,1.1310964794307703,37.63007091017877,2.486978261624415,5.536969300052326,1.801825309117054,1.3066931807408082,0.9778343408379133,1.164781761002247,0.7770102726030411,0.45122548042698196,0.23573278407104462
88,0.32629602749112363,True,1.946866669490716,35.97297896448451,2.586434895266133,4.910961848980203,2.68437507993782,1.2557123625839977,0.9589205306327858,1.0943056914097045,0.7256566490646131,0.3935781463619344,0.22565262478085754
89,0.05904234633638856,True,1.8955283889303953,33.600556483651445,2.389146940530592,4.880393714361172,2.666240074976529,1.4002669422146496,0.8742364744163929,0.6274512217136181,0.6596547935394186,0.41562275776349233,0.20317278501022823
90,-5.8720971293499735,False,1.6862002899226811,35.6604077658061,2.920253411907787,5.209703935759792,2.7666529238640187,0.9947327578002386,0.953614155860566,1.2271392256595144,0.7303555952989097,0.37098240373942426,0.4004345725801707
91,0.32747723767896453,True,1.5254688994669088,35.905562735431765,2.5726915256074894,5.711610204935815,2.9109633748113706,1.234358657257395,0.9322193554328048,1.102677823985785,0.8415789977493245,0.38662414695828295,0.2347508236295881
92,0.12872479940703146,True,2.104675249440868,36.13460028249469,2.6886116378394616,5.895870535809246,2.756453803566764,1.1191488129938336,0.8955994279835756,1.1197087269978458,0.6764629568779058,0.3404507397574735,0.272996849583005
93,-0.05306523965404797,True,2.4675706829352,31.79226667504522,2.765589760549368,5.600488136670237,2.902095644969768,3.1707318846603285,0.9367650667029777,1.27611939268032,0.6118477769770091,0.3959503844899898,0.22235989145019971
94,0.3344334208997813,True,1.925073961782762,38.12760163744535,2.28034158979326,5.49056683948349,2.869388254457872,1.503939355708626,0.9507884724968628,1.0770442824602213,0.7853580877935503,0.3852577709229089,0.16475867784905696
95,0.33451598614116734,True,1.6462372197697894,34.50659262297167,2.287403595037002,4.6840809912669235,2.8865174330775845,1.5315560051092083,0.9374853595533366,1.0942966696332335,0.714210087472057,0.3828936287067711,0.11149131216810923
96,0.28559927981478683,True,1.692352606584352,34.783361769683864,2.2891021292249647,4.714536969953046,2.8428710576940985,1.7315718794249875,0.9255435455589068,1.1711330012706154,0.7730433097889342,0.41071208958144495,0.10613815057870944
97,0.16275024710841396,True,1.2788657525737839,32.8448464011974,2.5051730314409486,4.594642828552976,2.9344175572356326,1.4952878765240314,0.8336184163158912,1.2577379365527033,0.8018520043186836,0.43531282853989206,0.1529240645558653
98,0.43900567133623647,True,1.5609575942430345,2.7789043621629617,2.4105838937230986,5.49197801564066,2.894526294306865,1.648898527873467,0.8185386455916568,1.0817933569240032,0.5854850617625699,0.3776024178561418,0.13808818994209518
99,0.2184317704972802,True,1.500174346946289,8.17582228319814,2.3840947233270144,5.053582175242061,2.801506290851249,1.6066930420594199,0.995317289025714,0.982843222203999,0.49936666870218577,0.43030678231831626,0.11402225374893286
100,0.44042859095895864,True,1.7863158976715132,5.712164799313721,2.302734743467724,3.2812315455499705,2.877733544399427,1.7212527310310402,0.8206930333065776,1.0734786962165408,0.5314523326544361,0.377629024210118,0.146221563292465
101,0.4496774391218275,True,1.7740027227297022,4.304916524748076,2.3219637203016648,3.234358449277699,2.8716620682544955,1.6900213869822045,0.82629373573344,1.077673838390611,0.5335021430493029,0.3838605879125421,0.13751536828453356
102,0.4279294903719449,True,1.809341499130031,3.0046268522431197,2.2863015203527497,3.2366104769958994,2.9857526342304666,1.7556909244397563,0.8214320100483563,1.0540633041228997,0.5545546184308486,0.3634348882648092,0.12710179697174687
103,0.38448862965642916,True,1.7870686888107954,3.6887040271662364,2.308272523306067,3.2640861284737976,2.8808678629555793,1.8465195189759138,0.821667181589437,1.0276135348960673,0.5575088549422326,0.3628821951846499,0.13426568821010745
104,0.2695863783076655,True,1.7936711724096162,3.0377647892430426,2.33842234893865,3.288960958889188,2.98738768831719,1.8817768694646952,0.8135777559389914,1.028866749796973,0.5661600462705344,0.3621025624384312,0.126325208491953
105,0.28200251716454783,True,1.6083028422691457,6.173618159324498,2.2419816632871,3.634362537529358,2.7139619535999375,1.6967301238203827,0.830739055724898,0.9365601013604866,0.5407186914547443,0.4032829155787204,0.14170241088282
106,0.04139223672811585,True,2.1676766638144906,3.7889153768007358,2.12045831533462,3.0561422553858444,2.9661235873020666,2.029033076429976,0.7839449420363078,1.1704810250444686,0.4569556107903781,0.3762804794076957,0.12937230210101272
107,0.16505000553213395,True,2.32625164425529,4.410767277593393,2.4075096514598546,3.2309476137854607,2.631292344437788,1.892114821902735,0.7603338511008644,0.978756443382087,0.5899876244562856,0.3579721266230332,0.10152020289881675
108,-0.0014566608639392,True,1.7908363854039355,1.4016477960115803,2.2237306665965404,2.949445647571954,2.8856519875771096,1.739594300008674,0.8954394737664366,0.8663609858241486,0.5362492803658123,0.3469460646730015,0.14148088065832148
109,0.08111783004231957,True,1.3988656028876854,6.532993209870746,2.312910577539359,3.068515012387503,2.8073606326412577,1.7927364026439574,0.7126734319276976,1.7535700933525349,0.5115753718057081,0.372273299609062,0.18874307613927307
110,0.11008573401028893,True,2.10263884946094,11.598302299235613,1.9364840831520056,2.8800543700984944,2.9311331914032603,1.6655158301258657,0.8450361330398974,1.1324286188852635,0.6429987382815406,0.3293078930331307,0.1723153195624243
111,0.3768346027426259,True,1.9829178314279767,2.7006737897999256,2.290770664067008,3.5762921398872525,2.867818545725282,1.5405953212783967,0.8035047813973936,1.066816146069623,0.5982422066228948,0.3887175018823763,0.16022364045620427
112,0.2559673215949776,True,1.9449802703426118,2.4382965822839404,2.3725647536494465,3.592325807477118,2.718130487983714,1.9783089902429776,0.7768548484130711,1.9824983919739694,0.5922476014462599,0.4022950825290639,0.16376701034950103
113,0.3210528232716438,True,1.7775685393011327,5.253708280127962,2.4616722378012397,3.3452061993146605,2.8406206246261707,1.5867891207822107,0.7939573873950221,1.0204892935895937,0.5504170740934632,0.36421404473224994,0.1359125967298069
114,0.3167494101361936,True,1.628367584967187,2.3007142698339154,2.1955662358714463,3.4866204492226758,2.9982685393545743,1.837269245321341,0.8157707078205869,1.2254973769944444,0.4355284118187386,0.45161016651739966,0.12066176213364224
115,0.2346862836473003,True,2.281885463170001,8.152386064496588,2.2927037221907085,3.733450249812511,2.7797956891220976,2.22680842128601,0.7328201816350218,1.0550030580237786,0.4972365619592367,0.338224450428928,0.1497824517894596
116,0.01515636523371279,True,1.9770452988429068,1.1164909132565968,2.048536620227055,3.1891771025655657,2.866003149678051,1.7077616168738283,0.8759714041146548,0.8842203210857067,0.6316849850847931,0.42489011638289664,0.11650271647724046
117,-0.5752330533858288,False,2.04060434330249,3.9166447465633354,2.4261908179837737,4.372082325766076,2.9319729408303283,1.562273547295833,0.91017586022814,0.9526133302765396,0.5263078276622583,0.382500941381474,0.16100667784156944
118,0.20653689367450145,True,1.8586798579985893,5.2548691322960615,2.3511897569441924,4.014527459495921,2.7313156201632123,1.639859494170647,0.862919294901897,1.1573403132307918,0.6065482705417603,0.4697709273875876,0.18505197516091282
119,-0.20236929575372262,True,1.3031065244381177,3.2533934763226373,2.110558532167724,3.4057460700022726,2.8322090247320855,1.9317645207133398,0.7633213899878512,0.8132017346955065,0.38817482742001613,0.34716817745730205,0.20986424148028007
120,0.17341962803737138,True,1.0846160011706631,6.810909025713318,2.2388349717533087,2.677975991462496,2.6281856980637044,2.0822846455210335,0.8468579432819212,1.0040922740581162,0.5656372719560535,0.40483759876928316,0.1015923945101885
121,0.36561144871154416,True,1.9040454664450073,14.637885244776161,2.2775978621116866,3.1356161884528633,2.887299293315529,1.506566388189053,0.8202663039786574,1.0710871639765323,0.4750678795603656,0.3868020545220166,0.16269944463351
122,0.26098923709843985,True,2.1423865163199767,13.954429859021802,2.1654747009545585,3.5376003333178256,2.9517466312651495,1.7843758603750979,0.807892667800613,1.0955593206236423,0.4858060834028364,0.3641712469746396,0.1370705129285678
123,0.19889449713717164,True,1.5952983475580274,5.022218155105113,2.290870948308461,3.0226283676745003,2.810265187332654,1.5396437854174043,0.823197172078392,0.9178051894296526,0.4652321442293948,0.3912198037444981,0.1747646587751782
124,0.27589559223854765,True,1.4619645819272225,12.549048793936613,2.5110805267008547,3.184217055235269,0.9996341238899383,1.4448991148072305,0.7942653922630096,1.1959297788082683,0.5746639107085171,0.3762714774737305,0.15269910174176565
125,0.3900647385517178,True,2.421436062931375,16.805212247261856,2.3586353865504615,3.134800483870392,2.8952579193917525,1.8631527099867289,0.8450626397196978,1.0498793782716476,0.5910548886213505,0.3338896965017722,0.11369566101476908
126,0.3450620453002111,True,2.5885346066617707,16.481188945499376,2.364256254820317,3.347396623560153,2.9077678850481377,1.8571605227149848,0.8460284515924178,1.0438239204554018,0.5149392272110943,0.3114737966247837,0.1921982439126168
127,0.3480277055629623,True,2.8689779741377586,17.525529013983174,2.3668731131874083,2.788898808200658,2.897828574950963,1.7730827264216156,0.8469171462455994,1.0424763336464287,0.39110867596732235,0.3164527612351547,0.19636424381133422
128,0.11261255904509823,True,2.733775875151629,16.171712567369916,2.4770018883559644,2.7616425748400215,2.968976945517977,1.6810840617431149,0.651482463373486,0.980607093020696,0.38982370827948665,0.33139380785559086,0.13642104963108362
129,0.2342222609709169,True,3.147352377552967,19.812021082753226,2.411957564422149,2.605381875829048,2.861702235590075,1.9327757455452237,0.8942544350274088,1.05584114199058,0.3583947697389933,0.30147278246920817,0.16857799442834534
130,0.06010536128370279,True,2.4069283365377863,9.458448362230085,2.345565029500036,2.8609297262424156,1.2676820067961017,1.773586965120174,0.7786164954751387,1.002033698531499,0.5568730756136585,0.3511472753158016,0.20946725718625353
131,0.29566011168061435,True,2.9184018039579165,15.041886332112256,2.4351358133170593,3.1480241727968843,2.9141258015759286,1.87912270704362,0.8468012902368481,1.0375799829018346,0.4385476204590977,0.31616909508662294,0.18479838522700703
132,-0.41950426219764486,True,2.9909152083486026,16.213211016171503,2.3644386276521807,1.236488308746655,2.7791324935623587,1.9936849328135946,0.8406544352732841,1.1406080206394171,0.5213691046042861,0.3140059092527181,0.19075074666461475
133,0.17256440151923044,True,2.6390692904016397,17.96661220899742,2.2419080613378606,3.3941444898710973,2.92283523796937,1.635465083984724,0.8696438574023211,0.9073219275650395,0.5940503779490985,0.34072460477556205,0.12741808057923826
134,0.34461007533312893,True,3.3167603865656368,22.364800204814763,2.3134363612414828,2.949847257238654,2.9959199472165765,1.7591785811400604,0.8233584553565371,1.0662517163790524,0.6166179743611943,0.3243290979370683,0.1463052225151567
135,0.24247032020879783,True,1.8447794287889876,19.039473559965046,2.518329140825999,3.284900126726693,2.828165884329544,2.0667668646810187,0.8035070673386525,0.9532765879741809,0.46536983318060937,0.29928444908235463,0.16003032660930222
136,0.2734918485890684,True,1.7725443376628276,15.283487027428691,2.3972979406999233,2.3665887867994675,2.884159038560159,1.84453834128242,0.6988604719452074,1.1060528387632986,0.40893538532763773,0.35450915132383587,0.19127723716507863
137,-1.0576234354116898,False,2.424090266083536,7.436542594494178,2.19005408192291,3.111391575170883,2.5746569002464454,3.4499050905068085,0.8552638361968977,1.0277875624269301,0.2822233221110889,0.3646375582043417,0.2064104730812373
138,0.2049885196135246,True,4.8851925925748585,16.460848379517543,2.264203590591059,3.4771852246036716,2.756146589579796,1.6189661883938191,0.7392201569161831,1.2018314024370422,0.517228016184049,0.3314399776225764,0.11964165705150051
139,0.13251608611290905,True,2.5775011993466297,2.8925994889366513,2.4520079633726737,3.1314694145229054,2.9521774577587854,2.2012796790585316,0.7656237715054044,1.1467170744759043,0.482190823802145,0.3455873882566124,0.2597587347679373
140,0.2671665424030937,True,1.9842020579738746,17.145420661975777,2.370424207682309,3.836439885558344,2.89312980306133,1.7151268653037568,0.8810855973728862,0.9649900245246876,0.5400757243565846,0.3037927460397908,0.15762948590203996
141,0.26350635781217496,True,3.512010688470907,22.30016670083179,2.317259467727249,2.8634411885504907,2.9725115717643735,1.7877382267635467,0.8262205170882956,1.0754742500046852,0.6203401445875154,0.3216325342146634,0.1476146348167111
142,0.3619743476280749,True,1.8829891959066622,13.066931193922848,2.3255090386593635,2.9749360194094274,2.8379879806308557,1.7373445264481873,0.8181593379523134,1.068652556365881,0.6572711667246032,0.31987292504968845,0.14201664288701027
143,0.28841516139789053,True,1.7314106465692602,12.902533800023901,2.342578828579372,3.3309083853212895,2.829199993417536,1.3970589745512063,0.7845121292310011,1.0286278058041707,0.640382374182542,0.36914571227269,0.17361056075098952
144,0.3883547141668805,True,0.1073271383431127,9.770633957222921,2.217534718923949,3.239503876544411,2.6914641545085227,1.8584071255484957,0.8031848724326169,1.114655926847434,0.6835580055212593,0.3098942108912887,0.2282452764395417
145,0.24638269256129905,True,0.24835832136183544,11.13078721194567,2.157239968109571,2.994531934426523,2.6862713452089886,1.9765029620220425,0.813365081615542,1.1091239530429757,0.6941780629468556,0.3359382309690641,0.12880790875985992
146,0.2314423282106497,True,0.5087509740922274,10.189396520930398,2.250001194053956,3.2439526548853452,2.7560740716411,1.685328743862026,0.7921002992606662,1.2524803623488092,0.6705974650886504,0.35569269384670904,0.23313359752491716
147,0.048285811613798926,True,1.8926214302413826,13.606121269389403,2.1941715259103747,2.698399773994554,2.4453114349414906,1.922542757707271,0.7174667593010454,1.1337930352596324,0.6557319812221758,0.2741255842671647,0.10230678521982828
148,0.1260201410142728,True,2.0918215221941105,4.544403030669578,2.0986928938290674,3.071187361326262,2.8600338448150753,1.5870402010756617,0.9101967334993513,0.9845668024574583,0.5878441026942235,0.39356647881567697,0.22045544442740642
149,0.1901178474629261,True,2.2187089288241766,5.620287826536847,2.2843071163864157,2.928284257093658,2.8108400966312255,1.4556995014708871,0.7481549617466644,1.1880489293285756,0.5584175169777367,0.2965230223931119,0.11900990149918483
150,0.2107852734096744,True,0.36468177809372015,12.010634361609302,2.00954391130218,3.1576120317915506,2.659084166504053,1.7972888156103681,0.7986607545788347,1.0895500953782415,0.6772233457054881,0.4137177006267925,0.14016552355620213
151,0.3666432779659123,True,1.6831146519457132,15.050826415091514,2.4145754861294706,3.437351372291503,2.9071549673960764,1.8512965220780166,0.8361221820208368,1.044623888049046,0.6053501782155594,0.3152090685963496,0.2002225109593592
152,0.2870121163549442,True,1.686591537057334,14.919403141849712,2.4271546399470485,3.2397980913110427,2.728776696738083,1.7541207861334707,0.8330281602107628,1.003305502666811,0.6040231492549497,0.34236722809955594,0.1802454892965939
153,0.2130616150972594,True,1.5320736756255187,1.9576326431643984,2.5021965124464782,3.677912430749138,2.936574020204631,1.8771165898589952,0.8575689522181774,0.9407524785355741,0.5729156588419402,0.3095133587336527,0.1676988768778951
154,0.4550506180701634,True,2.0054864896367626,8.894595210550897,2.312490715879702,3.576536212330178,2.864787213481992,1.7057343789509047,0.770624075276245,1.0530572999513008,0.6523534750039187,0.3717069980799706,0.20108209240918448
155,0.3642917249069892,True,1.987400612688762,9.18087934178301,2.217234509785648,3.5495135615387188,2.7963015045079156,1.693486853260532,0.772655108654386,1.0776877266874374,0.6597452245869533,0.38024281173039465,0.23809717981645068
156,0.37637769578150476,True,2.068059372058136,8.726299287229635,2.213235626460762,3.539387552411931,2.8602054094954927,1.6640065457990774,0.7710098186667671,1.1246437297987477,0.6241868761377843,0.3800855754862933,0.2357571770781119
157,0.1343831505602809,True,2.0426339327435166,3.9814493555472668,2.1427215840861824,3.4451633021644055,1.171744270836539,1.6478051603404589,0.20716452123507859,1.1645327655094293,0.6288877444794349,0.39920054036947805,0.21736325438591933
158,0.3153868115447289,True,1.817812707774022,7.822010560112941,2.2718737419915116,3.5813290125223594,2.859829691237512,2.0266537971185627,0.8013398729896188,1.1222884156589576,0.5448139091194059,0.36618191164094793,0.2625065328707066
159,0.24440857647413472,True,2.182894626608983,6.158774389595085,2.216531162969188,3.7602147837936815,2.9957770832934574,1.5241433662524615,0.7512305075274374,1.0042625856498673,0.5800557003125801,0.38772127526585903,0.2508632172017044
160,-1.4520802343427859,False,1.658191741539848,7.125658811857365,2.3995138642757117,3.4002554597062105,2.94373017842392,1.615984738497937,0.7703069876762473,0.8578354919821938,0.622686174380629,0.37538216797168455,0.22401779953609602
161,0.34660498785726196,True,2.030609774208841,8.405971659287818,2.2229592535170095,3.5812872472408923,2.790868718391168,1.6847671419514028,0.7820288063844507,1.0867464348258007,0.6504461219074398,0.38098998219127667,0.25090407931015396
162,0.332876300987673,True,1.9574520246884286,9.112737601472057,2.3088399809986044,3.6727719049032364,2.787899801055676,1.8260357362737853,0.766574205057986,1.117691507172343,0.6975597528871732,0.3586059054306085,0.23083680491301473
163,0.3284845157863002,True,1.7736767364214612,9.94970039816401,2.1957027626984726,3.4859469692912075,2.7115900075364054,1.316450289294968,0.6842023518835527,1.05883231536341,0.6038104521152474,0.41253305396971757,0.23740920313150338
164,0.26619713223081326,True,1.8994188635480116,10.638768592219137,2.2711393254089898,3.3089293414308787,2.883608563286821,1.5917964307799664,0.8104079046980713,0.9663925894742822,0.6826417137377115,0.3766703432554168,0.20721907186897473
165,0.33257845465168956,True,0.9119379387094227,3.4154578581497623,2.0625678405162056,3.4587260527382897,2.8203993884651357,1.6967694200097323,0.7379725135537829,1.1683874139350288,0.7049881870968818,0.3516605430259919,0.306802917317947
166,0.16940830390646502,True,2.0834085487781895,8.96073005355101,2.136295544953243,3.962310170110351,1.3960151305528874,1.8993708885090606,0.8301449814157523,1.0245843521475235,0.736759512265018,0.3983056508329313,0.15943376188579236
167,0.03609149602042387,True,1.4052236579764659,4.7131198401343,1.5731169678921466,5.927447733782418,2.9008227436022804,1.9567206228859833,0.8809565660876463,0.9245269579033352,0.6379414510069644,0.36423819581519234,0.20357753157843592
168,0.30616429490729763,True,2.289455615162329,1.6841891753964973,2.4498902279312524,5.7837176957797976,2.745846375000582,1.8336077608406858,0.7832303650300749,1.0917035269498636,0.5787576953281625,0.38651610484075655,0.27503230479607854
169,0.24206221118003257,True,1.7276773827800027,5.4258841957397514,2.334643395677236,3.89491226884418,2.9347051698727267,1.468610658174142,0.7988442100425823,1.2135393490786734,0.5543634311091588,0.3375182192471139,0.12873286090295832
170,0.22802650480156414,True,1.5483472254097124,2.700407454135181,2.231664648990919,3.1988201727929244,2.7808887823442756,1.7194011814954147,0.6533799828106255,0.9935562028542262,0.6058122558868214,0.354356532048143,0.23955938452708878
171,0.42147830910785156,True,1.8948753467964983,11.620949900314452,2.3112724047948947,3.3410384331183445,2.8419535591077665,1.7242048016133504,0.8176896597755978,1.0467094245112742,0.655811978286377,0.37207000173490945,0.13620719320136826
172,0.4108620431647974,True,1.95769232018804,11.265528312195023,2.394641916765331,3.5097314046225487,2.8598253755595677,1.6266081953608893,0.8221828581698928,1.045770584782678,0.6572500704679419,0.3755070846593666,0.11451613600389968
173,0.3789223092006033,True,1.8481220994923302,11.433092394218761,2.3995829782523623,3.323556159907305,2.8552978869103955,1.628907525983289,0.8330992195532598,1.0437322764466905,0.6199499717471637,0.3645289397947958,0.11524362557040327
174,0.3335071411271954,True,1.6181297516848259,11.874606596230874,2.4026609692486707,3.3254485471392723,2.865489097056035,1.5836941519434582,0.861384408695661,1.019964608997535,0.6249797596271521,0.36971341857233553,0.10882882251442269
175,0.352976273695285,True,1.7960133408479135,11.293954731093503,2.444880136392883,3.3999537887073745,2.848962277039186,1.6539829030481406,0.838265541363627,1.1423539823468272,0.5871756881407776,0.3485989587248767,0.11383084597767223
176,0.09719928883050793,True,1.8600583317526722,10.42554698106003,2.385411621055036,3.5550952221963965,2.574256414823434,1.823804253685345,0.8080037295605605,0.9582053765248968,0.671361634371306,0.33459164642496775,0.13738245191859141
177,0.28020356406532626,True,2.1398165612672484,6.275097927514805,2.4866437520597735,4.180727684996081,2.934340634676742,1.74245232450588,0.8311342179368264,1.0455846023558615,0.6467646592140852,0.35881750097285914,0.12211322083770747
178,-0.08878290778790149,True,1.7070427619830315,1.0021629110415637,2.5382736730979847,3.7316005122770886,2.969340313006631,1.9031549923569469,0.8824801408814502,0.8826262208752689,0.6077250099109048,0.370361087586067,0.15077343255966855
179,0.35714603010091234,True,2.048888720309742,44.942628111410436,2.3222956562493033,3.253878339635931,2.832442571615473,1.7967702924231586,0.8572043730724097,1.1167280886469768,0.5335490414361717,0.32908772906291955,0.10021828356856671
180,0.3200461570101536,True,1.9567172796586203,7.233583996273168,2.364534548065542,3.3555998472116717,2.902743022061739,1.6305952108286612,0.7939712909332955,2.1566459540989737,0.7179525791130935,0.4033063121350449,0.12646163953239234
181,0.42619649355425765,True,1.8406765728925587,13.82384715802115,2.2828420870241097,3.1226586465974457,2.874880739920888,1.537671422576378,0.1336145653596918,1.041097320764733,0.4968916124868574,0.3858240616323186,0.14243560080320916
182,0.4174310601588041,True,1.8519873394151267,12.666740980190712,2.2984704715515094,3.4847249874611097,2.8440705041755607,1.4064111190563215,0.8181618413734761,1.0433575135974729,0.5626133908194928,0.3908434149376235,0.14277820781912942
183,0.37161378492753044,True,1.8323740257781462,12.287349022383895,2.294094957331089,3.0652518727397826,1.933701381023085,1.4345538303403986,0.8146492552012818,0.9743928979610623,0.4971675031623069,0.3888867872108206,0.13672277486492423
184,0.379791993561785,True,0.10556196926425532,10.80857652660691,2.3103721526951335,3.2328161248983243,2.8540052659676713,1.369503732683301,0.2068240845805484,1.0009005402363662,0.5572861459794384,0.42396409046089445,0.11591736903943209
185,0.45072654696065795,True,0.27358928460101783,10.723021116993307,2.336312701776294,3.2113830102384884,2.8474721835467958,1.3838192912941714,0.13474312276905553,1.0094513546387816,0.5609035785521925,0.42698165975384106,0.11279982538332908
186,0.4416281810468509,True,0.2342250010171361,10.96286964632685,2.357337305969954,3.177076337270114,2.8188282846742725,1.385037134632651,0.1117985394153818,1.0201376882334063,0.5588554520701128,0.41685088394361336,0.10796919810307418
187,0.324808863937216,True,0.20673648443536768,11.097235215269263,2.3601382454678506,3.22394148380019,2.73905117038846,1.3517532229964782,0.10321161924962122,1.0098488596708015,0.5568231859298345,0.41127526273393555,0.11120502248933621
188,0.28894687096616795,True,0.12067646526290011,13.493589226667634,2.339438753304094,3.0867575822781803,2.7930533830574023,1.364529742066548,0.16134431997020357,0.9183364308887242,0.5315210418634685,0.42432097223100895,0.11619434911665666
189,0.33810992821003927,True,0.2994811311487698,10.00529185560604,2.465714197059703,3.2103546424740554,2.6914526886480923,1.4106662832120291,0.11418158541945535,1.0242092417321322,0.5591312729817778,0.44396078012974627,0.13010243060525278
190,-1.5675801483459937,False,0.4085182897911584,12.375863980636108,2.2607829685266103,3.0376762533430206,2.8220968502431036,1.306041937866555,0.24257509482108186,1.0025948134129559,0.5198418885006049,0.4244352686078352,0.10026238082782137
191,0.474572686482588,True,0.10962046378246079,10.637259015027414,2.312635442199102,3.2858348678755687,2.846998325345488,1.5369085814602599,0.1518118955313759,1.0615848942527069,0.5780398218080451,0.40362972903090333,0.14700091265013437
192,0.42206510694925126,True,0.11333262398620013,10.847505298295108,2.3994416358181208,3.3246289853414717,2.769512744111134,1.509312441905707,0.13547074065437703,1.0485341375472808,0.569360629617429,0.3972213868035834,0.1437861526895625
193,0.4228653954498573,True,0.16322306227586547,10.40756066521569,2.3144359993800765,3.1449504496338903,2.7446793549195845,1.4556161474258158,0.1759599852697855,1.0887788066634716,0.5095078317935469,0.4593492553459029,0.1467086848103062
194,0.4472174169071112,True,0.20345844148316694,13.049089651208552,2.3743749622801227,3.137104091723859,2.7510289718885312,1.519144158070818,0.14281452646569778,1.0982436342665973,0.5064240439683405,0.4067655373365118,0.14795753022403466
195,0.4092547166125439,True,0.3231436905419174,13.594617288259238,2.37641557930088,3.1251360768177645,2.6462933703089084,1.4891130309542862,0.14415402414779774,1.1136571863056797,0.49964201080902304,0.4799179412429638,0.14721363109558544
196,0.45680024125796725,True,0.4690941066971887,14.20657566286933,2.42794078975643,3.1002698974387353,2.765723793953291,1.4859758513528571,0.1458142348994857,1.0876924021144256,0.4943019878865155,0.4612751740393195,0.14621302239206793
197,0.4118803971966626,True,0.6221929247753532,14.09896278154946,2.4308183209075964,3.05638812722397,2.6381537208426034,1.4832889766841484,0.1572206466088866,1.0861811464004267,0.5116772997635503,0.4884288675531657,0.1509717830067358
198,0.2588194643329285,True,0.6239399344446235,13.92772368023445,2.453656369012473,2.9681698290284526,2.641827823164703,1.4524692917128852,0.15431287305695549,1.1744052098029056,0.4887112300749135,0.5038144102923948,0.14571814078698095
199,0.42186785964020923,True,0.4274488345598313,13.355518452958947,2.5434148382425357,3.022235664188995,2.7332785810467772,1.4933837593374037,0.13435323837510457,1.0871632477431763,0.5089511004042754,0.49083113992116106,0.14838464699602003
200,0.39084251860265207,True,0.5285124219450855,12.229734227833129,2.4992243829798966,2.849453120456034,2.7289340852549944,1.5077519880388315,0.17993732611965876,1.0918403224044229,0.5059449936676337,0.48722209554895074,0.15207796840974622
201,0.4583137706065423,True,0.39293974505283613,13.396431685472383,2.3916173846305346,3.0273479203021214,2.765529043306209,1.5063192596453931,0.1448404343408344,1.086704007371863,0.45557819202550676,0.4606037997436414,0.14575593880214946
202,0.28487861226833644,True,0.241471186533767,14.197372456291532,2.6482556758269205,3.027898324976194,2.7688497123555176,1.412025436596589,0.12226435838635916,1.0705992285168067,0.45466851785304824,0.524165850196152,0.16926686655401543
203,0.3829951315300427,True,0.3444269636156305,12.847944940021055,2.4304868009404923,3.132205514809254,2.7552335350521964,1.5318375079687585,0.12827946185857025,1.1501160023407837,0.4479031722323257,0.44444876619341683,0.1347716534796786
204,0.4668912614946669,True,0.46466745380256175,12.95124599250736,2.556211005484296,2.9612683882686803,2.7167515374038267,1.5398298816796696,0.16945213748492335,1.0821001285165548,0.5283755251424072,0.45298852706318193,0.15200244031772922
205,0.44906948684967213,True,0.4283825220554883,13.658360146226695,2.5811953421417115,2.92025225592372,2.683874547785674,1.5566652491025512,0.1830896549584624,1.0878907386084036,0.5277367966233181,0.4663891269458526,0.1570140298666512
206,0.1728966550464515,True,0.4206867133489494,15.554071031865726,2.554711864725989,2.852416242832033,2.5957850355159517,1.5391301281797343,0.17587260191751,1.1457429295201154,0.5334103892435815,0.45653276282962885,0.17948295240903123
207,0.2576156105590581,True,0.43746095619865355,12.368151006162636,2.57243762963828,2.9427198716946443,2.699169104760129,1.2856731707343512,0.13247361947610123,1.0880024163538793,0.48157285998460053,0.43779768375100736,0.16325866239128387
208,0.2578103961174327,True,0.20657610635616205,13.006325693209188,2.6286166919033755,2.9271021211695483,2.721553649680365,1.3987905285535478,0.17714694701479572,1.183682872603082,0.5299052493658432,0.4606018770795141,0.14041737244337438
209,0.26091169856287416,True,0.4679123234367015,13.080557785485071,2.6995014500341266,2.7527164449555794,2.7859990955227247,1.5709994113600518,0.1388647242810301,1.1090926210044272,0.5064065143389909,0.467437398438107,0.15501195569937648
210,0.3862151383497317,True,0.7094784125890968,10.555239564154256,2.592718590361553,3.0273225993816126,2.6883368505026084,1.454390050722493,0.11353227976784931,1.0465583982112057,0.47144717514702894,0.47623736978628933,0.17365552874182863
211,0.39777835755568436,True,0.6781139259083119,13.850679947869542,2.5193193058834447,3.1187055711058203,2.6289019756703067,1.4863956334656099,0.16438541863197523,1.0822616966567027,0.5137454823240681,0.4980956014824287,0.14903384263382496
212,0.4540341996721975,True,0.2740761654941769,14.602527084803388,2.47228246777517,3.020637958713404,2.757179021311818,1.565224323500675,0.15143433316718594,1.0799439299238276,0.523630971477808,0.486781177383734,0.1281779339826693
213,0.346230859413158,True,0.2422926525720631,14.703098410818322,2.4864118145175444,2.980262010218301,2.7694889351206857,1.5582020145532556,0.14341073032539478,1.1330856251114167,0.5403434964568763,0.4402835441844313,0.12898664430329987
214,0.12285551463625667,True,0.29025094145795416,11.3621776950387,2.613201029144467,3.1454169047620724,2.7508006849452293,1.3367228780212719,0.18859597770325157,1.0613658868142604,0.4932067094512743,0.4572846992041047,0.12847732748210475
215,0.29387217061955284,True,0.3483093057736061,11.778525279258172,2.4864593015243748,3.3093362334159973,2.8015985204307796,1.558228504754464,0.10118851427600406,0.9942824464335002,0.5376480204744073,0.4662229297821632,0.14001535787296177
216,0.4022558792748053,True,0.18404288858213155,12.892121776853484,2.55541210927515,2.870534666091739,2.7268351807546547,1.4152352073616767,0.12815100319002506,1.104999906971639,0.4154878234476937,0.4873093032493093,0.162873897874797
217,0.5181702847845256,True,0.5600460262456189,9.77212453144044,2.3469322082340485,3.2185029228957545,2.8144235861905322,1.4828856609430927,0.14251502703214305,1.0585534198448963,0.5758793891300336,0.47353682728560553,0.1396616825967607
218,0.29845227468163504,True,0.5379678244423557,9.64283416726006,2.4091758698594807,3.199434707674124,2.6697073107892937,1.5064035484886134,0.15221599986321938,1.1584339642844448,0.5273661245781439,0.47100724133234684,0.13042637553695183
219,-0.19913003399861745,True,0.4228186647870248,10.614953074997434,1.237698395469884,3.0495588991602913,2.8052672149512774,1.590022789748296,0.19113679961012248,0.9569688826920044,0.5758450566669822,0.5181957108770922,0.15645855809303222
220,0.3241270646613736,True,0.18769978230348855,8.33911678461836,2.340879653148027,3.1535954250989233,2.7536133238543954,1.1764629023066984,0.16560015707753165,1.0706909523812131,0.5449420591134774,0.45147010498021295,0.17522659949467606
221,0.5373654835904899,True,0.3009931841038538,12.361131948573242,2.352694840827257,3.37551253716782,2.816047903791128,1.4648224723795757,0.14552242120711906,1.0305390436844422,0.5695335701071026,0.4305303034660429,0.14236177933360472
222,0.3523824257736643,True,0.311840988139819,11.939191971825059,2.3681915163676632,3.3056335678779054,2.7993395838377424,1.4693611577082155,0.1294014284149824,1.0175027014237992,0.06649005090715943,0.43510947859368077,0.13073015243348846
223,0.5238162113835214,True,0.4831034722858859,9.80655188087707,2.451465676782888,3.3763788749170027,2.81841702881236,1.5455408608715209,0.1431530107600425,1.0972346925762586,0.57091989713168,0.4633219605933836,0.1434181782692343
224,0.4246789638712018,True,0.5031489657132759,9.711019567133366,2.4539320321299507,3.1979316699202633,2.705214632291597,1.5361634968887345,0.14335846842158795,1.1087593724875269,0.5697242989060314,0.46338011903533277,0.15193640120253532
225,0.3798375857242544,True,0.5735253314325485,9.800569799556321,2.44638703769402,3.2273549239756036,2.6914683999155335,1.5567283728695804,0.14853179330668637,1.1407060201937702,0.5743281988644641,0.460543807801873,0.16264149259317967
226,0.2958136107627219,True,0.7906704556558588,8.588840334942375,2.394222855062316,3.1501435844650487,2.8053103387419083,1.5351345760649273,0.21688601090266135,2.479548002990163,0.5708447729808398,0.4745209492890977,0.12367296426473884
227,0.39910602771325343,True,0.10202333186373466,9.346669880336998,2.462747865089722,3.408045828397052,2.769182845215866,1.4357674748544982,0.11373704908612209,1.108810556115776,0.5482581733694902,0.44966015510528834,0.1470210190474539
228,0.008406144481768903,True,0.27799374435759383,7.726084954539607,1.0620806277821382,3.3084968587617314,2.705471682756098,1.5904581471565213,0.1705356741380611,1.2219654212266295,0.5784601130138518,0.4308992027147374,0.18032881865065803
229,0.4206992021087991,True,0.5110147577497317,28.99714291876545,2.4267905756737727,3.2284307831158277,2.8224155945168934,1.3547008700808694,0.15116676015344557,2.410016466336387,0.5288964721512088,0.41271528121643536,0.15801874779476013
230,-1.235420299838282,False,0.36378375749215386,10.712464501597625,2.3682009287912935,3.40513995478809,2.764443940625622,1.5064085900135187,0.18893226158459073,0.9892457608733105,0.5485636115939506,0.45682103923193,0.12498112760605376
231,0.4278201600924934,True,0.4754680098893872,26.52909669193024,2.5376359292669863,3.0034038321732637,2.736955156592361,1.4866944022323736,0.1329438659874417,1.0781368760264693,0.5137008151579857,0.49027147235447294,0.14519997125098635
232,0.26219217309444975,True,0.1971879652307606,27.570009564925353,2.530647393113088,2.9202432137499486,2.6736160635662474,1.4367171284181497,0.10003483875929559,1.0703973116704386,0.47215677424565905,0.46899083876936853,0.14202640303260408
233,0.49200315686741264,True,0.47795887483264626,10.001104419257898,2.3444669947382177,3.0833380621146165,2.815159166523101,1.582377057961105,0.14019125039937383,1.0237922409573106,0.4910308960295186,0.47791794432125223,0.1679787155802661
234,0.29596898807468125,True,0.4977203104215513,9.917382025375169,2.4866739999494736,3.0789396020572655,1.4867353383687596,1.5840965726466691,0.1658495671316928,1.1113121300063693,0.48474242168702647,0.509416609688049,0.17581333556271386
235,0.17713434837696795,True,0.728109878551132,8.983470724146224,2.341781995208874,2.794264776997987,2.5083264633847464,1.6374681458396227,0.12071640387441554,1.0044739590090574,0.5142589658805928,0.4909916461258285,0.1643399870007627
236,0.33605152259532944,True,0.6115802957995209,15.5279822812451,2.3329900698543677,2.9637824429233532,2.727599829472517,1.3868956415636096,0.14753515179175203,1.025230190612059,0.4913797907256594,0.479193201446495,0.12109751957221374
237,0.4506882720835437,True,0.35633190336444154,14.427920438948455,2.262495055149236,3.1323153213192896,2.818586434056417,1.556841650200793,0.14484770392048885,1.1366643683580064,0.4526433943731952,0.4399591885236675,0.15510090186661857
238,0.4357873402286984,True,0.42611034689683136,14.755883355482812,2.59653532873723,3.040633221379173,2.8257901062903157,1.6124439710645684,0.1449448703573562,1.1789072657801245,0.45833154896832057,0.4250284332393491,0.16726381061108175
239,0.36086271155187744,True,0.40407663382999615,14.781177922495162,2.6348749632526918,3.049965671228764,2.825474770770581,1.6237479227448168,0.12432087232480561,1.1657537718123359,0.4498382822084991,0.4343325659688974,0.18560067885395393
240,0.30051408722440703,True,0.29928892005070196,24.911131342072327,2.589942519740418,2.610445523850194,2.9027120433744105,1.665090799516261,0.15471581844653576,1.3753095122539036,0.4276171771417343,0.39045338539171703,0.609546614608283
241,0.3800577643881681,True,0.47757737570056574,15.505322389921814,2.2796135104027546,3.1964458118172243,2.8094015599179674,1.5508679888781571,0.13687822453510803,1.1111619300771938,0.46169209454806037,0.47702222916660586,0.16214727646968766
242,0.40530296207239186,True,0.5440916427109928,13.92972680931086,2.515825803208664,3.098810884175931,2.8743141685620532,1.5984330152022312,0.11418280952206614,1.1371362088290717,0.48195774979146416,0.44453052761680667,0.13396621445730242
243,0.49863830111180485,True,0.3694148675992434,14.496532208530029,2.4342581526471077,2.9247425230100106,2.8242830200500073,1.524309176654955,0.14308540481962312,1.0668840959411814,0.4407224623140707,0.4448540167735023,0.1548416098069792
244,0.46530137243259406,True,0.3520177000930261,14.328296561944718,2.3988169411334312,2.8656034409506885,2.8316318251866823,1.481905965765,0.16060540462231832,1.0624849654980393,0.45427694105487804,0.44488660705771543,0.1356967923084976
245,0.36330543369357804,True,0.3686961902349947,14.825010650208887,2.399974645811455,2.8993075397697674,2.825258008577129,1.2468169793703778,0.1577266624915475,1.0630038227656267,0.4571384508163683,0.41117810675054867,0.5888218932494513
246,-0.01210606544187286,True,0.29434835592379816,15.68763026797085,1.427276146184535,2.779784689186345,2.7957500167599765,1.4739162832298003,0.19151426325567059,1.0735253112795042,0.4496926403316743,0.43124024577087466,0.17076433067108865
247,0.3107313276010789,True,0.4062580395860754,26.298510360879103,2.4270963223725066,2.9663035358891774,2.8405095015666006,1.3040234574042,0.17131108132553977,1.185613364583868,0.43482460467251755,0.4493140318785122,0.11102300342984253
248,0.31803622870465553,True,0.35297855805705813,14.412024156607492,2.3568363096607094,2.8262124447076666,2.9271110986726883,1.5981398036323435,0.14481825677121496,1.0163993930947701,0.5258262530129386,0.4236115670850531,0.15679349196155926
249,0.21038594742875052,True,0.24294571417354524,12.76757036231777,2.683281152714915,2.98375100238285,2.791261316499422,1.6530379440173277,0.12382112672301773,0.9741672282499649,0.466041412563235,0.4359386151531101,0.1273835183773661
250,0.3755385089649457,True,0.5948116924732233,16.321223032839185,2.4901706005631583,2.8815154088737325,2.878373650548909,1.4544157174184802,0.22217659964557865,1.1401777610861397,0.44278756969796185,0.41464261840999134,0.16913747093711495
251,0.0666731743825934,True,0.47983839730564315,12.072708941821526,2.603305493472925,2.650149908585348,2.343246431966237,1.3671763713287224,0.1633094991893234,1.072452656754674,0.5390993900912995,0.40727649559807777,0.13935398887688483
252,0.18876040235075664,True,0.39617125223337724,14.162287753772876,1.8237930118055936,3.0282724014864453,2.8351859089888376,1.5022214094486457,0.1429101479678445,1.0263650956980226,0.41632107653702655,0.4655809399031925,0.18779656348902185
253,0.4393421943538339,True,0.25141434828960646,13.337231752980745,2.3863672170533765,2.7889897242519863,2.919073947252153,1.5754328377415563,0.17681726893063054,1.093943520558895,0.4267857686174581,0.4453254027862358,0.15403996806588752
254,0.43319470654406284,True,0.2448037339139832,13.342135878909058,2.383367683708117,2.81711111184486,2.9296381863068928,1.6910012668436818,0.16692685516152053,1.1377543246844122,0.42143254769029215,0.4481015941884023,0.1572230265861564
255,0.40756158789819147,True,0.2520962760328956,13.176980136628616,2.371956652523095,2.718981352824188,2.9241563523305083,1.6812541068022897,0.20264662053060561,1.1843881144103425,0.36493433095860967,0.44480136817360943,0.16299023697959325
256,0.3705299362549524,True,0.25409711855841893,13.46700879539168,2.427239052495739,2.5160820967237836,2.893364791764724,1.5712307233065241,0.18149483933683014,1.140009030335783,0.42382444717001877,0.4529022683570021,0.1822004061091514
257,0.3134880647726147,True,0.3394256759083478,11.918136045627715,2.3962215974102192,2.732849467901086,2.947595098236285,1.5881765340641938,0.16646562388159275,1.2312317864491038,0.39009703076014074,0.4378911161534103,0.15505071615098015
258,0.48901493943733626,True,0.22642738704764304,14.792524280629411,2.346166485840546,2.890720382525593,2.8554256143757626,1.616525021660126,0.18795727084808167,1.1125134925415896,0.415531026215623,0.42575134113134633,0.1717417194702785
259,0.5460775069428457,True,0.19642588733159716,14.604037967377007,2.3526295448448753,2.79817681305154,2.859505806507151,1.6580655970915057,0.19035321787373266,1.1147022564227373,0.3633739441154075,0.42439556903398723,0.1736388711839331
260,-2.1414592273694057,False,0.18378197629519674,15.121536185469186,2.3402153323802217,2.9097660821640856,2.854659202441816,1.6332962465974175,0.19462311528882167,1.0925188004393955,0.34775107074871053,0.4247120217652021,0.19346131068241035
261,-0.3779522826018192,True,0.10467880795654481,14.829883824589519,0.7585689178393301,2.6413100469871753,2.829263884785502,1.5236339693108891,0.24001455060373827,1.041514718896616,0.4049082857982881,0.42349916967541834,0.17743823788041796
262,0.38804437427202915,True,0.3355460446034758,16.85207740978288,2.4838440367369143,2.7782654783407827,2.8716543756767114,1.6080585816046178,0.18227910004546297,1.1164163158529121,0.377044781089462,0.40672733847682535,0.17337784907802842
263,0.22720644047397925,True,0.20347258663205892,14.466573256711522,2.4541837075488897,2.894859075762507,2.8026043448429543,1.4162280889264216,0.15510642521372464,0.9901708413268824,0.43469101463070253,0.4317665060519514,0.16499055630747517
264,0.42027752929511775,True,0.33106945732460635,15.5730923695464,2.331342080544856,2.823707976166471,2.888376973101712,1.5593681885970705,0.11529859796157475,1.1990672017881847,0.40401627055492184,0.4164106335704904,0.13567292663886596
265,0.3718703633658466,True,0.42900687640182733,12.39345331048142,2.4216042206487796,2.4124301480276973,2.7805919100983716,1.6576465743383075,0.2121330830830964,1.0965809143046985,0.2860964537365335,0.434725067140746,0.11943880754187697
266,0.4501979156480426,True,0.5918567709762678,14.114877878098879,2.24645264825896,3.062894763257477,2.8360991686719204,1.5317080436019341,0.17558715899454969,1.0551191228019603,0.3324391363528978,0.45804676626237467,0.1890373812820335
267,0.2903824002663174,True,0.9389840977836372,13.773003408699704,2.2616107608623897,2.725564569888628,2.85768109429572,1.4510608480414307,0.22622042444596868,0.9604554857287257,0.4719102550397974,0.46152748461299525,0.19324593532109258
268,0.03735545710828332,True,0.6576319071834755,11.34497008897727,2.315207438037079,2.913199966022524,0.8104995685971044,1.5182013943399797,0.18452185818887046,1.0461680461623613,0.3317050533236263,0.477575741161529,0.15216702695968826
269,0.47504933141997513,True,0.5818966481108189,12.836399753594408,2.365062444654247,3.1402616352415538,2.9046457840313398,1.4085042863477315,0.16406677169841785,1.033349046025173,0.34137781643436726,0.46023224141379904,0.18421526724655024
270,-0.213590967752332,True,0.568295569249814,12.724293211071503,2.2659606308667124,1.6114928646056161,2.7748150071935154,1.3687238338982974,0.20207305618277527,1.002205079066415,0.3032082067465094,0.45773927544130527,0.20037979578512893
271,-0.020237616993476402,True,0.7593319608629063,15.87729658389151,2.370117343226115,1.7997320316826362,2.8402383622077214,1.4004106401636993,0.1763105319337367,1.0238747646457296,0.35283650976433606,0.47184139633214145,0.1856849845622842
272,0.3761493965587378,True,0.5910959247593761,13.589012276290445,2.33366724797599,3.1029378395897895,2.889790114389132,1.4593873566631337,0.15595249223939472,0.9250457787873088,0.32093216755479215,0.44888204756568656,0.1778560361773156
273,-0.35752588589370526,True,0.18806916615187577,11.576661678344898,2.2511644138949394,1.3007248409219403,2.943791314950251,1.3264222998997548,0.10251718061983307,1.0618120174340997,0.37060798205119294,0.4653465775287578,0.10148747163931224
274,0.31440362183597764,True,0.8534071662958498,12.601899948917826,2.360731976041,3.263422530505336,2.809399384332187,1.5309869922291555,0.16271794378021384,0.9632890475855478,0.40164870912558076,0.4401664560738011,0.19514008500939187
275,0.04079456440159128,True,0.32063135398990117,14.240502055125463,1.727169957179202,3.0124958956525587,2.772676754493198,1.430111579111735,0.12763543091511234,1.0255377453166405,0.33911347204495595,0.45504290242096385,0.1571329757019942
276,0.4682286948351882,True,0.49420693812965444,10.977813843367443,2.2861142262320504,3.16607727016089,2.849887468741837,1.5009667851786777,0.19572927560293713,1.095451760921241,0.327791427531734,0.4799143516434735,0.1726422970311624
277,0.4803488146815748,True,0.6779111209295527,10.732357320714595,2.2907278851087796,4.460543321768201,2.8323174382681717,1.4833985107876033,0.19917728840129606,1.0753435691244135,0.31519167541887405,0.47568422542533906,0.18230711838734717
278,0.45159889568939543,True,0.6878027181725489,10.517027325744381,2.2528380665332812,3.142517382489619,2.815624468915641,1.4753333699553515,0.2016409216246788,1.121068863238805,0.2804535492510258,0.5007856794792657,0.21357651316668452
279,0.399183895492711,True,0.6350330617329213,10.238971867602977,2.2436797516524263,3.103215155737194,2.839638910653236,1.4875499459989105,0.19757978316316407,1.1474339017452104,0.26674478604392693,0.5003311265333559,0.1951296404819098
280,-1.800006300068766,False,0.7235114660513604,11.677012294356356,2.192991409390649,4.428161154211444,2.7653206987600574,1.4867516320923477,0.21825739202358738,1.1184023278273216,0.2349677003413422,0.5145163393441002,0.21507826371324296
281,0.3296556145437464,True,0.5319274498735351,9.001012995982009,2.2707473574054284,2.9585079613417578,2.8040655609699847,1.5329277107159087,0.24314028780822158,1.0647505035814475,0.31960614372319507,0.48513461418567516,0.2042021980184414
282,0.383861799521543,True,0.5063605733520805,10.847874846375824,2.289818434113026,3.150079425015732,2.747580345912324,1.4228222175046754,0.18520629324228322,1.1120171500373246,0.3108654011161905,0.4941672512378266,0.1834053760394252
283,0.35032800346483206,True,0.66330882963156,10.411885220215039,2.23968473381003,3.366751491712472,2.863362046804243,1.4829308242799213,0.19912273004130732,1.6570065769742004,0.261092531825039,0.4773019564804224,0.2118266704404317
284,0.3058377489634627,True,0.4450581062175856,11.87015920425125,2.3152883945661316,4.055439642990278,2.7855501269748104,1.5545541236662677,0.16018108023067693,1.1630465739261777,0.28983886150597193,0.5051269336835202,0.17881066923053207
285,0.0854676090365357,True,0.5783216349004249,16.714724995218898,2.4413177363303857,3.2439578596292713,1.3452884944161865,1.2941937296118093,0.14563087599267843,1.060187077748536,0.33728893495746926,0.47197028137034025,0.17022381477658116
286,0.5024006706385847,True,0.8037656654450913,12.571999155204063,2.2985892529723393,3.0454425528561226,2.8398279078689024,1.402067260947413,0.23287283215661786,1.1061637747032944,0.35505419571640445,0.4809976987060799,0.18959191970986428
287,0.304124473895175,True,0.6921249888337392,17.894806036721793,2.1618711222552704,3.0314703708218813,2.8569280751824375,1.3493221334106844,0.2665990681702054,1.1404380038583042,0.30341013662536265,0.4720931469195512,0.19105847111110644
288,0.35717009129316146,True,0.8415181195487438,9.95795853341033,2.2219843557340653,4.301615394445112,2.885178805971331,1.4286984378549117,0.2371020285786362,1.0437316552906875,0.2425263205997472,0.4881596157384138,0.19541328031809563
289,0.3398739041247974,True,0.7984081439018235,8.20045673658581,2.283919881325016,2.927008073094901,2.82385169557035,1.3779564872562746,0.20657365671791988,0.9910851027056545,0.35221555286169876,0.4626834055177075,0.21062043241900213
290,0.4258848418148232,True,0.55209468079897,12.441114267347418,2.321265530201852,4.770889217761246,2.911605741312952,1.4625957164987757,0.1895294788507665,1.0782611272715545,0.37190195507555657,0.4788673462006325,0.18033065535135806
291,0.08361420777132579,True,0.6900302764436086,11.151574613360054,2.2461472968898537,3.0660900101552047,0.9425158199868208,1.5425099180803183,0.22322551460033777,1.1172860904671085,0.32455862709350064,0.4656269628068703,0.16962874731290206
292,0.2982605927230813,True,1.0545780962050832,14.66092811040404,2.3103390398159607,2.8706132096430172,2.8268904553919714,1.295667120718928,0.16980754480278237,1.0179818748062583,0.2770055069706228,0.481638486584576,0.21357402791098487
293,0.42620968532633235,True,0.44916803464242694,9.299694466720176,2.422435239620092,3.2876915361023022,2.8608893627012764,1.4541384787384348,0.1778066801622739,1.2762911786058992,0.3444863668729709,0.5327297695544287,0.186283368389371
294,0.28369499506246637,True,0.38169160642311717,15.916479450578674,2.1950822978965774,2.9536000109079192,2.800009007740539,1.6032574799528938,0.20897990834084812,1.1576266102883488,0.3046001465311462,0.4959710196951866,0.17296929891838286
295,0.34995052604105464,True,0.6131826701318986,14.11971796208428,2.4705553932438553,3.1764754821788537,2.7371322325507834,1.4200214206028106,0.1932825651463673,1.0647520390893443,0.36215971442751965,0.45102572699748567,0.20120546736885586
296,0.17659380200118469,True,0.48499193489565795,12.352469517155617,2.3455236329790967,3.128598546550027,1.1271549925857278,2.9118634883193466,0.1638287807950226,0.94671196391346,0.38234002943504886,0.4582461132887478,0.16476494636572356
297,0.43566105865516264,True,0.7434547445074333,11.296449977670843,2.284478175375567,2.995002602422747,2.8902285677306194,1.4946817580030414,0.1448727415385245,1.2053804266780777,0.32224985797551625,0.5031235363576746,0.183138148273446
298,0.3043951891361942,True,0.4040150592720823,13.698353051188592,2.3994221695334033,3.377513007089043,2.416457838787564,1.3602731436251887,0.18066140092127653,1.0994237441041264,0.3455347397334977,0.48374021090399594,0.13658261282013562
299,0.38240754569425744,True,0.5323797382846153,18.815463507150223,2.519030076449535,3.0600993695271432,1.6211189904531695,1.5810988019583478,0.12949087142920482,0.994713809752825,0.287913813987173,0.46824143012398445,0.15723883742482953
300,-1.4255996617301223,False,0.33685280201223644,10.405711310846039,2.3533862267220447,3.2261242051666508,2.960487798587301,1.5266072398787527,0.15640759458460116,1.0565756818753576,0.3101644023968616,0.4414784497408268,0.20211709219879376
301,0.3005210156920853,True,0.6513257130125061,12.656337998674795,2.2456348769538304,2.8504490681116117,2.7973857314066213,1.4116584736079736,0.19368753343611578,1.120904708047256,0.3312644644924472,0.45203333676324997,0.1453792060345977
302,0.2939284879016403,True,0.44792840865109806,15.204389054591783,2.4343276445638966,3.2806817142609135,2.847612695797066,1.2221320278204897,0.16890361789540875,1.0292243079757086,0.4866499625134585,0.49656041548717406,0.17208227041050908
303,0.27917144175886355,True,0.8867672424981418,8.849354597658014,2.3063287158863335,2.9864380576365717,2.7630419405847424,1.629683405325685,0.9632165415338587,1.0881600324730902,0.4494798868117796,0.4778012552202035,0.12868635614310792
304,0.1677906175599434,True,0.5593566116383893,7.684081232943656,2.378911755719911,3.118065533920345,2.912743385409376,2.483628367573133,0.1377533055587877,1.1704513295964074,0.3617434179382122,0.4625396682760835,0.45356617831733353
305,0.41172043213329207,True,0.33888831060633506,11.780283112766872,2.4762429631150864,3.200664874236684,2.7104482411090722,1.5666424869083637,0.22341983524922637,1.0338209641289484,0.48440569992394567,0.4327946621458097,0.16285182189778435
306,0.2913973682762015,True,1.1613913351107432,13.164103009674042,2.325198543484881,2.584634043492673,2.8512382163286922,1.4785185237869034,0.15207977262422723,0.9818227917155948,0.2973043821781943,0.4863720541232561,0.14629085717199314
307,0.17420599920336174,True,0.10122325667963145,14.222192530014537,2.3992955908031646,3.39583590371773,2.8063997177248643,1.3283829387223842,0.12085348214345894,1.1416126097105488,0.44101049300593764,0.4686805913718392,0.3832474273816691
308,0.4741989432589083,True,0.46147142417315695,9.991185402731247,2.187865540980958,2.882386848591842,2.899090306358988,1.6945908079046959,0.17562899348575925,1.0846565375846882,0.46504679969269214,0.45420802969766966,0.18986864950853968
309,0.2815954588056887,True,0.517570623032157,9.605409431475524,2.1386940547439,2.735498249860985,2.952789610039129,1.7089687266017777,0.16570650344684867,1.0528394748351062,0.46867866902397576,0.4418028215331889,0.2174746041831111
310,0.46896349369016244,True,0.788325264518074,10.454648709751954,2.186834252491599,3.085758496779898,2.895348465224255,1.6882671684564547,0.13732416845242118,1.116008823184316,0.3840054390962674,0.45302523806131206,0.19132757072159462
311,0.3114116635871228,True,0.9893709474817521,10.441154928450942,2.1669096006462887,4.965901514696929,2.8963515034807963,1.639628740247597,0.1336152143082705,1.2226435196946572,0.20660350287912982,0.4523499674657247,0.19599812261855395
312,0.3283864597586775,True,0.7964420441689907,8.142916733505661,2.188058492069444,2.853281572934021,2.9846637294278087,1.3962007765295532,0.14666178128238389,1.1231018022747512,0.38867444503843956,0.4316873226103185,0.22260197283500416
313,0.3003776300117854,True,0.726689133676075,9.760977023179011,2.220552409574292,3.0339531583852835,2.9235808305244255,1.4782699387354479,0.11974656958966942,1.168941091327787,0.41331333294647676,0.4524252393156353,0.19118872335824655
314,0.5459431260235671,True,0.604632023559834,11.071990580512148,2.262901636502174,3.073447865673409,2.848490439168529,1.682895751576256,0.15525814367662402,1.098370116783927,0.4004063405488807,0.43811756690318815,0.20481232699911417
315,0.40790999303489767,True,0.35439779812233063,10.735201058419115,2.0894480890136946,2.9496715142283887,2.8876494222749076,1.672516062778488,0.14933660152454034,1.1057866123243876,0.39478574724443094,0.43880782776101235,0.2046200846379228
316,0.4389967077859336,True,0.6482443808931693,8.932477034095504,2.2703822335346313,3.1333976754541655,2.854259278505254,1.749140474618705,0.10009591200210859,1.13847104008671,0.38259185731445605,0.5130989007437208,0.22321268777790249
317,0.3191062213901676,True,0.24792320185399958,11.098421136853984,2.196264275279335,2.694803787184889,2.935920253423429,1.6812724424287224,0.1362792841880674,1.18963651701788,0.41101469957313685,0.4277202687328475,0.1804492441786593
318,0.38084424353458673,True,0.4711853008826147,9.432270350052336,2.2777170068826,4.552401333622125,2.781794429107437,1.6067134976213417,0.204795341397234,1.086045454304379,0.4306106919718071,0.4377370141646031,0.205308835457298
319,0.4542475633682773,True,0.295877642943859,11.585100080297396,2.349717973238699,2.829831502364289,2.8227396983362962,1.732338476810287,0.16036808030707878,1.01931884097909,0.371924669009865,0.7551446342546289,0.17835196915277063
320,-1.3094206377688318,False,0.8048592628195665,11.456518067248545,2.3546691305188907,2.823792871413692,2.8968944424440566,1.7003267134915527,0.16945490949504743,0.9220992535008846,0.35612069706688415,0.7634088366376829,0.20932150501778782
321,0.37600033959668216,True,0.25920730581488644,10.137314716029048,2.4401722993333768,2.7950979687160795,2.8583299289991624,1.7431188787573924,0.1932427222858583,0.9949767657644841,0.38351531255522603,0.7883861177998716,0.18039196330146723
322,0.2113459572513039,True,0.8814957241880625,11.958950137768417,2.3896744888830637,2.6096905858351236,2.8131456668258017,1.2789935705635391,0.15865053307654498,1.8909794071652741,0.39157093278771393,0.7418627026172847,0.1917470884582956
323,0.27902421747061495,True,0.6306520331092413,10.614294438708507,2.3275482308358177,2.921224698110321,2.9168798930444306,1.7762852893025445,0.12114673232549372,0.9587339875768075,0.37062714891487974,0.47343528442998356,0.17071312386253787
324,0.40776636325989535,True,0.16433998791414875,9.136359917461002,2.4041110805071173,2.9723369830675566,2.7671513631990723,1.6572961502798285,0.1806064931982294,1.01854089761928,0.37344662062424283,0.4550541220143577,0.22385732029261937
325,0.24116420386587584,True,0.44060644966729157,11.393636988499754,2.340639988189812,2.851892617415945,1.5346081052358949,1.6168410032430751,0.16021539486062716,1.036684838286175,0.4088567448550616,0.42263331054703235,0.2005301354877756
326,0.12569806583757712,True,0.30496232205986007,10.021824541963436,2.47439733767129,2.7155662882925964,2.965475382715673,1.3649141418942419,0.2498833875039899,1.5710116645773977,0.34695751810472464,0.4844482196957406,0.18314086863909662
327,0.5676023274308671,True,0.5558659143387629,8.526632541595825,2.2957262974384127,3.039403235105017,2.8613589182755246,1.7120837522886234,0.21319386639476642,1.0806585212334074,0.435021251008638,0.6886727469365197,0.16846935030062005
328,0.4235999022517738,True,0.6870686001965203,9.082324098190922,2.285855085363645,3.0285967622699355,2.8702838907106107,1.7317547390088757,0.6132882678239611,1.0883533644162544,0.4238837315659353,0.5572031171498922,0.1708764965127975
329,0.4283886391593852,True,0.5351295028351368,7.13631607269191,2.2239410122716876,2.931776042523672,2.8046751393673524,1.7088231431172112,0.22147187914689762,1.088488326964098,0.407191831750293,0.687471612192909,0.1691283241919203
330,0.41542934610333027,True,0.7324471228678932,8.012414840986095,2.3827804741923737,3.0483688223863554,2.738244783609791,1.6421855615994914,0.20720549826421325,1.0576396077064851,0.43118972429205243,0.5744153792567033,0.18764002270639024
331,0.41227185312643017,True,0.5871865951034199,8.295551823823049,2.440592237226844,2.833612055027083,2.914554384118284,1.7836643990635561,0.19316757713332705,1.121767985090399,0.44620134167936154,0.6033925779549074,0.20707366949937578
332,0.4451167652251807,True,0.48046198479623936,6.887264926426763,2.297534659273507,2.9031087790535497,2.8319304780920125,1.5947150921782318,0.2309612976139485,1.0585935903272756,0.3575286284134604,0.6734586789276297,0.32654132107237027
333,0.20110587066367402,True,0.41726197484443756,12.199636192965936,2.5245415971810266,2.310957956201003,2.2635337035672074,1.6883707781915582,0.17707501002772763,1.155942958970585,0.47234207523045596,0.722488971563492,0.1777653434615178
334,0.34807251513112786,True,0.5837912700533633,21.36741224567936,2.2378226587546095,3.0510408749717217,2.8827414258362896,1.513015555876828,0.16042532405193077,0.9814276079935036,0.40376350567222563,0.4634686172228333,0.15989154638559447
335,0.28618355775640947,True,0.3842562177891359,11.264737803234526,2.1282743455718407,2.7018306755210686,2.779342319914163,1.572960589124409,0.2631280920323752,1.1096244749473276,0.38442732105445276,0.609421617942387,0.3905783820576129
336,0.4232436859456381,True,0.9290526505214689,9.739982688936506,2.3592745060321207,3.323311479694991,2.833879046395516,1.4485304455338093,0.2899632832736004,1.3277226104877258,0.46002146632110774,0.47524738368533964,0.19575410945659677
337,0.3520785343243281,True,0.7432736391526839,12.566721715114895,2.3055048418798267,3.1841151989011056,2.953870726319753,1.7341772535281783,0.2088033392423052,1.013382636114293,0.44144346440985194,0.6698110206427034,0.1622365049504194
338,0.6234776015095214,True,0.5162904613771702,10.671976408093458,2.4137359030383645,3.431056265134293,2.877934103152155,1.643747736116097,0.18493531886654682,1.0753120891056411,0.3176859781723614,0.6255744972227,0.18471976694370837
339,0.22301629933680628,True,0.529130399167419,12.420961072405818,2.479966806333496,2.1067318142478397,2.8945888086146216,1.6577491980186554,0.17920868663834458,1.0397714419500348,0.3295369080119163,0.6402542621928577,0.17968797597373778
340,-0.8028049881345369,False,0.3840537639688417,8.23328668656306,2.4399779027140758,3.4977789421264056,2.935599156504708,1.7783251686343011,0.14761823374012067,1.076903446539043,0.36159677118813094,0.4497397214899356,0.15265131817678732
341,0.45145586540950977,True,0.17107597891368165,11.554128426261013,2.410802696184554,3.417296205580382,2.8685885811407106,1.612789835187847,0.13191994597100615,1.0145057278292469,0.3301344822549145,0.7025826246193556,0.1687094613096366
342,0.4113388151546284,True,0.4783922588341469,9.660867433704238,2.388978673617887,3.6213939425724226,2.7351019676715276,1.685000630539916,0.17375690295965113,0.9639157050339183,0.3712963392569207,0.6986811040616709,0.18945866599135058
343,0.33809692532895314,True,0.30196623795763633,13.002533947029503,2.494649924590529,2.551021177938757,2.8707604976197874,1.5871559586107167,0.1582139132210793,1.0719967330455438,0.14030821004384103,0.6445597512181213,0.1479585611415873
344,0.38062211579280647,True,0.579965237285154,10.513093863648617,2.354590523356002,3.48095840676396,2.985331078512564,1.6363335150051093,0.18907753285508022,1.2532871922215583,0.4281761501463776,0.46476589095370807,0.13838500832195205
345,0.44953208825427515,True,0.2924448419557683,8.892774009274891,2.418981642869533,3.3104884449744993,2.9989387823208626,1.5349230980772584,0.11606665502859338,1.037421168241577,0.49521887947992715,0.7145377870765013,0.16879623392273785
346,0.4303619143095297,True,0.383594247254226,11.68652949875182,2.352860734533411,2.7975275871981156,2.795619112350815,1.7131952715944125,0.1476718599311163,1.0895603993487342,0.31361725539682594,0.6776297568555713,0.1840418295321486
347,0.30753993235456745,True,0.5028015691469755,12.990700362688795,2.4534292094744825,2.929416082959711,2.9063417459025525,1.5116374374045183,0.16758279673111484,1.1701763547067738,0.3967024722368839,0.6312369882950097,0.1569378302690475
348,0.42775493677608417,True,0.21890574421078907,49.45275433418591,2.5234305891736906,2.9955680557955104,2.8369662818418933,1.78926085740368,0.12687725367200278,0.9936869649175102,0.34372915417337835,0.6694784497016593,0.19506670876879229
349,0.40399404286897284,True,0.43421508506563156,10.320831875828365,2.2960305666021337,3.08485518361354,2.7768510360342247,1.5789034387011616,0.21488111483714956,1.1227894940451615,0.47234220679134753,0.7665389695324025,0.17267213154904681
350,0.5008578438096468,True,0.11696819532937414,11.216735316308682,2.388117994911729,3.3960094068573285,2.9318610096864233,1.6479334356975879,0.18971762368559317,1.0504134236592562,0.41833086312864687,0.4872352113200494,0.14072827807540472
351,0.4932485512831867,True,0.15568338156697495,11.07516263724921,2.335791741811223,3.442867549489382,2.935113535798284,1.6622200256885307,0.19008180439220218,1.038465383096489,0.4278332973661963,0.799721448372056,0.1403309548677171
352,0.45613739402091663,True,0.21337982179454745,7.429518980443835,2.307699396759214,3.5223084774029294,2.9503703397647034,1.657075509894739,0.19546144603732885,1.0461066270860655,0.4189823303367679,0.44629864400179986,0.14063965584368057
353,0.3773832610762407,True,0.11282392922830797,7.681598324620054,2.395206087494325,3.461002982600395,2.9650212556975193,1.6454763468163944,0.1993350469980227,0.9445639682181143,0.4159878533046037,0.7971033691052773,0.12830958268758133
354,0.25600783938454963,True,0.11419822471041566,10.892627083786241,2.1797045372081816,3.7195825981525643,2.950213424924815,1.6044789044453567,0.2209971308122276,1.0442278753623098,0.4343902654753703,0.44583102176765976,0.14211056370619402
355,0.5786604342723005,True,0.19545760961520678,7.087728870647201,2.318137926550758,3.5792999397410736,2.9914176088207296,1.6443453432963089,0.19173041472426988,1.1052747394211595,0.4164855660364154,0.45764927528253024,0.14255959311587793
356,0.40130972288649097,True,0.10475681477985072,6.093987855498179,2.3648144883541073,3.6381147494155397,2.993137763444921,1.5269825906785817,0.3338926174200615,1.2009965180820366,0.44430031458226116,0.6586302028809128,0.15157220534803237
357,0.33919335118754795,True,0.17947424593576866,9.864693763713946,2.2721246256488628,3.3582609588092893,2.943536821739685,1.474665994322271,0.23495301776027078,1.1493249610196117,0.39941724509961196,0.4763928743188882,0.12398458718449601
358,0.472656211766037,True,0.19571794141173782,12.256884826655025,2.4163180734702854,3.372948501885906,2.9150063656736855,1.4276561808267436,0.18541146327546984,1.0951091972642113,0.4576680845858192,0.46102410303749963,0.13625540963253976
359,0.39735167175977987,True,0.2425565231148848,11.942130270362808,2.329911050608942,3.4028398201052488,2.9136895970589523,1.4029738818050725,0.210174405869159,1.115805479725214,0.44777873580878175,0.4572221499169532,0.13202778272902943
360,-1.736645875042698,False,0.15225391225872464,10.98080322092779,2.3968192837085547,3.4483324080053013,2.987322759849967,1.1511882841230616,0.18464604014653496,1.159271648458601,0.4125702617770563,0.47139356447998704,0.1553066358875466
361,0.38221830911857985,True,0.20863729798590688,8.920677113070727,2.2217935543830434,3.30637021542046,2.9240486605866707,1.4394603170575746,0.25776931323984,1.0966852141986907,0.43283280616090936,0.4558715432232196,0.5441284567767805
362,0.4193613441876515,True,0.2734749339005068,12.368453147592552,2.317830055176543,3.514142720111327,2.922344004470342,1.623563056450274,0.1928416181679171,1.12702437699916,0.45812484600972714,0.777320519414458,0.14222924659345917
363,0.5477712451950923,True,0.34485020154637214,9.821272405889951,2.3722540086406245,3.3786026775328737,2.9929080283960707,1.6773512017801877,0.21995143123340088,1.200428544560129,0.42165526223660493,0.4549537429152086,0.12223658898221067
364,0.5155858618578737,True,0.10730993778839579,10.213258664745249,2.2644721143404767,3.427801769523017,2.999152303942047,1.7003727875349088,0.23677904726280197,1.2316844512665472,0.40061065003576846,0.4385935238861691,0.11597787659620708
365,0.44450111130158104,True,0.10740420626076462,9.37052907052833,2.237303865945535,3.609014877261327,2.9827950289163137,1.735693321473894,0.24081938854170157,1.1842753610394217,0.39399512608853804,0.618342307117155,0.11242862844621151
366,0.4596982951955132,True,0.14837345149972708,10.310696540097021,2.2693224285366944,3.4187905804498464,2.9855264117734097,1.6880040880982856,0.23284836338981096,1.2680209903335133,0.39357154012615214,0.49439167865170874,0.11951055482411757
367,0.3947619501593527,True,0.18046746654522489,8.429423698695798,2.149523272797359,3.8441676738018655,2.9926698051376786,1.7952530698677736,0.2206861974046319,1.240619870469501,0.4148455711764088,0.43567968384475037,0.11808165817525357
368,0.21380779126228655,True,0.2624714128633697,6.6522521638400764,1.97219557615086,3.38288966804674,2.9431071541960367,1.702677021739094,0.25351520768758273,1.180908019202686,0.3742689615956182,0.4213694543450986,0.12171842883386294
369,0.40346696103818164,True,0.10351746897225154,10.701035517315525,2.322384740497684,3.569057668679977,2.951896563227025,1.7538034400272655,0.21151986156981112,1.4330567714004963,0.4185030193747214,0.45809583861140796,0.16285404857973446
370,0.44344375675900766,True,0.6620019897531192,9.692690120635687,2.1833461723442866,3.305024443953877,2.995612964655004,1.6641032612161197,0.2750727056124867,1.501501910505106,0.39360658417399286,0.4329655185509771,0.10758203413846884
371,0.4048673615236654,True,0.31896993296603204,8.772596998006279,2.2703272577321996,3.4592226652544453,2.9276277304556975,1.819928303811535,0.22265080894364103,1.19297266013794,0.429332268609123,0.4705273752482327,0.12958507850746742
372,0.4250470587579274,True,0.78884270710101,10.799618535513952,2.2962404099321603,3.271784351261153,2.907713603825884,1.6369528730376033,0.20522754902336632,1.2422494847199366,0.3584773320690357,0.4468380867454424,0.1590903710266378
373,0.17153922643362035,True,0.21239416050872584,9.952614654132727,1.6334603886997758,3.506237803603874,2.99472384100536,1.6920798636371956,0.1848609331116146,1.124718748932038,0.40295787780950215,0.41218508301329215,0.14207179265414704
374,0.29431038451142544,True,0.10056465095221562,11.555123499822152,2.2269117312366458,3.3957112482936282,2.957298517411838,1.571778214003106,0.2274934555019367,1.217042249303334,0.3809912489766985,0.4900898887837643,0.132485823890994
375,0.43440650255877605,True,0.6028071430791141,9.406179111147873,2.348778959713215,3.2696702758064435,2.913560364231008,1.7507183582749626,0.20053754272122948,1.1543956329923175,0.3420776488469287,0.4593631823692972,0.16830085737910047
376,0.3049030878466751,True,0.328911062838808,11.157212703032451,2.284917918750432,4.14453578542635,2.999800605708832,1.6265866357966552,0.1819293856170909,0.9855286191819597,0.42268563392985425,0.4766594777959754,0.15341588318447452
377,0.47257030842870135,True,0.42926390544130677,7.746400392043493,2.35737737393357,3.7106425957232014,2.8888356561482347,1.6011110460037736,0.253253791157558,1.0929404665638134,0.3037071741000676,0.4417381837569576,0.17700712157741716
378,0.22089118438777625,True,0.3854840636862723,6.793280649307523,2.3642050702671384,3.7124769553880994,2.8922845606601633,1.254191095368201,0.253340049246878,1.2858985271614112,0.3166805546300624,0.4266623948578505,0.18860632650484802
379,0.22432939790326673,True,0.22383237310709758,7.389008226010647,2.339712932365121,3.5418097356233775,2.944449981433376,2.6495398708560374,0.2973602604448682,1.1303401787264438,0.2866749209546377,0.5251623328598972,0.18051301049479554
380,0.4492575739888094,True,1.0087598612609852,8.071699796299745,2.2048773836552082,3.6450053872563632,2.8821533374903896,1.679566864929967,0.23333158195048842,2.1390912032450102,0.31025353103927844,0.4398518350923333,0.202177847646681
381,-1.0605093966911872,False,0.5414671899017676,8.479921681399036,2.430897748998711,3.58577227838675,2.9465735909566066,1.6020850978309624,0.24013483526668444,1.0708517755944675,0.34943801500421573,0.5018187392068392,0.10149930459035636
382,0.2941968890814979,True,0.2995993636191927,9.725982344128738,2.0872174460695807,3.3711655192723526,2.8829465752770065,1.7385065300757567,0.20837179627102226,1.0168391795874083,0.33050282148580185,0.4148846246972376,0.16910862916185918
383,0.26238860724809904,True,0.6409269213690225,7.609656082286514,2.9971949838351164,3.809479022805458,2.919164329561948,3.2911767312441453,0.27648849602199954,1.1039750330826648,0.25355040458203676,0.4488501511059224,0.18329325013189682
384,0.5212300951909752,True,0.4272951405882557,8.619972501277243,2.309249170798733,3.5197161105934223,2.881031796715082,1.6523055983168977,0.22031883178650588,1.1585049417676399,0.29757159670531774,0.4662816338912281,0.16731287350597254
385,0.4059494781590729,True,0.20851956876443545,6.7245781242542,2.372565671022597,3.652510366276389,2.9626163330436177,1.7965219195821347,0.2500487266518559,1.1697544845869776,0.40318532616968084,0.433424827203287,0.12395701060308492
386,0.18060174612734495,True,0.37455274719098564,5.900797540489732,2.319594307304324,3.5279562770265476,2.893519860173171,0.6309480452085774,0.21755540242101745,1.2213886665589906,0.2716610116041732,0.4663094457743776,0.1617160528002982
387,0.3999256800728848,True,0.10198219385971305,8.501170660042932,2.4176447249097164,3.468898342140451,2.9509704674300536,1.6696628943496705,0.5374604054519603,1.1576156084499063,0.3047563457025091,0.45375055728311003,0.13893879633169687
388,0.4681939313569092,True,1.2433199435462159,8.94071377939929,2.3677611864179284,3.6822846762661654,2.8867685930590676,1.7325994276870722,0.23722979308957878,1.1865190640662737,0.441735572285192,0.43891207824904177,0.15113932586240256
389,0.42250467378009354,True,0.2889570480004843,7.299631462510964,2.256555821978107,3.444415928841749,2.9136909981608317,1.622176946415934,0.2216653625922933,1.7438408027519547,0.2933044493411649,0.466762711020747,0.19364072769893712
390,-0.2726348591350266,True,0.4276261206316681,9.889640560949115,0.9034882429981197,3.3582165130350594,2.862404836956307,1.6646666169510476,0.18793169666096374,1.1362849717773922,0.375423512300532,0.5732154452889354,0.42678455471106475
391,0.3490263959374488,True,0.8141850331682832,8.530375713839605,2.3224207908288976,3.9206510513459634,2.9514536065342223,1.5756862546544088,0.20006220250709697,1.2117562350273208,0.4148772820642766,0.549776614598651,0.2185216997524277
392,0.5299948861634576,True,0.22615857734959177,9.709953039261135,2.4404032040001327,3.5684620949901222,2.998847626530743,1.8094125812013806,0.17986532337505212,1.0321979452107315,0.42887414576737887,0.42570530022015,0.5379036676259392
393,0.36188955153397806,True,0.19710149330289342,7.924609357099964,2.477164830042028,3.7243006700477412,2.9974125003603267,1.8253232378520372,0.26309022425077333,0.8881548323933683,0.44122371955682077,0.4252937874878726,0.11283811443720265
394,0.3149604317574845,True,0.3044681245257712,31.57571114517849,2.4466581842094066,3.5660401834013213,1.0574344838396161,1.7724243338886572,0.21168611615868305,0.9397050409798019,0.4603085378384988,0.4040413650096357,0.13185350090225603
395,0.41567816855736267,True,0.19660078688708202,9.010352323066279,2.407085061909439,3.560759857874034,2.1874727231266062,1.8682955807037582,0.17626203998282292,0.9922469059310169,0.4332457067984575,0.41457601780195624,0.14674993302568062
396,0.38235364310202014,True,0.3529623942777053,9.851169457652993,2.370291082872609,3.776176871264747,2.958790891295447,1.7229373913021464,0.18799922636177827,1.037816791445911,0.42241370606646295,0.5778443957089653,0.4221556042910346
397,0.5214660515514015,True,0.10261378454060302,11.842518829034008,2.437092278721531,3.4883278565389992,2.997728683072634,1.6141586461381903,0.22354159212032557,1.0518381312865792,0.47074438289886483,0.42762773853118263,0.1658670758983485
398,0.31415079678509067,True,0.10003454133759035,11.851314781592073,2.476404389800245,5.148530196101804,2.9991306328547163,1.6457427563722242,0.5653728704881177,1.0120181563639534,0.4721276096225653,0.42468856725441734,0.48989881136733077
399,0.33705449179972824,True,0.21494129125098632,11.050415375771127,2.430841330218344,3.4062314340909112,2.9632448253625214,1.5731551923172853,0.2259465260771769,0.9761352420659417,0.44202323859819764,0.4012764710995195,0.1594255625634796
400,-1.7323713454455711,False,0.17763261764079707,11.518266812957371,2.5135805511146665,3.443557574013265,2.9969163531480554,1.328256212700078,0.17289929193414125,1.049086379205952,0.4624271945774693,0.41583126446059987,0.12054236992506125
401,0.4737018756904962,True,0.2835329878778029,12.257710477328157,2.4551078537365916,3.329878625688627,2.9993190724737806,1.7207555155218086,0.2042214133169206,1.0581475269763991,0.47609776737610354,0.43037926606196164,0.513361192364127
402,0.21987010346355382,True,0.2792807720588267,9.56176551672818,2.4667927284748,4.445120954467015,2.9543194944152606,1.7982272550554703,0.2050580948092034,0.9562103485224864,0.399552099695583,0.4289312096776952,0.4753920894108015
403,0.4201217901310911,True,0.35975816165308566,10.542461969744595,2.401056283176796,3.261591551503491,2.9563432885006553,1.7211428161150162,0.21481853030303533,1.033737844586162,0.47809423135705775,0.4171656912809347,0.1694520433843854
404,0.38080176309807895,True,0.5059829098990789,12.213621176215263,2.5313673887051094,3.4775903546279205,2.9958739101088456,1.7764090896955134,0.46838170542281976,0.912090885302281,0.48720354016158374,0.42885716133808,0.524128214105144
405,0.4332386748765674,True,0.2850037449184755,10.528892359567655,2.453505934047068,3.5968785731040813,2.9994991234468493,1.6905464635202874,0.23590372963846745,1.001370551545793,0.435922794278132,0.40205903863017267,0.5524108833156065
406,0.3911062511392999,True,0.18613892511958222,9.63827475067806,2.3065591539651016,3.302939640626003,2.930338896199858,1.8469909007812235,0.19578884779748504,1.3150482090857147,0.41521456473906,0.43984119657109644,0.40987407977445495
407,0.2527397360035417,True,0.3844578305666101,11.508776575437837,2.3804580659007555,3.3414900885974657,1.4261111645989797,1.6537603984045701,0.17178643670063562,1.0653124474923206,0.4750382625991215,0.4143449448238406,0.544715532439489
408,0.4286742812371772,True,0.10050940967612267,20.04262412056203,2.334603012351083,3.4993451122451242,1.6704547713475657,1.7519590270481662,0.2201054486785926,1.0463503814907458,0.4304678711310345,0.43373655689158674,0.5662634431084131
409,0.3676528197285958,True,0.2815845465734632,10.319072932175901,2.439933245740482,3.2235977510515825,2.937792112878262,1.6248241500609986,0.19492239438444897,1.000390994903948,0.4571534599540007,0.4885175210318012,0.1609312593230219
410,0.38547476637406414,True,0.5512342977857083,12.620469505750068,2.2531149458462174,3.4451710443103667,2.959466158877505,1.7000608718696752,0.17023763653435195,1.0628029194100808,0.407318769085697,0.4487610336662923,0.5271410669743206
411,0.37234611634723996,True,0.44879512589027865,9.101647704885252,2.2977425053282925,4.818787884694398,2.860683701226815,1.5694831436026948,0.20557818758864674,2.326685638791292,0.3905354809383097,0.43154636395990714,0.5575021926875998
412,-0.7517184409537848,True,0.2773254725850555,11.54009847461409,0.5425183320084186,3.324346412923648,2.9978405922545766,1.6345765362038853,0.23791662753017087,1.0207478886480843,0.009588289235848368,0.4516397884708889,0.5483602115291111
413,0.14880175016164274,True,0.10667917566006829,10.798438337534813,2.509214818373782,3.611680247325934,2.333646131224039,1.9132236547461785,0.17925602515167288,0.9750420643827495,0.3694556941694849,0.4221734707909656,0.5381109382168177
414,0.48763605949147376,True,0.381981913776339,12.993447776908988,2.3884058696877797,3.217499032264024,2.9189053668650233,1.7205609268575397,0.16287230502903607,1.0727967462075658,0.4474168375633253,0.4776537603249193,0.14975708943481233
415,0.5150557331426717,True,0.5265645136494086,12.94851362310886,2.366759334372775,3.224681135885283,2.8626346912791503,1.8213239741891247,0.16316146796241726,1.1400444915781887,0.4420763214075335,0.5699217861098291,0.14364920572149564
416,0.5118458957489527,True,0.5916320878546589,13.623721656825241,2.385371036360139,3.2376584851072985,2.8552874903852765,1.7931472313776025,0.15577222303341098,1.1574553407150956,0.4154793762133655,0.633939356514222,0.14365876638467695
417,0.5551066484073736,True,0.6943266412072504,13.880738174100786,2.3863558071458293,3.216762222552165,2.8553578226001224,1.8171376107176005,0.15884599907201435,1.23977154297141,0.42077326344727833,0.5102843477402853,0.4897156522597146
418,0.40276691198931847,True,0.7074043366442964,13.501406579592762,2.411246368075529,3.2282953998036783,2.8759581296553756,1.947386000373012,0.40379078261553564,1.2073341701849187,0.41924266684229305,0.49585492369288,0.50414507630712
419,0.33021505486096847,True,0.6412575898824032,13.42759475889723,2.8602896826227164,3.2053736704940268,2.838997081064956,1.874704154294262,0.15371440214981516,1.23378500726706,0.43549798149880603,0.5066621423206098,0.49333785767939026
420,0.42967241325537187,True,0.6011328296159381,15.28005972723492,2.388812894325299,4.671645121855117,2.85248187368963,1.8315001806370006,0.13385930048860545,1.2614527022682525,0.40427407518009895,0.4895718165854049,0.5104281834145951
421,-2.9097906193150234,False,0.6846855894538127,17.24780561409846,2.3806404217400043,3.375915762105845,2.912053683288188,1.9865602496117272,0.16447445008634834,1.282797543501192,0.4248631129839572,0.5088382228267128,0.49116177717328724
422,0.1701818021574622,True,0.5163479492619696,13.243374779916078,1.9035915346504688,3.2336840309146337,2.8319959244750317,1.9097300987370511,0.15344342548027606,1.1887948941061561,0.4488138062252955,0.4894703988968329,0.510529601103167
423,0.44315857442960677,True,0.5687901633375677,16.236019689261518,2.4922789526447606,3.5042910054162726,2.870307534278744,1.8325114667900602,0.11432948130838724,1.3123867105232463,0.40039229479228916,0.6067649817698383,0.13913633098533493
424,0.38293634698316886,True,0.4365208757425639,13.717355675769282,2.427284689719264,3.3972588457265416,2.9199358719566906,1.8808933570431199,0.1858362112836131,1.1583965693195,0.4250745463350021,0.6276414055498709,0.1181253946968803
425,0.44903240645657144,True,0.6879489997469292,13.39330145290914,2.3578841295544986,3.250470842959048,2.803797228206648,1.7949117168497977,0.13435419353134484,1.210782103401017,0.44159074229605094,0.5982836487279055,0.1488940348889659
426,0.3672095234522965,True,0.8332362891219345,12.619533741044686,2.3407743050761423,4.27054851481856,1.748158242682995,1.784383931098733,0.16607207545289035,1.3565930092640368,0.3884389544570112,0.5686466112494595,0.4313533887505404
427,0.5303974493913627,True,0.38887705731009914,14.918165451589001,2.4330917082124515,3.560387970261886,2.855728459381129,1.810085666750752,0.14560943039986765,1.1472881945981839,0.41497369303417775,0.4858312638976071,0.5141687361023929
428,0.32635096688858206,True,0.3882499731931286,23.262979598420966,2.4770800153467825,3.597690559855469,2.930129980712787,1.8232499898163987,0.13824372280256483,1.251487178787816,0.40971411521702866,0.47676159985646627,0.5232384001435336
429,0.46815648220751555,True,0.383774021972735,15.468759451920008,2.4319877410634096,3.5265732095991464,2.8741947195714546,1.9061537786455593,0.11989729076153553,1.1575617707151908,0.4215010409968484,0.5100174549943065,0.48998254500569344
430,0.399653434615131,True,0.4795142577908761,15.725104973077425,2.5490634929937928,3.441312683596467,2.9467816027466953,1.7634722506325977,0.14758113904562864,1.1987295727791418,0.44003018754985207,0.4822750831985554,0.5177249168014446
431,0.49249380992771374,True,0.350670148234264,14.589502338755201,2.4085146159214545,3.6596338448127965,2.8805289630546103,1.8449726906290744,0.15606292283433332,1.14120523041457,0.40152071151176216,0.4723915157505712,0.5276084842494287
432,0.3753623232523864,True,0.5175447767171732,14.805235337881754,2.4904082399386986,3.6874976631664262,2.8539279311333736,1.9919120211092818,0.10142886502584708,1.1620128229900117,0.394782671852944,0.4450407139802223,0.5549592860197778
433,0.17045669071357136,True,0.34019261351690055,14.836949229111228,2.4390607518431384,1.8617579834379705,2.81297345303358,1.8059092995902626,0.1322260399359825,1.2339027561829925,0.3756866006387971,0.4710781319647072,0.5289218680352927
434,0.44752078231231796,True,0.22238220240173134,16.712731220360443,2.4101574967073285,3.657320938701281,2.871133934178108,1.8626806427132392,0.5061590602245155,1.1488173649070408,0.408460663240423,0.44979833544821385,0.5502016645517861
435,0.35164701064523224,True,0.4716127725726157,14.446559330715631,2.5162481921296385,3.8324316694564127,2.8087893632504444,1.8821028115844247,0.14991369250243244,1.2073636145067441,0.39177955968414035,0.4777752826828494,0.5222247173171506
436,0.5168624463004269,True,0.300779452994248,15.328868622775008,2.348394173003747,3.483249214903914,2.90192832965307,1.82569494224474,0.1815964973589818,1.133443145420879,0.4178325823702842,0.4752935436816101,0.5247064563183899
437,0.4563360358761227,True,0.5542303043745079,17.467776493111913,2.461735825832629,3.5884495362229996,2.9001324740217562,1.866967595937371,0.12825278121010147,1.1422780997698663,0.42352581264839756,0.47648812510814853,0.5235118748918514
438,0.4784079537685063,True,0.3533203656561823,15.83754991787364,2.395412214719577,3.488321548167689,2.946124864649102,1.8226117108567983,0.16716289496412007,1.184275529982916,0.7591092180466475,0.4844202276404207,0.5155797723595794
439,-0.13108473750773256,True,0.44460655290270085,14.208872351640792,2.3478442110183546,3.7694995343060764,0.897058724273478,1.9477560953134658,0.14682437109037083,1.1278656781548955,0.3778984444570824,0.47429970908885044,0.5257002909111496
440,0.01163679769906224,True,0.2983842687786946,13.775251797910288,1.3807204337893295,3.542360572433446,2.902179670394047,1.931381104606045,0.179644131037,1.241346579326733,0.40502253848613995,0.48324613238773895,0.5167538676122609
441,-2.617599684824859,False,0.5859076627054935,15.650667553636277,2.4455295219404296,3.624846124127358,2.9448842969346054,1.7831042302800417,0.12092429419579256,1.1838197644906046,0.43203680546357565,0.652966448358127,0.12654050947997
442,0.37401266533997,True,0.22217120220046166,29.926174403936194,2.5613903587370808,3.4321966357616667,2.862239367485603,2.043433542527605,0.15672634095290572,1.2990877800907614,0.39402772814734066,0.47417740996027535,0.5258225900397248
443,-0.3330443807573466,True,0.3712961407686245,5.539281388289139,2.328046962174254,1.4516222946884003,2.9573759422859953,1.8528584298845951,0.17852018911364378,1.13009592255322,0.4470674016947706,0.4626212422049742,0.5373787577950258
444,0.019372815577017758,True,0.4886318016897465,12.305701447777446,1.5000497259309,3.371326231024498,2.1345578569854,1.7629252062484022,0.22089946723199888,1.1485892176619998,0.4193244755427612,0.46217177528151576,0.5378282247184843
445,0.555209818213213,True,0.18785762221064878,18.827170056964505,2.3782106758415544,3.514091841434543,2.826044069687195,1.7625060507532158,0.5898810650152968,1.215013053951172,0.3638441856171812,0.4844843154016772,0.5155156845983229
446,0.4476248036243117,True,0.17839150630199213,16.981178432057277,2.4046754434304494,3.6704504964026308,2.903268092961647,1.8392792336115145,0.28689558439414886,1.2719076348907787,0.3778547188557509,0.4627976644512503,0.5372023355487496
447,0.4329615570685283,True,0.19299366694484263,19.488544728127646,2.4966466882382234,3.5208879025793025,2.842371365880169,1.7587174341271408,0.659353592158062,1.2400367931441754,0.3506163032260639,0.4854093135644695,0.5145906864355305
448,0.29273282860641703,True,0.2760244101410945,18.852170459492122,2.386464998968734,3.5584237933149825,2.9597623326934444,1.9262732083708396,0.4455835624073481,1.1906611721222733,0.37044023189774133,0.4794764083266046,0.5205235916733955
449,0.5100582672257724,True,0.10752889741112184,16.17057005557645,2.4462221837959746,3.470965481732663,2.9973264910443347,1.8094927350776784,0.24597241316036775,1.2093665943331466,0.36799631186656656,0.48016233532452296,0.5198376646754771
450,0.4694142915325155,True,0.1685223699425814,15.802738496802817,2.4606103921859144,3.4523187648074276,2.975880713933834,1.769254349385104,0.30814476605000884,1.2294767072224362,0.38299588540973223,0.4648511119748425,0.5351488880251575
451,0.5084314539792231,True,0.1672040916886925,13.703265292509013,2.51389740998246,3.358724091010337,2.974420398110913,1.7963056701738291,0.2702822858865752,1.3846195668600347,0.3583964755119022,0.4592379152442897,0.5407620847557103
452,0.20307186188451665,True,0.24869590106412337,17.026266588030367,2.5219826512059527,3.317998823408843,1.2137860065932466,1.8169942016196763,0.2570371503761708,1.338502168691378,0.36541353953786415,0.47254203587359106,0.5274579641264089
453,0.31604784817877823,True,0.148690562307914,17.900377052559502,2.5802601473810283,3.3374297933166956,2.9530117119576,1.9006875935189145,0.2422213671989753,1.2905946312335603,0.3556016740617282,0.47168347546277567,0.5283165245372243
454,0.4177716186297691,True,0.1269973528409678,47.12461367017077,2.5518564949832987,3.3956995241308623,2.989092062831039,1.7968920000661306,0.2845305026676293,1.3578414655706526,0.35502176687887615,0.4681906660563574,0.5318093339436426
455,0.4944099904500894,True,0.10076775213675093,16.31232582166691,2.512057542854194,3.512540819669782,2.997343323832301,1.7723175920946446,0.26824956211539097,1.4541277463511888,0.3610878971095554,0.48942151519241794,0.510578484807582
456,0.169996403129105,True,0.24868457813297618,24.363658279473878,2.463976294681076,3.3271212482206187,2.9195881265612176,1.7340437908041382,0.6338573946627739,1.2556904722785278,0.3398067378108672,0.47659336770787336,0.5234066322921266
457,0.4829287424580033,True,0.10172136639503111,14.981547078826843,2.482936771200213,3.4580731191243754,2.9969960572225087,1.835221465502244,0.24948035274605898,1.3040383337165375,0.38832551248495917,0.47733953384492434,0.5226604661550758
458,0.26655315125944495,True,0.2972664697489675,13.837642557645747,2.455994169390912,3.570101865410143,2.9562732108343135,1.9415206549098922,0.22897203796606386,1.2172195337979612,0.36375984410196815,0.46467704304901575,0.5353229569509842
459,0.4882790585309427,True,0.24163213606558948,13.863162733185671,2.4245100484254776,3.2932778267392653,2.916885772871661,1.7536250600326715,0.25573950673830226,1.2017548582477586,0.3815584287630144,0.5138156222788838,0.48618437772111617
460,-3.142574068955268,False,0.37108754623400014,15.275310210234872,2.6236709947407726,3.406776425548229,2.4667925777701454,2.1243241018770456,0.23475732133139698,1.2796383264926252,0.39960981951617897,0.5362003530662173,0.4637996469337827
461,0.30775599833188627,True,0.29226336198182534,16.043349529783104,2.565696653381992,3.7269551325102284,2.786284434850928,1.7168859956341125,0.2213322213826066,1.5585871877907844,0.3448913302865412,0.4654692320414967,0.5345307679585033
462,0.46218837865165563,True,0.10259299895426527,21.86597972674795,2.3743870833341196,3.5316978748632977,2.8825165697049755,1.8739652370219873,0.2699140637951014,1.1843727460786788,0.3662909918487777,0.5273043041029378,0.47269569589706206
463,-0.09833975939216394,True,0.2074165297250208,13.00050566428363,1.1918739282165578,3.325539988752074,2.9610748297471248,1.8141310839137825,0.2410916380837243,1.2374356847275587,0.40903340302441027,0.45805001303162973,0.5419499869683704
464,0.5022450617514059,True,0.4308764513813709,17.74245680051021,2.4981968305359663,3.21719476989584,2.9964004437912695,1.7078674692204292,0.21478866989348036,1.1741037856862324,0.13067857514502668,0.5084449565804684,0.49155504341953155
465,0.5213364736585779,True,0.5890775393550398,17.188958404482012,2.517075914788015,3.2517221151083446,2.9996889143165157,1.7088250377001397,0.21235612435421286,1.2133974071808948,0.06039693264608151,0.5122732293417629,0.48772677065823716
466,0.36982915808491557,True,0.7619126010144824,17.46163763740097,2.533187746903855,3.213033421723961,2.972644386289045,1.7293817343777949,0.2170852155058268,1.1897446970202346,0.06454138952477519,0.5082539098155279,0.49174609018447224
467,-0.26346626085688923,True,0.6300543148838436,18.752943001691058,2.6215345073528478,1.0856970449783319,2.982176788360995,1.80941472341787,0.24127230531313687,1.2742502300030696,0.025299968132924566,0.5081388586515491,0.4918611413484508
468,0.46954047976660335,True,0.6164352341605441,18.031183297904143,2.5771340197591397,3.231545405994603,2.992585100409851,1.7324532498715883,0.2562307231416899,1.4166199232298828,0.09338888150283009,0.49925201208745373,0.5007479879125463
469,0.29849510183684863,True,3.2327236396919083,19.95823583209983,2.6781189606347895,3.2765488336232043,2.997602819920116,1.8687094853574742,0.2285851454399418,1.2256556084152568,0.15804838222495077,0.4735810763124285,0.5264189236875714
470,0.3032187115689111,True,0.7166436478657743,17.8203649287228,2.5172086181724205,3.15357532091059,2.998897090728858,1.9801609913222284,0.2084635994481956,1.3229333832832308,0.04382610035977749,0.5173921139504759,0.4826078860495241
471,0.006424257755530516,True,0.8843999349661837,16.755310916306264,2.494722330980239,3.3268137897001324,1.3036110530313536,1.7757420094699476,0.2697526696998784,1.2549821481085877,0.19939208581621506,0.5158049580766858,0.4841950419233141
472,0.37310991639011076,True,0.5444991836346247,18.088999894279567,2.5599345320009634,3.4259139576384405,2.9994677368252587,1.6990301321360062,0.5949676154604975,1.368152335420459,0.1001332847924788,0.49188161220488125,0.5081183877951188
473,0.4254963367358209,True,0.45322898036682446,16.398911383571157,2.4873902859711956,3.198722931929415,2.936152656491496,1.6985922309864323,0.21270740946471156,1.1749232408835646,0.14943073979517063,0.49224192734192856,0.5077580726580715
474,0.40025970928232474,True,0.6078847448189527,18.862253818101347,2.445534211670305,3.511305993137174,2.944570231741232,1.7994606797751889,0.23370479383687967,1.2152653832762117,0.33337450594061807,0.5228357134307775,0.4771642865692225
475,0.36357581212775236,True,0.5142756015860365,16.856006134886506,2.6099656280191543,3.6364431402703383,2.9136943731131835,1.8976892893899493,0.20452872206116957,1.1685385708929994,0.13272899614307387,0.5084761308728605,0.4915238691271396
476,0.378369986884298,True,0.4022846114611707,16.170573152192247,2.5386940041473154,3.2924280758560234,2.9554190977481394,1.7654219332671006,0.22239344975296935,1.21676483211115,0.0294461145311377,0.5176929873797232,0.4823070126202768
477,0.4042662552010868,True,0.7400621514244593,15.503786140441635,2.2820528414020016,3.381370076755005,2.912328067503715,1.7028293031761177,0.21092241121566552,1.2632622891857517,0.00018427931550326487,0.47466596194848987,0.5253340380515101
478,0.4276511175504141,True,0.5646198269842151,18.511850544588402,2.4900305591902954,3.1714677640390807,2.878622228818647,1.8449082075330552,0.3334560781539597,1.1740175194135012,0.04936707370873015,0.4741084998366576,0.5258915001633425
479,0.423739116105364,True,0.45489984180818,17.381027962166936,2.429544413204305,3.479045073990116,2.9536476134526812,1.7400748172537666,0.24901945561417665,1.1457231723765884,0.37833637590997865,0.512288455343939,0.4877115446560611
480,-2.4849698357278864,False,0.6211565557323212,15.194127491850898,2.3105671373025665,3.784064491491179,2.9194012339907465,1.6807017496554046,0.23071107869636684,1.2391566591241052,0.06800362783965125,0.5050897550819944,0.4949102449180056
481,0.5321269018561299,True,0.3347266754903343,6.689343971492259,2.3800640306648373,3.605728777326379,2.9965915368863527,1.8132768025889658,0.1937112229401077,1.3941865372048048,0.12595506141547083,0.4688762928528055,0.5311237071471945
482,0.0789661624443596,True,0.3220474584956858,5.876425614584715,2.360800239589136,3.6155053802956507,1.5629447365892588,1.9363517261318792,0.6839215184864066,1.3388560957283933,0.35784981478071326,0.46958951314742947,0.5304104868525705
483,0.28267152155218306,True,0.3259064333211277,8.228045240135867,2.263447426652708,3.7720130053639,2.8504427321255763,1.878955947817857,0.1954002687093977,1.5156734224428159,0.10344751308196565,0.4623681679847215,0.5376318320152784
484,0.4712596976649503,True,1.098562400475012,6.221140907802892,2.37939712804034,3.5912683572864346,2.8905646062664685,1.8292984395267857,0.18544359794932455,1.3146726190841442,0.2083354669341811,0.46126079320777374,0.5387392067922262
485,0.284987379532593,True,0.24048575183203208,6.927774763500164,2.3142612383366132,3.5025585476746777,2.9450773348369865,2.0282213676212635,0.36461994258787866,1.271600541963009,0.18362169490840544,0.45545082637605977,0.5445491736239403
486,0.5369224093217471,True,0.5273296003332036,7.1026834402770005,2.408148474423086,3.42060550585202,2.997352474947587,1.7994489387489783,0.19815389388480067,1.120746562404493,0.17639256264973663,0.43015776816478146,0.5698422318352186
487,0.5300046247242538,True,0.4149162348482728,6.302537753742787,2.4198863524801917,3.66455137185122,2.994079704103554,1.7999538477604364,0.19628085022737016,1.4519632917140777,0.17226295692987442,0.442768402438354,0.557231597561646
488,0.46197289503825584,True,0.5201664345661768,4.893667192652337,2.417732868823381,3.6292013872229214,2.9985575153812567,1.891045828136914,0.19354751163871087,1.1284039079530288,0.20283424518603715,0.42646871286382665,0.5735312871361733
489,0.41156740958418914,True,0.4285577098012694,6.412123246579366,2.3724806345886873,3.718592119616205,2.954833388937549,1.8105329311675917,0.1707703160368865,1.2061123248102932,0.23110503765229712,0.45273634171922933,0.5472636582807706
490,0.31366125495324304,True,0.5103842880825358,4.9975815646507655,2.7429778686303834,3.5604779411509995,2.9991430039782507,1.9714767581375732,0.19813319148343517,1.503042226966183,0.12508698352272415,0.4342058389581491,0.5657941610418508
491,0.35477213203227514,True,0.4353951674318178,6.567367094701402,2.424032688658619,3.6287795211129374,2.9997806722926006,1.7569992141614104,0.9856568457830932,1.450968315369397,0.18556522950320378,0.4534968673936177,0.5465031326063824
492,0.3675782141700119,True,0.3705768031915533,8.391410938058883,2.345399275716685,3.859552466445621,2.9536638603005128,1.8529217532580833,0.17641762017103826,1.1168369040722883,0.1802237613631334,0.4387476424851026,0.5612523575148973
493,0.4510214111952018,True,0.6365796460441047,6.861987222264931,2.400824808684279,3.473602950532627,2.9145904327205296,1.7836300497074702,0.19192164115257918,1.547699458474088,0.23936487042728405,0.4612307011615618,0.5387692988384383
494,0.4020224395445854,True,0.5325209110488067,4.414710502340677,2.435252068295078,3.9637092187945497,2.955018044911296,1.7609856012739387,0.17353219465611922,1.1599248573129,0.16464018891561025,0.44606149799296735,0.5539385020070327
495,0.16423063185681594,True,0.31333822427330404,5.830846001885007,2.3533728542615786,3.7247623345522016,2.552708241141878,1.0656216510193919,0.19033314336921803,1.1173983483501908,0.13161177744176394,0.43309460595495325,0.5669053940450468
496,0.36138774557962755,True,0.4516846708021859,7.656532197261772,2.458635672333941,3.530918755459599,2.9122442565999496,1.8858089745171498,0.20740555780330333,1.4298376559290047,0.8261612880002009,0.45360371719760406,0.5463962828023958
497,0.5197068004073905,True,3.6897706235211323,7.337303570376893,2.3856089669153104,3.433223132417985,2.999887576145794,1.6761000927852319,0.16961805821790907,1.2084778462207473,0.08259859001153749,0.4564681451696138,0.5435318548303862
498,0.44479380535430313,True,4.099029433296662,7.277926842195973,2.3161799166524264,3.4384451928623383,2.8898534678703545,1.664619373293717,0.1619218714994197,1.4821111935486442,0.0853484935728116,0.46059949809492723,0.5394005019050728
499,0.43295710092292816,True,0.5725111018201401,7.442315232352988,2.374591965634803,3.5775839283468533,2.9496763044825767,1.665382310649418,0.17380084745493074,1.4684515091966115,0.05901091332048368,0.4640648129924288,0.5359351870075711
500,-0.7554181280314642,False,3.7605744171821547,5.759973310943467,2.3923481403253497,3.68332095438838,2.9194414872122727,1.707306619025586,0.42992764108056464,1.37445335358799,0.0888524270092279,0.5557436398457601,0.4442563601542397
501,0.42570759425151117,True,4.350565915543703,5.364558536482993,2.262338318025726,3.3575361683446494,2.869212536747945,1.6684531484714544,0.1575190624429307,1.3871859490936793,0.10166096608618642,0.45198629620172365,0.5480137037982764
502,0.19140080280579896,True,4.738935655497264,6.817625462180832,2.327199486808484,3.388643001250136,2.8115779190828145,0.8499263194649358,0.17706914299058768,1.16618177844526,0.11549463647445175,0.48180587949345155,0.5181941205065483
503,0.03520167626266267,True,3.9472073713487705,7.948896418516654,1.7286956052584241,3.5367565597996764,2.956710519369088,1.7324025010462691,0.1992074215516886,1.119353987241238,0.15962349868315903,0.445744065395101,0.5542559346048991
504,0.25011909251246206,True,3.6193436028103814,6.578810224743303,2.39466571358754,3.801691804250089,2.8772739019862414,1.634386608126118,0.7149537196251792,1.407987338077467,0.08268905994637574,0.47895744190026107,0.5210425580997389
505,0.4230538583156458,True,4.183806091653851,7.857556238718433,2.323395698179742,3.442621355892286,2.9959154352345587,1.7463793330268114,0.144906775053893,1.1441218947912188,0.03751777121786579,0.4482091736989414,0.5517908263010585
506,0.19683600645594895,True,2.486504406748776,8.639144351934393,2.3478765167306417,3.2936222744721384,2.9247663809057842,1.8318891540147855,0.9168254141818934,1.1979161246820071,0.06888614544014357,0.45580672226607233,0.5441932777339277
507,0.5295610205571524,True,4.574014626143806,5.212879298942211,2.409421522988163,3.595170306689369,1.9771666949060542,1.6764479416754365,0.5230970801211617,1.1025724481895678,0.10795679667472516,0.46250851000156457,0.5374914899984353
508,0.35946974432228723,True,3.092183790547046,5.61760062554037,2.452295757020123,3.6732774034001694,2.958895137403105,1.6671181568077544,0.19935916837590076,1.1199178928812565,0.12426388647392057,0.46041397432663,0.53958602567337
509,0.46892011342238427,True,1.3580753902279363,3.9941681902248978,2.27627112367267,3.608976549034166,2.996363242881723,1.6269659601492317,0.18105441229759686,1.1052904428880128,0.07986364569232861,0.46698045954807554,0.5330195404519245
510,0.35566425936494533,True,3.4725747233013093,4.853852110913785,2.411167954260776,3.73267294779109,2.9521482062439404,1.7067385379426239,0.5504840620217076,1.0987388328857506,0.11082543702870744,0.45596164375196474,0.5440383562480353
511,0.31270380784899326,True,3.653171252011417,4.892483474251522,2.459803702391581,3.5472494305080047,1.9504798107504455,1.6192413420860425,0.21183644124605888,1.2448026661153067,0.1115316505591103,0.462160337201399,0.5378396627986011
512,0.5124154205330628,True,2.7162550137937274,6.447365850862102,2.2427441979836416,3.6599814346565567,1.8476447476244935,1.670426358074102,0.18518985408076738,1.0902130460434225,0.07884890585230563,0.45844192099364883,0.5415580790063511
513,0.4469784983493654,True,0.3741461658824252,7.240147923647987,2.3541265660408826,3.9281661259121265,2.999700548583412,1.7429124954592736,0.16973754830475848,1.1521586674009332,0.08762042939278125,0.44136214475948327,0.5586378552405168
514,0.3384913379430706,True,4.461143084979569,7.423102953775507,2.2920805695809046,3.4803558025150405,1.8947340115636069,1.6187251972873329,0.6151183672420153,1.1868332595591096,0.1165411348702019,0.4764024814649517,0.5235975185350484
515,0.2692412722012311,True,4.045617069141617,5.923777024378824,2.407779170358714,3.875007650183019,2.9096623045974614,1.7109234098648651,0.4862115584429665,1.2856108906358588,0.15130482045626026,0.44824709579112454,0.5517529042088755
516,0.5350734993187729,True,0.38720576476198276,3.7943557666532293,2.4608317364324517,3.588724525591134,1.8024954628543202,1.7591981372573309,0.207380516194762,1.1087488808393111,0.18086090162369578,0.4622668574956413,0.5377331425043588
517,0.13570126753851025,True,4.649657694266447,2.417543434033554,2.4812753711312903,3.779986410203405,2.9573379378980817,0.9843912088749502,0.9429917277739108,1.0920137866607507,0.1641578032535277,0.4619138251122877,0.5380861748877123
518,0.49682638113711886,True,4.827549950293107,5.93179600434712,2.465902124418829,3.6525987223797354,1.8371502156023167,1.6804007395949987,0.21400213655033337,1.093475449638323,0.2215652920045668,0.46529383915957273,0.5347061608404272
519,0.20023239502088264,False,4.995519733279399,3.850412962335733,2.4320663062242014,3.581483302332197,1.7578652208602499,1.7533432420649135,0.20305483928019824,1.1113754744931617,0.16609634512303378,0.462751176360411,0.5372488236395889
520,0.26085564497421093,True,0.3379404533783122,8.6699734227704,2.5347208932228726,3.546318409225708,2.0113259005854314,1.5839357125392082,0.5217653145819384,1.2324366600301642,0.18300433642197522,0.46213372712318135,0.5378662728768188
521,0.30366544875489737,True,4.635569276408168,3.3911361830969637,2.485611146673741,3.693887601318162,1.686145492221903,1.6591809610468853,0.2181947602403158,1.1804302273236613,0.21355676012463834,0.47584458446678835,0.5241554155332117
522,0.3771025203293353,True,4.215279452811856,4.595888373093164,2.3914012770517683,3.4461746559988344,1.9224328999946263,1.7338056687770447,0.3861310971179255,1.6375415181941477,0.17098816223268998,0.48107972802443594,0.5189202719755641
523,0.46730653240987113,True,0.4074192911200317,3.437475385525314,2.4295183894631274,3.6033738716263266,1.8614023070042696,0.7239084418415263,0.19084121129262616,1.4181366284809007,0.05844410721183729,0.46652298984988216,0.5334770101501177
524,0.5243220812378547,True,0.2883668241827366,4.78663483367014,2.3112409884105203,3.480027188362605,1.8670059322093304,1.6101777501202281,0.20220548543359626,1.1513898284540476,0.1315051060650999,0.4699557781253099,0.5300442218746901
525,0.2850288533101212,True,0.2944145848912666,3.4375613838620356,2.3205795861310823,5.376983326632184,1.788224777400381,1.6111453201501742,0.19314564390312133,1.1374594588254023,0.14886405387980153,0.48897237248161624,0.5110276275183838
526,0.2783639891652389,True,3.3850397664751544,4.696948913620574,2.359614066943643,3.5352009715985653,1.7704025922971518,2.3291584394117075,0.1801168927294778,1.0744587022262,0.13405014033475482,0.5961920953074001,0.40380790469259975
527,0.19096362756021815,True,3.881582514208227,5.169067540671136,1.790750349445024,3.757576312284155,1.814327777132319,1.5703398842194045,0.20517899237092796,1.1079772208742498,0.10068703780493794,0.4698632282378093,0.5301367717621907
528,0.5351876224982937,True,0.4328298432824522,6.606006444917021,2.420663563782215,3.4721810850289176,1.903598648401997,1.6162539077207394,0.22034729463841257,1.147147092503221,0.10360008250127982,0.44093556740605566,0.5590644325939443
529,0.3148765284990792,True,0.46718380682741717,4.369200017328727,2.513414514770889,3.865754329573223,1.9813377839430395,1.577217665012185,0.5695061111675488,1.164126620311585,0.1382222449524986,0.4473714837654106,0.5526285162345895
530,0.5061740827012204,True,0.399385305243093,5.975163595751212,2.4403254370760825,3.651548752620559,1.8792485315824763,1.6314953889971857,0.22036648449656623,1.1554388771230304,0.11514508849225158,0.48684766333682294,0.513152336663177
531,0.1937901617932199,True,0.30505656326912134,5.064772430250485,2.480579934522032,3.7923794331564142,2.7720444279989116,1.559753369778454,0.6037129150092924,1.1867173586460076,0.14420269221381948,0.4637914865006827,0.5362085134993173
532,0.5204960804063652,True,0.45621849624848165,2.5079447990167507,2.411341299126672,3.5061700089269774,1.7355626359881147,1.646147532371686,0.20618653375310653,1.1243798769564752,0.18202061392970786,0.4751275442239596,0.5248724557760405
533,0.3307913077109336,True,0.45951651485876144,4.157200199001012,2.528662021112101,3.6797226048319738,1.7143286799256838,0.5431661284719385,0.5878709991032773,1.1196662325469584,0.19500936685695025,0.4327631655091609,0.5672368344908392
534,0.4431480919574357,True,0.5032473248724115,3.355340729899574,2.5802977532487876,3.576098173119747,1.9126258123100766,1.6073781788842023,0.2234677233948275,2.019749983806475,0.16440542377064496,0.43502030654642204,0.5649796934535779
535,0.4443853759361545,True,3.5493946275376445,2.3697394509913328,2.428375645435522,3.4137423010733032,1.842640614917263,1.6567236736865965,0.5813174631088183,1.2068786260627271,0.12763753022401836,0.6352568931055778,0.32561329049521104
536,0.32657255799018403,True,4.500041068953746,3.096777035862088,2.46918435771466,3.5253390357531993,1.7582396075658338,1.5465459874381833,0.2065880962218828,1.5870434875633888,0.1794357358866307,0.45439881480195393,0.5456011851980461
537,0.6067977896891013,True,2.964823271752178,1.458241422672212,2.4001741975642443,3.628536674787608,1.8907611275887515,1.6101128866294665,0.22742626903748098,1.0793315819704052,0.0935566858003612,0.4515622737406677,0.5484377262593323
538,0.2305892114028595,True,2.869251993272241,1.2518142347642809,2.408131861019546,3.735201047172197,1.8091922104179932,1.6549865363605396,0.6311275669322217,1.523408062561809,0.10001792866653583,0.4481976540848761,0.5518023459151238
539,0.4538784761371315,True,3.2033331345613756,1.6813532550871022,2.5384797272172266,3.62744853141205,1.8568275830804208,1.6101970102653083,0.2299706878642381,1.0979460951232698,0.04272442469424231,0.4943153518829071,0.505684648117093
540,0.5383916324863873,True,0.3868127662014395,1.900425620543869,2.4808137011325613,3.6953222385768925,1.9098773290152322,1.6851309992020158,0.22454336790328097,1.1549661929354196,0.08103767694476723,0.44897525748048916,0.5510247425195108
541,0.13883539771899012,False,0.3896294124968467,2.668796582348296,2.507144961172278,3.8803592082204763,1.9535933527142368,1.7028807278987643,0.22790871677372293,1.141723052360435,0.14649197166072944,0.44855590487950275,0.5514440951204973
542,0.4972722226413225,True,0.3934098555518425,2.256352294283179,2.496112460666247,3.7930417071070024,2.050638526836082,1.6040272480841185,0.23947477977053405,1.0858329439740586,0.10651539567611097,0.5037420739276901,0.49625792607231
543,0.5396197108908021,True,0.47477326916336543,1.216486765655027,2.4587397602686694,4.038649529131288,1.882117368934639,1.7005115845625662,0.21530494394979716,1.1442825478689211,0.11869394861044508,0.4692638459144251,0.5307361540855747
544,0.5051034428766316,True,0.33363848980856725,1.128894343827533,2.583635628468453,4.087016227700314,1.877164552642114,1.7462371659495566,0.25291882597962445,1.1660931383148105,0.07444330334322581,0.4601933631686845,0.5398066368313156
545,0.4957149989748216,True,0.275924944270303,1.2146846437999765,2.6565995748012527,4.084732804422769,1.9134882237656647,1.6947450554003969,0.22460106880221287,1.078971787125874,0.12024855095503144,0.4607881473188526,0.5392118526811474
546,0.48462003475812426,True,0.5423680437765472,1.9422020097699635,2.5607364358066613,3.7507386236690543,1.9335269035750329,1.7658764132988234,0.24328962390821882,1.1405096659683664,0.05035129256854537,0.46998832191353973,0.5300116780864603
547,0.2227163332772433,True,2.9512669169764045,1.2057479763098682,2.4653103334209523,3.850963769210263,1.9337394785621864,1.6960170958087342,0.2206606574401642,2.2516078681294007,0.0960064434367632,0.47950558204890675,0.5204944179510932
548,0.48304268036478626,True,0.41414342006392096,3.3968372079480122,2.473549075540476,4.015520544271024,1.8938812581797868,1.5755226503317696,0.20894723821847666,1.174163588449351,0.12339697057952409,0.4575396943284464,0.5424603056715537
549,0.4697471027862005,True,0.24848015835685983,2.5731895714685455,2.5327905619909465,4.002230978910239,1.8099241663366321,1.7511451207473328,0.542483973976642,1.1059446697811286,0.10178727099925645,0.4351647502735386,0.5648352497264614
550,0.3315773845770654,True,0.6430490298044144,4.006808698189516,2.4555797973473985,3.6859604203319423,1.8447562647765092,1.6502933345087856,0.23109920995007205,1.4823691790825175,0.06486387545425784,0.4555191334425578,0.5444808665574423
551,0.4513716534437767,True,3.0418942022845905,2.2226686345711477,2.5124408252409847,3.899090289291984,1.9909961541251204,1.6045693236993819,0.19528689516635575,1.0695150841498373,0.13998408011236993,0.44489105223851894,0.5551089477614811
552,0.2379172773047011,True,0.49979983282942586,1.5229899059913277,2.436134783080002,3.5659979651725946,1.9768231530746565,1.719616756940123,0.21362917771683199,1.8959359251302148,0.11552056272068043,0.48079764074433196,0.5192023592556679
553,0.554019545173391,True,0.350242522137299,3.272002422712462,2.585018299314185,3.6761753781733444,1.8948310622511242,1.771146720356723,0.2390149028444329,1.1420746100409114,0.07834795066324429,0.4501869438442784,0.5498130561557216
554,0.5307114591314277,True,0.339704122857298,3.782947496082924,2.602487373161438,3.7336180832429062,1.8854176613825107,1.7950417478602638,0.2409229355961571,1.1243937317878714,0.09068134705352482,0.43966330942615833,0.5603366905738416
555,0.4253797678765139,True,0.28392279790965347,3.2281988285546057,2.7013480009200657,3.7578238532202106,1.9124100406697608,1.9395030205828836,0.23452975903425266,1.0631184832526919,0.11009908770833449,0.46033335113836066,0.5396666488616394
556,-0.5333652247534895,True,0.25088586216835085,3.7589978345159882,0.6377244037509759,3.943440135223414,1.8826815994494555,1.8624998717224042,0.25664438849959104,1.1118113312714484,0.07741035997300749,0.43326709842984024,0.5667329015701599
557,0.3636696179009394,True,0.3518644577907712,1.0742701873641167,2.658390455847973,4.243826051532491,1.8326092375940648,1.7822211551030578,0.2862623681808351,1.0850153056064773,0.08505112055931105,0.46033522850903547,0.5396647714909645
558,0.43478996214649435,True,0.22164830881846828,2.8631640873884288,2.7760266397788604,3.7816392857875556,1.8697471772745153,1.7908277561301233,0.24168174147214874,1.1359296244085797,0.09316163315644932,0.4512737968296465,0.5487262031703536
559,-0.05872418982634492,False,0.353012658721394,4.332384384423584,2.6663022335325457,3.692333917064347,1.9675335399050426,1.8958983755918821,0.2697071652519214,1.046140084407371,0.1394736242553195,0.44421512048161454,0.5557848795183854
560,0.5157550836828265,True,0.231718896672485,2.0678430910379872,2.5265380681989438,3.8484665001360776,1.7900911858986863,1.824261163266585,0.2545299312389492,1.0972673807204594,0.10772888519079138,0.4538715558530804,0.5461284441469195
561,0.44761876296086756,True,0.35267942439825684,2.2066519239016933,2.7103626267675662,3.6619235048146788,1.8707308156729396,1.784172502589103,0.19782736803181922,1.1430310955933864,0.14859900495531422,0.4621113073923749,0.537888692607625
562,0.5662039744535287,True,0.40358890644296863,4.395178096113987,2.592613561989462,3.6931803695966936,1.9472430684710567,1.8309433529053163,0.24430317645675037,1.0372130711887995,0.08426024270599156,0.47335679005981224,0.5266432099401878
563,0.43825058864943667,True,0.46533427471718747,4.634612567559394,2.6135319198725644,3.9233426667821494,1.9080051267433147,1.8752692632416121,0.2397204531081502,1.0203459668549315,0.07348179626992105,0.47510834039862326,0.5248916596013767
564,0.12550743049280697,True,0.43060946906493414,3.763541424448407,2.6197799356898406,3.7684602428495504,2.0218609635589306,3.0703863496523187,0.2620505282370822,1.1257400535089934,0.09086720343183284,0.47224444267198373,0.5277555573280163
565,0.4670464735294753,True,0.38346707285891857,5.270937195302488,2.589592033779814,3.809519884137275,1.9573595902328675,1.9509843046039574,0.3033539813787217,1.0821419033608344,0.12352417054437893,0.4823752632687051,0.5176247367312948
566,0.3608773580708211,True,2.8055920204387244,3.2042980089978323,2.655068794336546,3.7003997463692424,1.930727170204199,1.8495968226699455,0.27938541442693543,1.181088176222459,0.06226980039036384,0.4658848087807717,0.5341151912192282
567,0.293200909623436,True,0.3649686272747065,4.187638164165961,2.623855877063649,3.6553066184998126,1.8246225920512034,1.790856392542629,0.5623202847007738,1.1193354455986806,0.08993542098224094,0.4583403220824383,0.5416596779175618
568,0.42416156566567054,True,0.5029361037403387,5.55902620517175,2.6273900314832725,3.6113944136104252,1.9629289551517992,2.006694413747159,0.24598562652583275,1.0426956609218707,0.12069276005161003,0.4483134660147582,0.5516865339852419
569,0.40954760208645713,True,0.5085009424526292,2.7738147241560425,2.583757408210782,3.814067028830927,2.084555582322806,1.9127421830204299,0.19901797654162956,1.1639051021467735,0.10543063779565934,0.46616033358996356,0.5338396664100364
570,0.579116648708381,True,0.3154796982328052,4.243762701520722,2.5575385527424146,4.016945436161918,2.00163931319602,1.8047993126327442,0.22402299621246913,1.0770237638473166,0.04371217738073527,0.46395054375654077,0.5360494562434592
571,0.35045958879802674,True,0.2846918738809639,4.463980179781979,2.7113609911907095,4.110305734458638,2.0223547271622735,1.8455362899484296,0.2311681105558595,0.9993522975991934,0.029544445484465442,0.46906905754150535,0.5309309424584946
572,0.6136401661593343,True,0.313278696146294,3.4679924919089347,2.575313592072677,3.970455093644845,1.9008052849804529,1.809063247815348,0.21815589986050804,1.0510301962091098,0.04503995604402602,0.47670380072597873,0.5232961992740214
573,0.4733020580929914,True,0.36443398600150484,2.0341624962858145,2.5871919221578543,4.188718689184257,2.0192225617398964,1.8745770018000503,0.2524623958679636,1.0354123218680087,0.03160277523168348,0.4735040769007656,0.5264959230992343
574,0.32115056322633284,True,0.41256212838026624,3.3003793866500017,2.643081032000931,4.181095845301881,1.9659751342391305,1.8245213067653698,0.2248116297544637,0.9742548600075828,0.03906303757335869,0.4797143128976572,0.5202856871023428
575,0.507079504162119,True,0.2277415363876791,3.064703571529103,2.60438434351535,4.022325606395564,1.9184060640780551,1.9052517547071133,0.26300257875114247,1.0242655420599125,0.020038276749542713,0.4847015752356902,0.5152984247643098
576,0.5088460937554329,True,0.33594369798811896,1.0541867790643131,2.5747841357242343,4.108932191491068,1.9880295527553784,1.7858763873117665,0.24612620430624063,1.0671859913599953,0.05755398611776117,0.4548311074880065,0.5451688925119936
577,0.506937050243666,True,0.23627627082507563,3.8644068319623215,2.567137407051191,3.976251180576763,1.9116680176920606,1.7985556516997483,0.21890638495794404,1.0017743219421527,0.06563775782337507,0.4636621659321618,0.5363378340678381
578,0.3151310542012529,True,3.323776514302511,5.313023116261862,2.654231024458332,4.070891419772068,2.063615104952078,1.9384291872203125,0.22842324647913884,1.0682379158150195,0.018572898119550554,0.4669511358726081,0.5330488641273917
579,0.17567677793964886,False,0.4552192442556328,2.0582362042060813,2.581792241768501,3.9054447079753865,1.892544781120428,1.8264489927283891,0.20201180377782235,1.4573175735156942,0.04873945253270902,0.49141985278121064,0.5085801472187894
580,0.42323344076178043,True,0.32105302810028874,4.180365401783858,2.682937997313092,3.994316391055758,1.8112991218763645,1.7399215771329162,0.27373589381385893,1.0910848598642842,0.045983302548104496,0.45694086629944225,0.5430591337005578
581,0.510110560056704,True,0.5454753583852799,2.693691356205831,2.5611358293250466,3.864977458897258,1.9766272634013708,1.864816967639728,0.24447905209702578,1.0265827229736748,0.086880190985124,0.45927456335883804,0.5407254366411619
582,0.10004958691565109,True,0.42760336698593887,5.84608552794569,2.566397465036446,3.9730209685802085,1.9417702832632793,2.068084474423004,0.648682010104693,1.7092292766121122,0.07439890269329102,0.46768201377953256,0.5323179862204674
583,0.48094530594341317,True,2.5853665617807864,3.570400458248808,2.611807791519959,4.301834530992602,1.8754420015757691,1.7639952569809296,0.22063733915459147,0.9606251996069313,0.0429267166505684,0.4423130367337488,0.5576869632662512
584,0.44400257243103736,True,0.2163544814905292,1.020743148274125,2.743828241476656,3.924464110141939,1.7973034394694696,1.7710231438670274,0.2104059024966029,1.0634604958412706,0.07072710992399114,0.47079452901953756,0.5292054709804624
585,0.42762593867671844,True,0.33256009438855505,6.331047284756816,2.541446346066207,3.7823927034678966,1.8545209379301668,1.9652003682713985,0.1869057012505345,1.1098344567948148,0.08173362134350652,0.4659798618412098,0.53402013815879
586,0.47170034473812467,True,0.44645663071485664,5.414479925526178,2.531412673171259,4.025930675719199,1.9983128697552615,1.8204088442484336,0.3247607057277293,1.0192841157714503,0.05240862565313067,0.4753125641257597,0.5246874358742404
587,0.4074338162220149,True,0.6512786574228903,2.1895203000365644,2.6462591949402023,3.853346084694414,1.9186049375465775,1.8888969160194828,0.236192019030926,1.1113982808556744,0.09944027091179429,0.48334166232372366,0.5166583376762764
588,0.22948007187014152,True,0.23396372029065293,3.996662004546983,2.4996937203408733,3.7043378065534727,1.8289846989452316,2.9423131837392607,0.2140320180465008,1.081629654974027,0.026576544563961697,0.4428000537528488,0.5571999462471513
589,0.5424721977699961,True,0.5391309223384424,4.97028620280449,2.5457649181880875,4.106273588728239,1.9283261729675925,1.7406193717474716,0.1924686635940051,1.0463289671716842,0.004239429253769161,0.46629707077210486,0.533702929227895
590,0.47644572408804153,True,0.5834231083211,3.0547012320037017,2.5632598129585253,4.352542499656777,1.871378767854566,1.7466042707914278,0.18787915720522255,0.9059489929731717,0.00855467151488655,0.4646963486452057,0.5353036513547943
591,0.4851442987575063,True,0.6799256719149482,2.022900901893367,2.550004410503205,4.064164222599934,1.9008008464810984,1.7937104938051003,0.19463945544694622,0.962570544439277,0.04589720853257524,0.4849385945027822,0.5150614054972178
592,0.3375603141314166,True,0.5414487447103038,4.46482040514929,2.805428370167672,4.092016144618277,1.8402260946484352,1.853937584156669,0.21548422061454078,1.0015810382101764,0.03142132674603397,0.4587916907513392,0.5412083092486608
593,0.1479186480755948,True,0.4145069974078905,6.1366400343859056,2.593950517365822,3.922630444273541,1.7883542641507375,1.7552691532658606,0.18615017427928154,2.4041024190698668,0.030953854838296976,0.45961866851433536,0.5403813314856647
594,0.4266262481667747,True,0.509149457450396,1.9631853266200712,2.6428877827330863,3.9188257377033042,1.9105879430234192,1.893244230271852,0.23237468481982884,1.0470130196527743,0.019013642353068544,0.4572152789149605,0.5427847210850395
595,0.4434948016272757,True,0.32835984490692277,3.9594160178933313,2.919059467396529,4.146721088480468,1.9623830183219448,1.733288962506717,0.25849505286744573,1.0533654700284334,0.008837077501251886,0.47556363703299565,0.5244363629670044
596,0.4561034249123296,True,0.5849648407077286,2.9467121741855635,2.608745018088371,4.268717355616539,1.93172004766659,1.7904574889506024,0.20330442467194176,0.9938066551500963,0.002958228630313568,0.4573381649614682,0.5426618350385318
597,-0.030075894148976448,True,0.4092084482888304,6.6903303903373335,0.9515321436483573,3.793055018136926,1.8699293375125292,1.8441451163912685,0.20917536144134297,1.0327748546688686,0.0006896418455810131,0.5654652033048213,0.37743186668924755
598,-0.2588235077356842,False,0.2986616566302128,4.958393299708978,2.5150464367230496,4.190501395710935,1.8226267963342055,1.9349059838329519,0.1803363201368359,1.1431228021207367,0.04986101944248673,0.46734925485055134,0.5326507451494487
599,0.5351861529423896,True,0.6834091951502688,3.337288321378754,2.5438087443906277,4.017568525886217,2.0333004767356138,1.7332697102393442,0.23180409008446273,1.0675146003031994,0.07203013856028516,0.4683353698346929,0.5316646301653071
600,0.25589912555066824,True,0.7870558863123616,3.19448983174233,2.7046898602496015,4.203442891989449,2.040780709456991,1.7652823308537882,0.23251278230210168,1.4057456380826505,0.06161310175139815,0.46575457949969357,0.5342454205003064
601,0.3765831342679259,True,0.6986684285614707,4.0098891738040505,2.6262061547242856,3.984065701662213,2.0386441040851815,1.7104642429723131,0.2534700852085796,1.1902557399222453,0.07343607396342786,0.4564143561280676,0.5435856438719324
602,0.42476143544797257,True,0.7057047205335214,21.012507773350038,2.692109861663176,4.080666267328888,1.9524574017833594,1.7138394152415193,0.2837741838459479,1.076851411749951,0.06486511063168986,0.45675318695343986,0.5432468130465601
603,0.4451053352677865,True,0.6324785563233628,2.71022390860276,2.5445827049389926,4.163977995277377,1.9903834242778449,1.7292915089070267,0.24967140528655235,1.1299957596753405,0.08779657059778023,0.4617772172682302,0.5382227827317698
604,0.557485212205541,True,0.5407338450098158,4.775392710270644,2.582977588858142,4.049878522176626,2.0701145546495217,1.8307216531776607,0.23197629918676324,1.1010008894800625,0.05096751040884433,0.46739511995031385,0.5326048800496862
605,0.418594798757944,True,0.8868039412091318,4.751097840940897,2.6661814795072463,4.014480880566589,1.9908347041049688,1.7126728591012532,0.23394653911098787,1.0954785394233282,0.04254302152176723,0.4593006099484288,0.5406993900515712
606,0.4909655151817047,True,0.6729570838108666,2.001786420049929,2.592326704493957,4.130093946684751,2.0592631677170687,1.8351988815456135,0.25701166821641597,1.1457215596434538,0.022176016314749684,0.47321042142257114,0.5267895785774288
607,0.3805722492561443,True,0.5965971455184864,3.9659058054285996,2.615328081413356,4.087730653955149,2.0162664477767747,2.0066224784977598,0.2648785885002939,1.0727609180015574,0.06627216943427519,0.46601928965855227,0.5339807103414477
608,0.379678613189207,True,0.8050178356690829,2.993134544280668,2.5778126810868427,4.352928792548906,2.141603373961608,1.9114622367401684,0.2378485504423861,1.185534564921725,0.054065585431905774,0.4744004371633189,0.5255995628366811
609,0.4848968759476533,True,0.7325331372105341,5.037811609150267,2.557445338924316,4.216171657836214,2.081188853495433,1.7193256775752745,0.21870565699762373,1.1199603309842667,0.0800827980115179,0.44705447986589353,0.5529455201341064
610,0.4718430148818734,True,0.5188269070313463,3.7571462921125414,2.6541653155175506,4.005800088721724,1.9305928507933825,1.8317628736044091,0.27097247069580405,1.0664404086953985,0.02732614348097333,0.47156768544385885,0.528432314556141
611,0.4079778127934611,True,0.5619847350137781,1.434330060404433,2.7451379435416854,3.970160479246475,2.074129464745902,1.6899666157031372,0.24085367261133808,1.1591298689635152,0.09315356769771489,0.43191571181607935,0.5680842881839205
612,0.24820549905167708,True,0.49987475948327215,2.80624862934949,2.538356167276652,4.012042664520548,2.100926466548475,3.235414799349446,0.22002263485674492,1.11077268435622,0.057745451581005594,0.4677436237728231,0.532256376227177
613,0.3936914501026688,True,0.6408694499083827,5.294701667583073,2.506429110847178,4.2393271631888725,1.9525134131857618,1.7836843591847886,0.22901635143651242,0.9417069763525656,0.07241058731848396,0.47422737426135325,0.5257726257386468
614,0.47340047206279234,True,0.4649968611324323,2.004928680923965,2.625774497821371,4.042818094647902,1.901339410717263,1.8871341627928255,0.24978478541650778,1.0460790761678176,0.04089053052144252,0.4401907690154497,0.5598092309845504
615,0.17581131360888935,True,0.583835601386159,4.308535828507901,1.8650376711634462,3.863263085843494,2.021352372208522,1.7512442517964473,0.29565465329146584,1.208043982731819,0.09266097499223766,0.5369212781519637,0.3452269388360998
616,0.34954792926237716,True,0.7192774054826594,3.955951989985497,2.5555032446260646,3.9083004131454513,2.186348020912577,1.6852495132501388,0.20926124742241392,0.5249430570977751,0.0211928613620605,0.4762067602558176,0.5237932397441825
617,0.5339978770413526,True,0.5070007921303866,5.625701316133966,2.5080242684775227,4.139859355485356,1.8893568691919804,1.8501877278047332,0.22496414714718715,1.0056280191526765,0.05231059766939736,0.45379739347383485,0.5462026065261653
618,-0.11728222055448934,False,0.6489773198992246,5.80626886621714,2.6005619814120964,4.306070284189385,1.8709887064278343,1.9326822461175608,0.2283331845843954,0.9382123297927769,0.05444167731792757,0.46718477025214755,0.5328152297478526
619,0.3443498626722292,True,0.5238423067478711,5.045510124139401,2.7072126777288474,4.126941331123777,1.7847809504510423,1.8423751822414642,0.26470893758499514,0.998248653729612,0.0356580946705535,0.45968899396029594,0.5403110060397042
620,0.40690066407718584,True,0.4937290671613013,6.068634202154662,2.5077649608256345,4.155292521103519,1.9392780923774102,1.9685618268745746,0.24237492235402822,0.9851281824616781,0.07555393311025188,0.4589446008901242,0.5410553991098758
621,0.21168975570787826,True,0.7412366860675501,6.711764934609225,2.6052977915485056,4.233637814177756,1.8893051390643358,1.7511156412456972,0.20879212506045822,0.8397775825309249,0.05296614894127272,0.45363823471449455,0.5463617652855055
622,0.4720021550453024,True,0.9433982953505997,2.895739004065931,2.5484571489541,4.1149568960933545,1.8503486751911933,1.684713669084276,0.23069067821417838,1.0094475904717306,0.014109004688862836,0.500008580331584,0.3005474900808099
623,0.49893120444152367,True,0.5439851570944763,1.0164307057251307,2.4979030460113445,4.02675936172125,1.7268496783167429,1.8281567263948868,0.24792490602693837,1.0335083260662343,0.0009460140948122642,0.46690095910256935,0.5330990408974307
624,0.35636316534796414,True,0.6016383159190164,4.843677475963441,2.6614878453756843,3.9801837278452163,1.9473396971923782,1.7607766062642871,0.2181228601349751,0.9847981288774184,0.10611780387424506,0.4591184008446798,0.5408815991553201
625,0.462605487514769,True,0.43363440159846495,3.5676390535031666,2.5692675143082124,3.870635180711882,1.6553708300951984,1.8650846456826307,0.28127078760529706,1.0520565386760086,0.08140030522660774,0.4770704678243961,0.5229295321756038
626,0.4866767140976947,True,0.362063534835177,5.253440976822429,2.4937108180311127,4.404333466912076,1.8883895323116366,1.6635588953949547,0.20398785279938653,0.9425949469130758,0.03751860993346336,0.46537442322611233,0.5346255767738877
627,0.5269571070907793,True,0.4513179513878527,6.890741539959797,2.5362681855144094,4.078694938692587,2.0099119573765574,1.7937225386763356,0.2188769776585825,1.0793256034655616,0.06137551926185075,0.45741695625082107,0.542583043749179
628,0.3713982236355142,True,2.778237200293624,4.208524166576784,2.610083704259326,4.244643385093325,1.825178495268751,1.8862719792527383,0.24116248084576627,1.019434371910971,0.10010175844502714,0.45228514780680523,0.5477148521931948
629,0.4186629613257397,True,0.6603681396464872,2.150141336130914,2.499191501587338,3.9389525319125043,1.925926224808643,1.7240156240504119,0.617221165470368,1.0914157086746064,0.07504151558829186,0.46842778713558575,0.5315722128644143
630,0.39377958253483025,True,0.33827639505317886,5.709134797633872,2.6415527146734976,4.135950920177515,2.1283621235157777,1.663225661903565,0.25990177296968614,1.0451592878810467,0.11807118356379152,0.47975972925559285,0.5202402707444072
631,0.4979187551239667,True,0.5186446327884684,3.7579868442875553,2.485907849810253,3.8335586614092403,1.9963907272488366,1.770571749130403,0.19385386741384852,1.1039375919782177,0.0677685130470978,0.4632349362849495,0.5367650637150505
632,0.4426220559149433,True,0.8321751741807135,3.1320352430199674,2.570651978980891,4.304686672059738,1.8626191235563587,2.0401129773729,0.22128681919188758,0.9857317504117755,0.039018990104416645,0.47739438534173684,0.522605614658263
633,0.27273658992144834,True,0.30195943244740786,1.9881955517399004,2.5346542860650154,3.964223175627902,1.794400276663233,1.6681415914558975,0.19883780528205064,0.8833425956436214,0.09350711969607593,0.4509527627389586,0.5490472372610413
634,0.5829058945690668,True,0.43800887986299947,6.610576635594637,2.4856085137800035,3.8256455177403668,1.9056748296831014,1.8313762272859941,0.22763982608886127,1.069678861278576,0.050966459648630766,0.4435752621628849,0.5564247378371152
635,0.42589238827264053,True,0.5933657612478409,6.280221530686164,2.5190434768911474,4.068193282829922,1.9649321814611047,1.9253317168998667,0.20984959203106823,1.0127928599327085,0.0322820732551857,0.48274126828765807,0.5172587317123419
636,0.4761936506412489,True,0.4858393046752054,6.4517709616138275,2.466959341887607,3.9532304749555287,2.0421639367981217,1.975946339996494,0.22651876614645738,1.0557593684030142,0.0251354069059861,0.48507443453775156,0.5149255654622483
637,-0.2128060940841192,False,0.7271995635399531,7.508725210167068,2.4678151553055474,3.8341469249797306,1.921174546976869,1.8648548154063682,0.1940775256950621,1.0689156613810713,0.05143352962445999,0.4509605536881588,0.5490394463118412
638,0.26676766080676023,True,0.4282445076134529,7.387994112779972,2.4760018455872332,3.888602105300884,1.970539274967225,1.744994049335842,0.21142324909893254,0.6537038111403264,0.017085370956667505,0.47429950826941775,0.5257004917305823
639,0.2370557308155413,True,0.6057813581213287,5.346978096961769,2.4856208117167484,4.2042023386476215,2.2460844771860407,1.8486987025259283,0.18710780566320426,0.9721647854103137,0.05423988998304029,0.4697039997414218,0.5302960002585783
640,0.4610749842944553,True,0.5270012809857915,7.039839424835757,2.5470641927523707,3.8036655026945336,1.853201432474894,1.7145989187908126,0.23186678106088088,1.0202926425223007,0.04774386279791835,0.4777447793705095,0.5222552206294904
641,0.5356175645751383,True,0.4141232310969844,4.7993369233580205,2.4539970420778086,4.045109559776313,1.9103895509046913,1.6418292942124368,0.20511669167059624,1.0775744808603998,0.002316650369069581,0.4563422023024648,0.5436577976975351
642,0.4213414002722661,True,0.674421147210337,4.816451558092776,2.478077009752455,4.026081385481504,1.9053457963529656,1.6244883091953481,0.22102697401981627,0.9220427859589377,0.01219503954682961,0.4437274062062878,0.5562725937937123
643,0.23807020685167582,True,0.4616739115104655,2.7962455812296443,2.523273865011397,4.139250435911343,1.7695490484899314,1.6253382193481292,0.25370096817888016,0.8015953166828758,0.009856241643948549,0.46132197026844257,0.5386780297315575
644,0.4019841391319997,True,2.650687094256926,4.577938642520955,2.4585029888139758,4.0258499857870875,1.9407395568365355,2.2102669162635507,0.21178731451213423,1.054871997673527,0.022593821949084263,0.44889627728863835,0.5511037227113617
645,0.24759135039317548,True,0.5931524984382845,5.616917214470944,2.5472240204139767,4.172406784634463,1.993466576063502,2.594296905883817,0.2362825606506987,1.079672616632897,0.005912226966935871,0.462930687689951,0.5370693123100491
646,0.4889554616583494,True,0.4234275058121343,4.113508688133736,2.5041427586094285,3.950123052678187,1.8172960186017793,1.6664678373505564,0.2020587556411327,1.020082352849542,0.0012567758258647452,0.4647302579879055,0.5352697420120945
647,0.5548833524486092,True,0.8123060006749184,1.1219149024920199,2.452668992994656,4.101785319261034,1.9004725276757979,1.6826324058318611,0.26851510220332525,1.0986944395568776,0.030352324822131238,0.47281185993783625,0.5271881400621637
648,0.4966239168534723,True,0.8691629260575763,1.7827518638305313,2.4417563408972356,3.9009574581479676,1.948467344852276,1.5599151790625123,0.2596906217776525,1.1011349556075434,0.030113848626148052,0.48938782972283373,0.5106121702771661
649,0.3734231163425336,True,0.7547059689198391,1.5281707039718577,2.4472885715784303,4.016467376232343,1.8347103865676326,1.6410277872979373,0.26836687921534735,1.1246008882398326,0.03406790277997916,0.4668610668550583,0.5331389331449417
650,0.6435360832049473,True,0.8279259896509468,1.1975484633560936,2.40897126393301,4.015120261321826,1.8979106418854015,1.6847714562220057,0.2797222976726745,1.0922152618574124,0.03493295083097696,0.4778367041525704,0.5221632958474295
651,0.1746871884421094,True,0.9222442967094298,1.4191048455280706,2.4021436509636307,4.087259989624667,2.0280379313536225,1.582208811878766,0.31745466481975065,0.7477953437642139,0.026001739375143496,0.4783037705600572,0.5216962294399429
652,0.45969325275084294,True,0.8690027155030047,2.102074814162327,2.3745582009351596,3.980458166933797,2.381295237632311,1.663013556730043,0.29651637675720294,1.0767818410730492,0.013860413807942614,0.5609595026005159,0.4390404973994841
653,0.18462066938543487,True,1.0000297266536995,1.6045170995721303,2.4129293331643344,4.239066458601745,2.3236497589559426,1.6133206270021374,0.263088485514835,1.1572259057498613,0.04132245582436086,0.4739289748816228,0.5260710251183772
654,0.6043654089752309,True,0.7799215061141964,1.170451025514535,2.4047211489748133,4.032173534882875,1.9298095813012248,1.6964672204389946,0.30503925273060345,1.065430671991739,0.03613186281953917,0.4682817015959436,0.5317182984040563
655,-0.153573020062683,True,0.8613903456207433,1.1997494649820064,1.3187137097551571,4.100050904448528,1.9027027050273713,1.5520728500133072,0.28561698893691145,1.13199480645521,0.017019225619128848,0.4666992611136761,0.5333007388863239
656,0.588179766050382,True,1.0606418465014305,1.5740526414056493,2.362809109964425,3.851119754107798,1.9337298662567979,1.668045866369884,0.2702841233211826,1.0900041415689856,0.0020278806477988243,0.4629558618185818,0.5370441381814183
657,0.4171299713411889,False,0.8253034460358479,1.5951137172696663,2.3583588998990574,3.9071155929159995,1.9508459978041013,1.659181796745998,0.3049846588084394,1.0513847061776722,0.014152376145152783,0.47753861428261446,0.5224613857173855
658,0.5245239291240187,True,1.0523588907125154,1.187245545130509,2.3714420425292873,3.8787750512168113,1.9692683618894298,1.7163333380102277,0.3045384054965823,1.089065210270938,0.025111566020274374,0.48150937084206896,0.5184906291579311
659,0.32945227119727144,True,0.7538241100449907,1.1987503545382587,1.9483299900891602,4.058994988036079,1.9295957607243592,1.685633966994748,0.290926829756763,1.0341673810802718,0.004993443627579121,0.4622915167197524,0.5377084832802475
660,0.5956779798325302,True,1.119278229993135,1.047804137057612,2.3351299422417804,4.193254658443188,1.8668693303648514,1.6722247256308806,0.2816903352845639,1.0962771029136307,0.000782050128249473,0.47903409443940287,0.5209659055605972
661,0.4805916009558462,True,1.04563528277161,1.1211222335679103,2.2971943108206614,4.247578081494395,1.8553079290232908,1.7034469775919443,0.2871155283618694,1.1092035643153797,0.03168887806434269,0.4787116027258573,0.5212883972741427
662,0.5802479415706613,True,0.988589886370054,1.0093757359905275,2.330064255884589,4.1934323861132565,1.8678840575601434,1.689973540238312,0.32432348088533436,1.1083190646883103,0.02929225315033332,0.4778337807835159,0.5221662192164841
663,0.4764473104849809,True,1.094257053131916,1.1678605005909901,2.2168506576044256,4.3787217518708355,1.8692070068330389,1.5970289025853628,0.30378047680318615,1.0371441204830434,0.0052704070584002685,0.4742406403708708,0.5257593596291292
664,0.49126021471510267,True,1.1960220715458363,1.0066391053422812,2.2864345780411788,4.356846531641395,1.8550625710454791,1.6531270230931232,0.33041199936009447,1.0817312711725615,0.036238695929284644,0.46999678953829144,0.5300032104617084
665,0.5015065412233719,True,1.2309181768490693,2.358445005593752,2.226857792666899,4.273273462569367,1.8834695564185209,1.5781056533876379,0.3012855731138193,1.045576049542373,0.04068705246148367,0.47389508826704185,0.5261049117329581
666,0.44087530873019,True,1.1347340429809303,1.0695902525347352,2.3109617336648305,4.190794944005776,1.9816904131784852,1.706079479812796,0.2826053134203212,0.976060843819347,0.00021284773622040273,0.2092418940122484,0.5791241516357353
667,0.47505736981695107,True,1.2746611947706814,2.2752732474066324,2.3308434624646113,4.350120313031985,1.829749583632019,1.645229799604911,0.3432014780069577,1.0954626481420968,0.02329134369035852,0.4645997545442134,0.5354002454557866
668,0.4786782601029737,True,1.0844515318026622,2.310250870020814,2.351380728432272,4.180174874273616,1.9281579017111004,1.6897139832470125,0.31776291617828856,1.1624840328423023,0.0019324260993701103,0.49563114115043644,0.5043688588495635
669,0.13146160602259724,True,1.003512069940235,2.2452801257237747,1.525490631893694,4.464167685960294,1.8914077219046035,1.5391747277076386,0.2788397977204319,1.0182658889341247,0.03919535110570564,0.4776256791872324,0.5223743208127676
670,0.44991663011506017,True,0.9607416431796244,2.393680755624649,2.2835598265185837,4.096698670627752,1.9455405517652467,1.7053963979160993,0.31871545929403694,1.119868075332032,0.042217509062477974,0.46028287345375296,0.539717126546247
671,0.41582582749285163,True,0.9376860367241086,2.185134239283509,2.2439057529760036,4.1916078950906215,1.8494559885212138,1.6122842380434834,0.27987123166000616,1.0678387551417312,0.02252278125581236,0.4799840908472646,0.5200159091527355
672,0.3166689943941938,True,0.9104677184439023,1.2470923491548391,2.026675373292265,4.308258002175203,1.8931806727616638,1.7332430580909193,0.3051835782187283,1.1760501411070292,0.0004693942528922428,0.4774205445194498,0.5225794554805501
673,0.4630258098118664,True,0.9443341314472004,1.0067402240601848,2.3553011585197865,3.959974662805086,1.9871541568854543,1.6690400217860855,0.28601540146685683,1.134759033359987,0.05201794035559148,0.45628059072982885,0.543719409270171
674,0.4166366778551176,True,0.966731935778189,1.019489170762911,2.334312865234931,2.501895868942948,1.9240390803970493,1.5631801978134614,0.35743079953216406,1.0477666264057528,0.04937423796412814,0.4916026232557724,0.5083973767442275
675,0.49712271381669915,True,1.047545081170315,2.564210094290785,2.363632867168753,4.484383104029156,1.7640338099796116,1.7342101807907622,0.3436593256920098,1.1020408583315517,0.024661608002150438,0.4655370608419964,0.5344629391580037
676,0.2726381348403546,False,1.1367005370919778,2.0982397553882417,2.3933410554516756,3.8235212181322793,1.9551891324107624,1.6436772712633556,0.3169877111960805,0.9950120953005744,0.0544681243251322,0.4600794791770126,0.5399205208229874
677,0.5968171328739864,True,0.9304211723181022,2.7610058373944715,2.2771580085111696,3.9025595447957473,1.8607579029602306,1.755597227785523,0.2707346441644039,1.0784555565690055,0.025068614707885097,0.45043614236009305,0.5495638576399069
678,0.40549005548442674,True,0.8493094340325831,2.7832516426145215,2.2495967155952963,3.9430683457410027,1.834623300762627,1.7575504603441208,0.2893594524941404,1.1752764889894611,0.02716733306077346,0.4491181012816715,0.5508818987183284
679,0.4502131273988539,True,0.9888504902178061,2.452544116371577,2.233773404206831,3.876144786219815,1.8152248588952795,1.680889042230766,0.270536881679496,1.1309810102956421,0.035281629236893736,0.45114801619160194,0.5488519838083982
680,0.4431274016038365,True,0.8270660292613684,2.0642925560552317,2.1415628848361856,4.128295091924511,1.8850904213665616,1.7555310251060143,0.29709043465270984,1.0901199125817949,0.0006501503611177628,0.4707699045010482,0.5292300954989517
681,0.49959726111761127,True,0.9486253050282193,3.1176902841449676,2.1941185590808074,4.051384744748944,1.8645048270868607,1.7085683827157752,0.27484260078172834,1.1415248668799933,0.0567504999982002,0.46255575625593315,0.5374442437440669
682,0.4308451979070207,True,0.8157210580016624,1.8916304881203887,2.274612216729637,3.9450844475092333,1.7761940252165005,1.6140159422737166,0.2700478442282186,1.0652728522924015,0.023346668960571516,0.4735624821213656,0.5264375178786345
683,0.4538143552844399,True,1.121516499575782,2.9704502334041494,2.3142845631096813,3.8504440654121783,1.9202232674469657,1.782768335317784,0.31301836337552913,1.191061277857957,0.02274987241626795,0.46366281738799,0.5363371826120101
684,0.48033535071172273,True,1.206002850781441,1.9315991555887644,2.2849546340133453,4.153802335598925,1.8338509708593118,1.6842459521437847,0.27959757139925157,1.1057227387164474,0.056290957738603105,0.48868334111651157,0.5113166588834885
685,0.4024078021532498,True,0.9177275168435288,1.1209804443249693,2.325139842876967,3.799456149043472,1.9802556705057366,1.7537610909488002,0.2920576954073947,1.1535327901858936,0.044007729902925834,0.4693785117304381,0.5306214882695619
686,-0.055843850719426893,True,1.030444338028761,1.014525431565882,2.4029764577635113,4.052560848019393,1.8987792236813383,3.3845465379377484,0.2755972195963267,1.8150059815825554,0.02013313135422926,0.4518977250044918,0.548102274995508
687,0.409214868468928,True,0.7970038250160103,3.009648836765761,2.8594058496826427,4.28637036055156,1.9977263882147043,1.6264780912555912,0.2641097565870041,1.0596990294344812,0.06789823921742084,0.469581382336271,0.530418617663729
688,0.44100983815394806,True,0.8564769812301161,1.0310722836613393,2.1876185820727834,3.946401596708197,1.7200445865364469,1.712854552735951,0.3122522325788806,1.0989450825374931,0.0013325072168443581,0.47205754081396606,0.527942459186034
689,0.4821173102215431,True,0.901255179285944,25.793588700455945,2.3629695924867167,3.777565350668786,1.9309404534248562,1.7876682495010054,0.2669695819545931,1.2211391600709554,0.03775577141745705,0.49523026422742156,0.5047697357725784
690,0.46134821524871183,True,1.040470424065348,2.5999802081285477,2.2817716206385597,4.0200039027487495,1.7933616470957305,1.668986880440911,0.25633592524347937,1.0284947226172754,0.06422303025194713,0.4533698026715087,0.5466301973284914
691,0.4616309099526648,True,1.3463150389149243,3.13027722272576,2.401142204004626,4.592452326717021,1.8664960805939401,1.6143532646656562,0.33369425804991565,1.1328000869121004,0.03368772496755394,0.47131525669844526,0.5286847433015547
692,0.2208353842281203,True,0.7784916751271694,2.1493264665476173,1.6456403341078936,3.873296198509928,1.8956229254641557,1.7257677918978291,0.2883905961136813,1.0864578168211303,0.04736658683415495,0.46504581400056927,0.5349541859994308
693,0.41002104729180794,True,0.9706687468830216,1.0187327723233288,2.3274854317820877,4.196212774486456,1.9554010439540712,1.7935018498011968,0.25377449119630274,1.1703976395282027,0.016442190956201634,0.4713543963588693,0.5286456036411306
694,0.4679389641420403,True,0.7810491160462212,2.932126713413675,2.2273032613242467,4.1187150060186175,1.8243600541386633,1.6863694318167073,0.29520446045454424,1.049660844306134,0.05652088858536455,0.473254599634192,0.526745400365808
695,0.5232107504272097,True,1.0659530275438251,2.0690373835031095,2.3840382371787725,3.9869486587467096,1.8584300683561317,1.5786130858588503,0.26860495376314664,1.1360086715840476,0.03433035593290042,0.4965273846582311,0.5034726153417689
696,-0.48745418111248007,True,0.7614395579508618,2.9711623268542438,0.7217273631723125,3.774781051486114,2.0089848441720366,1.7682141662729713,0.25702853200111564,1.1027876388669402,0.07132451264340949,0.4924548773867612,0.5075451226132388
697,0.2409464999446352,False,0.8574684274164159,2.0524312057588627,2.43915722698083,3.9291527768753625,1.9247913305491617,1.631151586859807,0.5933803753874355,1.010980629030175,0.021059239193105102,0.45199728892574226,0.5480027110742577
698,0.4781539625090115,True,1.159250886316074,2.013237444628911,2.2920275978222535,4.268734515563045,1.8879583872829642,1.7260918873338678,0.27430765257845724,1.1909249474747163,0.0681518283307726,0.558875235675253,0.44112476432474695
699,0.48160233286325516,True,0.7430698615721252,3.4552975118403353,2.3362992398359848,4.0682446146745335,2.0579545430957067,1.816519463992045,0.25129380615734076,1.0599777588214638,0.01809863652459211,0.471425646704151,0.5285743532958489
700,0.3053185548732377,True,1.031852436474252,3.045010890059646,2.6760827013603574,3.8827708267448076,1.7538309756844965,1.6759492889652212,0.29420866380617944,0.9676175136658246,0.04246618745004875,0.653136949311036,0.34686305068896395
701,0.4663846433452148,True,0.894195858261253,1.063641844441535,2.4259756586586536,4.169107706067795,1.9660241822078657,1.5371611363446693,0.31252841279438554,1.0962177783670057,0.00027565863894311524,0.4725391388634244,0.5274608611365756
702,0.2229674296529337,True,2.975495417880338,3.706465112115869,2.2587087186261443,3.744301993082894,1.8362407883982002,2.7423286870890933,0.2494115785281789,1.1334480576781267,0.0005112603286074359,0.4397619937753846,0.5602380062246154
703,0.49573823347805696,True,0.7442900941217268,1.0202210432633145,2.4653038468827226,4.020191772442253,1.9344590559483616,1.7660375998942426,0.2672644706224555,1.0267535486714725,0.04612446752756955,0.47367989444192554,0.5263201055580746
704,0.45469663871847354,True,0.9849156774814393,2.1993742154294504,2.367169710381992,4.371557183473423,1.8863471838559482,1.651032042508893,0.3240673251267754,1.2308709175192807,0.0693626714174017,0.4723575146926357,0.5276424853073644
705,0.3497201361689659,True,0.8323531137506631,3.4268370040087794,2.5813172279106937,3.9485709980671904,1.8035978512322541,1.8210023632360497,0.2466940965712901,0.7022303914399816,0.0240984419953711,0.4485427897266165,0.5514572102733835
706,0.43482262261130483,True,1.21375392855408,2.01525635419975,2.40021406447647,3.8067301387098285,1.9883889269827215,1.7200474554868221,0.2814704382318685,1.1637121425994907,0.04636586508131786,0.47851961081464217,0.5214803891853579
707,0.488386781994614,True,2.4036203171658723,27.555801714169668,2.3253004430016158,4.119734614721805,1.9265462476550301,1.5901506068978661,0.2471627938577579,1.0757187502812724,0.07458718621729159,0.47871798248211955,0.5212820175178804
708,0.06407870038960185,True,0.7271712273016266,2.8144026201463372,1.1101117872291295,4.2686082604867845,1.8612197469284173,1.6733710247364229,0.30216450115562915,1.112568049988736,0.020641436663802585,0.4473902762713272,0.5526097237286728
709,0.48275991999669887,True,0.684549270233217,1.8439509699387204,2.45761234358942,3.865649676399429,2.016207400010476,1.7526137575563825,0.2741256326387087,1.0509058391297872,0.05972508369295082,0.4785525673886642,0.5214474326113357
710,0.4040182105089101,True,0.9721250322246028,1.0123532128557393,2.7328417880503437,3.745823366185098,1.894363265080681,1.8265124803156878,0.25470552204195207,0.9974868807668137,0.03844759307374441,0.45541468093981907,0.544585319060181
711,0.36158461660613844,True,0.898953620376255,3.6080392537177914,2.506668705890036,4.057920007636815,1.9468968158997242,1.6129784814938537,0.24140748895746036,1.188182958444783,0.018888712978453195,0.4981846361645658,0.5018153638354341
712,0.5745355052178315,True,0.7047743358236483,22.92292605617539,2.6023140939831735,4.010777556943592,1.8115163922855997,1.6988419492799534,0.2507641794601339,1.0825403338306259,0.0798431241664496,0.45895303530615156,0.5410469646938485
713,0.18954898711685514,True,0.7906591421264394,21.289011728220846,2.6961210339303348,4.175099490665257,2.4841351355183994,1.8662407000224164,0.28104814390110944,1.0270628324117967,0.056992909233937905,0.45653987145711966,0.5434601285428803
714,0.15881688636166608,True,0.6600673848707366,3.7534515151117436,2.638982344374608,4.002426437238788,1.8565911712570187,2.354266468033045,0.26595989426898026,1.0827053798428319,0.020363869584169858,0.467898572385758,0.5321014276142418
715,-1.903471918971527,False,0.8039192110363338,22.413362713796666,2.6225623834381784,4.096278373000669,1.775336955648809,1.7505447971214323,0.2568833689179052,0.9573490830908199,0.049420764869970914,0.4823188762821588,0.4931699904534897
716,0.3896000274295536,True,0.7057485651081936,2.7202635760821914,2.6498210711540406,3.9900693307250203,1.8386252039594098,1.7978256111515694,0.2909828940253671,1.037293704922511,0.03557262932708073,0.4506286387685793,0.5493713612314206
717,0.45394119811062333,True,0.8646058295230393,4.418012556164256,2.5647566782678606,4.20982039849981,1.7460352103694872,1.5515747986748747,0.3115078989763843,1.0750730926731251,0.0017625649873876728,0.4652662166509094,0.5279671781897493
718,0.39522983182249544,True,0.700856309034714,1.970730656049763,2.600435081814437,3.9260242910041656,1.467816307872399,1.708380426435139,0.35469951168274644,0.9907955983286983,0.08468905328589098,0.4554607593376265,0.5445392406623735
719,0.30179326376578,True,0.9142212566807206,19.64724082859128,2.1038736891406,4.081094345023075,1.7913651355667706,1.8915713685843047,0.2725404486278409,1.0963315329287773,0.06776464324095323,0.46874189173716907,0.531258108262831
720,0.31624971477146974,True,0.809598326135674,3.198466739361085,2.268144136331781,4.40908841835065,2.4224314912435716,1.6443570702646828,0.24606978560919346,1.0556601246009454,0.03341122846739292,0.24600012334519722,0.558873505988071
721,0.4428640807437385,True,1.1035428414902342,20.708506610254783,2.5980014008811625,3.8787968327814735,1.8094316587671917,1.7967422206287857,0.30042438980435593,1.1277720943872722,0.05709543433512752,0.44141056982474286,0.5585894301752571
722,0.33725358139300765,True,0.6691161542447853,25.634780328139158,2.673558459678992,4.252898214216353,1.8097243612285288,1.7271533412902507,0.26470378611624223,1.017219089598786,0.000440092426505171,0.4552456912169843,0.5447543087830157
723,0.17477664141323135,True,3.1184656964452153,20.345114298539606,2.7713566995225665,4.11685628193736,2.5198786450931925,1.5958121406038077,0.24905964196534874,1.114703422402165,0.032789797102377116,0.507488028944226,0.3611934785050357
724,0.5211472350406864,True,0.9613277560862366,1.009358885983225,2.3190446475712023,3.9940928099203115,1.732360474533702,1.6632167473381758,0.27648567519845807,1.0657262373813945,0.08083186003885504,0.4674711387924832,0.532528861207517
725,0.4675951348851984,True,0.6588131598749085,4.2172856731483215,2.162347112887889,4.176438963310323,1.8661952942009923,1.7579609333102968,0.2438770620991605,1.1088579845239088,0.022983033449855472,0.4526107946762708,0.5473892053237294
726,0.5063569560747496,True,0.7490201366132843,22.02497345733583,2.218354727226912,3.966538578358756,1.9695520790720782,1.838495269555291,0.32695908647207433,1.0384548313504476,0.04791174565139546,0.46962141451635764,0.5303785854836424
727,0.5392307197524997,True,1.4559084880199877,28.485078643890393,2.3746824415309304,3.842777136552617,1.8977783353416684,1.7070720347425832,0.29655202312897444,0.9911248413874928,2.499083885647421e-05,0.4949656936535314,0.45007240675299764
728,0.3308479980249742,True,1.1680698791224726,1.8531513957842893,2.5772420930784126,4.080929991071343,1.7110441815088189,1.5313119327398328,0.24112532956043445,1.0693802774507624,0.06745884715054855,0.4566624368664293,0.5433375631335706
729,0.3980273189397607,True,0.863925323274858,2.7581069074528113,2.345384466347798,3.932876572834207,1.845416775988312,1.9235743782441639,0.26277726398477486,1.1441836014569937,0.04060520997844506,0.5534077015950309,0.446592298404969
730,0.2919144128215982,True,0.669196874381703,23.78578736493404,2.4117336570325767,4.290944465073939,1.9388545313506844,1.6346858090450322,0.6065771724529637,2.0821554382377183,0.08334599637296818,0.4684634759544055,0.42642002417512886
731,0.5045507173912516,True,3.289299633084819,3.789467119019589,2.2742224048136745,4.038051486965916,2.0452491086480107,1.7804361582109043,0.28730084888118723,1.0845035100547793,0.02053173931408777,0.47867897280237703,0.521321027197623
732,0.38081379693090334,True,1.0296779661785882,23.218346977303895,2.5025032671109324,3.79669730149907,1.7802622349675146,1.6923667758565315,0.2407742109442835,0.9371840965524647,0.051512736966621286,0.484448420719607,0.5155515792803931
733,0.0063144369204613405,True,0.7842265317230479,2.067638332864895,2.6334010999463406,4.147302837893457,2.5903385956859095,1.5849673559227522,0.5642733068728516,1.1270090658314613,0.02391161021937696,0.507250316709151,0.49274968329084906
734,-1.444200405582854,False,0.6357766396059863,22.552203660299448,2.3816846036276225,3.9314753257828823,1.9069652826103887,1.8352544151092487,0.25866871498335414,1.0240569659662568,0.06307182603726692,0.5346290864275028,0.46537091357249705
735,0.3429041011888269,True,0.9327508589023383,3.0191239366827554,2.7027105687928934,4.035781117195728,1.9977573571408047,1.7345505549151834,0.23239424081961788,1.1612922797840506,0.035987311470188146,0.23185102365681792,0.5900817450420138
736,0.4825889787496564,True,0.6283842610374992,24.933756413661936,2.5539989531367255,3.8519910696618096,1.8263830650440152,1.6427358550441733,0.4170233439707657,1.0947443371959238,0.00024026904364287532,0.5019796382118568,0.49802036178814335
737,0.3665152771313426,True,2.3114412176441825,4.461883324461412,2.306063616710882,4.22293139817911,1.624989774572722,1.7815363943053404,0.27820670230137035,1.2017634965893103,0.07220625210178087,0.5744782835417174,0.42552171645828263
738,0.31300292087254095,True,1.2700263184375644,26.826560298950284,2.431646838663151,4.091373102365274,1.1265778260802728,1.906357178197758,0.23539616539421784,1.02884922394495,0.016957874313874084,0.4490081046007952,0.5509918953992047
739,0.553814494925162,True,0.7603204656505385,2.6838669036984544,2.34477770930144,3.7162539486557766,1.9619639740901351,1.6895617533652365,0.25682085754433115,1.0602271409244508,0.04019758389207155,0.45808987042232485,0.5419101295776751
740,0.31854215866494284,True,0.8237145241460718,4.397082439759197,2.303398830117157,3.7542417820098155,2.1090031996140017,1.5882352097788695,0.30159313021729084,0.9831134924603371,0.038643440409600896,0.47239098752570313,0.5276090124742967
741,0.13761274265602344,True,0.7798162817344828,3.5479314459876767,2.2207459310394495,3.715503689786947,0.9709241984630828,1.649019520204531,0.27524335686778084,0.9649878618370101,0.03573723085632953,0.45831328560883805,0.5416867143911619
742,0.4892098679813371,True,0.8751509874285838,3.1462457227695007,2.33369381839691,3.7458090763867813,2.0597986206080607,1.733927531401206,0.2604351033838592,1.0547640690074689,0.02149923974081856,0.4568170603198349,0.5431829396801653
743,0.4610540882788681,True,1.1145830469039324,4.467672065883651,2.2365653805122774,3.698214061296761,2.018207920247928,1.808211938860973,0.2868872313355645,1.0092000111916206,0.055299660992868316,0.47583935324829296,0.524160646751707
744,0.5680393768596844,True,0.9950708385246894,2.140878736626504,2.3563103786094732,3.8341606376850046,1.967642933258205,1.685263353217203,0.2547725867231754,1.054243551308307,0.0004685038802397898,0.44429596255163795,0.5557040374483619
745,0.5146492275779285,True,0.9972445735156732,2.2940846458779953,2.268101863128106,3.825820649865538,2.0613915624864396,1.5755601634924217,0.2644336659473485,1.0785182434771088,0.019325051272774344,0.44728975758421746,0.5527102424157825
746,0.5444888975256504,True,1.0646403446093817,2.1017813755827426,2.340120102321587,3.792989269843029,1.9704120303834562,1.6532115873793658,0.25766590604790923,1.0561377222168995,0.04439269253160021,0.4463740721586806,0.5536259278413195
747,0.3738563305501583,True,0.9405148252768128,2.9368782686035533,2.2920663552198857,3.708166576290007,2.003251511334338,2.098381001854282,0.3143093945937683,1.0894160997540354,0.05524430956008855,0.45417556525184233,0.5458244347481577
748,0.3982091974858432,True,1.0396327120720046,1.9444978060650735,2.3569769509699325,3.8573586670497484,2.0919409022111433,1.5309966672790039,0.29426437842400177,1.0113586729887234,0.015762525401038455,0.44728331911222174,0.5527166808877783
749,0.38782369441049147,True,1.1129312946723589,2.6476368941980755,2.3715128696126944,2.3886685489626585,1.9638266568038374,1.6798209826840953,0.2801811574942102,1.1207073652096347,0.03894199543984117,0.45379174872928335,0.5462082512707167
750,0.4387957109120681,True,0.9105006299689017,1.0708683908941796,2.255345167393421,3.7168355810809945,2.00890335354034,1.6078564268338902,0.25269115684997673,1.057133090879738,0.07904539341103059,0.4897085583199629,0.4654728924376493
751,0.5533779929196223,True,1.182234473287377,3.4495304586232667,2.313074533943867,3.9030368415705188,1.951395890391503,1.691581113483911,0.27445123565931906,1.1049154019625231,0.033448428667223896,0.45189291390398123,0.5459602537345968
752,0.4214835124094051,True,1.2124116877160698,3.878988426199996,2.32619435034113,3.8770466597696065,1.9737148608378456,2.0034719760964053,0.33647048363598986,1.1082502972694979,0.0312136032868441,0.4504655892523135,0.5495344107476865
753,0.46737225072359007,True,0.8469612490828528,3.6234272428864136,2.396009052120723,3.8268414155500743,1.9500332227714483,1.8555519995415255,0.2685718398741946,0.9855732137767739,0.0013480883920918081,0.4713432170294611,0.5005911498045286
754,0.5570648602475892,True,1.1495413821812743,2.8056037092200343,2.368072296258284,3.788246740984593,1.9256002124798886,1.696636812996257,0.5809526196477881,1.0317640154722136,0.05399145574480804,0.47272791581273427,0.5272720841872658
755,0.06470950547373994,False,1.2908821833485864,2.893351257104908,2.3819333284796587,3.695096124926123,2.032569827830113,1.7720812824676118,0.6284305092825022,0.8889211542737454,0.06088570505993354,0.471253369600713,0.5287466303992869
756,0.4420525891671883,True,1.1535028238274303,3.433408332409937,2.3086253811424986,3.810314735539104,1.922952245474863,1.7172244473470495,0.5978559175391529,0.9643759168804817,0.053940880468173066,0.46474785549723246,0.5352521445027677
757,0.38737394325088403,True,1.2348657311515896,2.0079335647376677,2.398560566434634,3.9181877166374472,1.968673074615782,1.809420668780243,0.5801229539119087,0.939758852991738,0.03776901888970335,0.45947046902436967,0.5317670411226618
758,0.5186241462350868,True,1.3606017646091473,2.5879641303445666,2.3591208979282006,3.7759623059876017,1.9087368920344594,1.7021891140261147,0.5517849687703538,1.0128644755558303,0.07646582004464872,0.4783028874263271,0.5129945746887413
759,0.37206602572988806,True,1.0516389880507124,2.6128136729219262,2.3144278070767363,3.922615725500138,2.004919641390247,1.8856966927538084,0.5418086317579255,1.0198995160280158,0.027487653825567896,0.48326748580770457,0.5138377112190331
760,0.5359098425403542,True,1.3024970953245596,4.0554248156806745,2.4071095953076718,3.7009089078889366,1.937067293622969,1.6245670864424353,0.28572186472145544,1.038579532621251,0.05824954912443005,0.4650778529517836,0.5349221470482165
761,0.43153979492609873,True,1.2128199970657767,1.9219133393565266,2.3578611609663396,3.843384107652666,1.8777952155585755,1.7731298261772939,0.6057464460931642,0.9810912245976054,0.01922718180937138,0.4817877461646994,0.5182122538353008
762,0.4853545634504558,True,1.1373346622635496,3.4630071481109166,2.2865909908085134,3.672592982908649,1.9597726263199318,1.5332000989380843,0.5873129698147737,1.062321006733115,0.085738599405207,0.4751641154827216,0.5248358845172785
763,0.5338154244960225,True,1.094482358440372,4.266953530308386,2.416025497409856,3.9454088962434852,2.050655708505233,1.685701086306968,0.5913199002035178,1.0308658895212077,0.0471968712836416,0.47290052785526676,0.5270994721447333
764,0.4005098081035774,True,1.0143792813457593,1.0717842412717613,2.3389931140125833,3.788435143946377,1.8721946708123975,1.8380551352128627,0.6174425958732082,0.9222164603220744,8.990991743366289e-05,0.4640580998986272,0.5359419001013728
765,0.5116064099655018,True,1.4331092979521554,3.016149286930122,2.1908927944579872,3.8874675852933955,1.9077224210522263,1.7450094399241691,0.3070531807981838,1.0641300781161167,0.03720116377826651,0.45414658154826354,0.48643065345709896
766,0.40112461875211186,True,1.159075811732791,1.8051892219829329,2.408978065158597,3.7544206311205657,1.9971190876040836,1.6271965079757231,0.26975636170886413,1.0000384372576632,0.06912972122432215,0.4627624775726997,0.5372375224273003
767,0.4346542466233126,True,1.002521649708254,4.8971532312881845,2.268515969688829,3.6545669192412356,1.9437297142397862,1.9667597740775917,0.5851838105007926,1.0916855310722149,0.020138878625843105,0.4897992172835415,0.5102007827164585
768,0.531422897875337,True,1.1021459148399497,2.740778096339902,2.4403027082618185,3.9102137279397713,1.8471858750711072,1.694482015965792,0.27485212065319214,1.0682211402913082,0.052677201967003706,0.46665585746784344,0.5333441425321566
769,0.5209515849110261,True,1.0246039769585154,3.5911934257285405,2.3559721561238716,3.970412973423054,2.104519699177339,1.783342795092561,0.24806455773004332,1.0335170188969003,0.09143413401134559,0.44715837498002525,0.5528416250199748
770,0.4609695414281462,True,0.9506322475221431,1.8320644827119463,2.4401291436307626,3.8235804256080757,1.902867180238332,1.57376689142386,0.30295264779186026,1.1216002990767897,0.017444179494320814,0.46408401366784324,0.5359159863321568
771,0.43519095314086303,True,1.318607361298289,4.097166467519524,2.319935293791201,3.636783214562383,1.977604041594514,1.889351286590701,0.5822239608875728,1.0883419103153038,0.047167722136261185,0.4663595476928824,0.5336404523071175
772,0.4101622183626911,True,1.2226188855731763,1.9989071162864378,2.375218186007688,3.984363493347921,1.821880032199034,1.7444973196688303,0.5624555647374323,0.9596008024514672,0.0694820807498128,0.4949285185322587,0.5050714814677414
773,0.383403206824104,False,0.9418282518296968,1.077933634632239,2.2522283113280954,3.794696527959837,1.882867152474524,1.651527915852127,0.2880828156319832,1.1545741653553045,0.036482659909106915,0.4586304805881685,0.5413695194118315
774,0.5132609283430946,True,1.1322725805149314,3.000702188623699,2.3067483471365064,3.66590741682312,2.016608964920625,1.8394789792475608,0.2552186150632883,1.006474358950912,0.02486172956953925,0.4626281680339926,0.5373718319660075
775,0.504842136746001,True,0.909998848165389,4.7538642703277265,2.4716399481738978,3.877046317232152,1.9350301363595417,1.7031428666956507,0.5635884730167356,1.0535085237233983,0.0653855461310175,0.44391014018340824,0.5560898598165918
776,0.4841684227651079,True,1.0135679956640689,2.4352070729977093,2.3987313146435953,3.980477068506002,1.8666515184945418,1.616683367517584,0.32191526692444167,1.1196559475869075,0.08808282409387456,0.46869429468022944,0.5313057053197705
777,0.5714807828298792,True,1.1799559192798048,1.035240030513807,2.3443810234644964,3.7564605462237837,1.937436317887978,1.8038266780026952,0.24496446107997968,1.07804901354304,0.0008858467021665482,0.43684522786386043,0.5631547721361395
778,0.4248198793597904,True,1.1987708532679828,1.8299746353699513,2.2198099395791377,3.7184385093152006,1.969516633292341,1.910742359553526,0.27614909849689007,1.0398519263245845,0.012695978190768058,0.4413225457034106,0.5586774542965894
779,0.42571727125047126,True,1.2017370759146186,1.2060336510874015,2.289057504905597,3.7766059484670422,2.0441503481223724,1.836255329303803,0.2576250734854686,0.9925537747436303,0.0020535978514984172,0.4386049405167223,0.5613950594832778
780,0.47817493440040204,True,1.3782994967700675,2.0124249756303767,2.3298082789422656,3.8386766602973794,1.9271694447313565,1.943857038386853,0.2928530988149541,1.0799868532595567,0.00108378468343652,0.460559900802588,0.5394400991974121
781,0.550871593727165,True,1.3358418298086896,3.2790647535409483,2.3681122908181127,3.734592130377437,1.9889487316980599,1.7819791810708456,0.24519156684067595,1.0737033841744323,0.01895854991897531,0.44741244952724396,0.552587550472756
782,0.5579597784583364,True,1.2963441781643121,2.6807039417221272,2.4300182613965875,3.9229257826365247,1.9151828398180422,1.8715712635187627,0.26427099612068106,1.0188280848486613,0.033294326229061776,0.45199667413549716,0.548003325864503
783,0.38654414647094126,True,1.12542668631058,1.076196329352229,2.4835487954860063,4.000758863597662,1.8490382499838591,1.9874221833583228,0.2427518178363088,0.9850077677777862,0.019274618887895698,0.44837810381671844,0.5516218961832816
784,0.3936005905324688,True,1.3040030280675436,2.087679893571032,2.434968152422281,3.631023333996936,1.7817819813641962,2.0515952346803816,0.25231059801363176,0.9498705404172539,0.04058283544693543,0.4587581587904664,0.5412418412095337
785,0.32156915026373484,True,1.0293842096312786,2.752399570378952,2.483574460239138,3.8722325317951958,1.9142166641563965,1.9063436959364408,0.5697220103551406,0.9450363845458476,0.050157587406008834,0.45048541954341753,0.5495145804565825
786,0.5225473201555934,True,1.2722680984931565,1.0529530342379299,2.4382234777428833,3.744395029687758,1.8817975045419608,1.8760384976128381,0.27001451802523957,1.009652973178262,0.021291705537176686,0.44975539835182027,0.5502446016481797
787,0.3570066981720364,True,0.9265810980584489,1.8704759682818304,2.5144074478792615,3.984307298092737,1.8181988632539303,1.924734276201427,0.24117298809014465,0.918782369754032,0.03776483559974544,0.5243315572778448,0.28352188808879186
788,0.6014123482582252,True,1.0884646918897576,1.0503484012046131,2.4193366575185267,3.8127700815257475,1.9081107695404724,1.8612222632776727,0.2632501033395456,1.0426415892737841,0.058577638579769956,0.4532581501708247,0.5467418498291752
789,0.3416981185609376,True,1.5581807020864944,1.7594240604017988,2.4756137720088693,3.889905925835676,1.8450059198605269,1.9676173442104823,0.2861299148508152,0.9756639913134403,0.07412696801173471,0.45100644734726353,0.5489935526527365
790,0.5167809663374093,True,1.0733063142241632,1.0769259637695532,2.441612371917817,4.030603381764957,1.894139159713816,1.8842292139873753,0.26316184345781524,1.018606185551365,0.2573622207026337,0.4567924429601771,0.5432075570398229
791,0.4106970459767166,True,1.1038226532001922,1.952730116916456,2.5174729834658383,3.8385334627877157,1.7543395822043926,1.9581163358683187,0.31398031818291416,1.0266503897414714,0.06335830881230184,0.4531505463208992,0.5468494536791009
792,0.24918385375445465,True,1.2659762041315041,1.1325663093246965,2.4299113799208225,3.941851662327663,1.8162607324775273,1.8542807875026655,0.2359062036723637,0.8828388072695765,8.031388934448547e-05,0.4591753234103932,0.5408246765896068
793,0.3555072273490364,False,1.423039762505633,1.0973784218817046,2.5500778410990748,4.076389705658321,1.9057739646587821,2.011669126598108,0.29095528053935343,0.995958789018907,0.0849292491150927,0.46172351994863225,0.5382764800513679
794,0.45995743658641103,True,1.1404082816842829,1.027341834808117,2.6166837022315037,3.817180075247165,1.8513233218285623,1.8447996510727498,0.26692676784823566,1.0343392463292396,0.05986632858103116,0.4432551842695293,0.5567448157304707
795,0.46500558650649504,True,1.0454517379305015,24.468571680354845,2.4094765741608355,3.9159648986281756,1.9140015481966528,1.8777205541217523,0.23786256413360218,0.9675890416498862,0.10123818948346697,0.450412268000449,0.5495877319995509
796,0.540506437307923,True,1.1836772287939032,2.569754020025492,2.4885582071068932,4.0091818637600785,1.8686021944964617,1.933956535651045,0.2988984794209826,1.0516920989850984,0.0157497339309801,0.4536782302507388,0.5463217697492612
797,-0.2104508246373032,True,0.9957246448450794,3.6912294991072,1.254274200801966,4.148232980232569,1.779099390943453,1.8157042794019689,0.2571500244651531,1.017566327127411,0.04965675406996416,0.47326052901408466,0.5267394709859154
798,0.44394243244135373,True,1.0803091861049887,2.5845410020729482,2.681113803988035,3.7462178172636658,1.9273473300840738,1.8117712151454377,0.27864537792733246,1.0674488886368214,0.0008314976912306361,0.43648169441700085,0.5635183055829992
799,0.10952958551920762,True,0.979898364881385,2.138525077521698,1.7001163390371656,3.631800230740737,1.6895787770945432,1.9045628411118074,0.23712076043909525,1.1048904794372827,0.03363976311280949,0.5429791330248026,0.45702086697519734
800,0.5705223119557584,True,1.1875954731282072,1.0321061421420556,2.400932046536846,3.8372262042362997,1.876633018113337,1.8327718584859813,0.26601783974545284,1.0275098250814267,0.07349524009553393,0.45671285653833477,0.5432871434616654
801,0.36644533131739054,True,1.281136113515168,1.8361062225324716,2.3899447301773016,3.9928134967766735,1.8090072861149735,2.0026467088102957,0.32465415516959534,0.9368876808932619,0.02258221750011772,0.45697808580517846,0.5430219141948215
802,0.4654050256232823,True,1.4772128894109373,2.0626137057189045,2.4107592061132066,3.828852057592042,1.8804384590456054,1.8824683698041638,0.28420105612909463,0.9790441656005798,0.058088037560391,0.45566938766244164,0.5443306123375584
803,0.3274613840377635,True,1.1881358237273496,1.1284652453517119,2.4509556290416445,3.92064510301599,1.8517386742894621,1.8288553273816308,0.5024936409201796,0.9663417308170075,0.03643971038901892,0.4565759903426948,0.5434240096573052
804,0.3937330586117988,True,1.2779262905842537,29.167990209824186,2.383655145845793,4.071380760755589,1.944866974949464,1.9253775354697784,0.27452492616557267,0.9092139678233286,0.09295534844434795,0.4605132082005954,0.5394867917994046
805,0.33389881419273615,True,1.1517378959785682,2.5984923256712924,2.3823610145409644,4.197415152344869,2.2164320228424588,1.852324205326057,0.30151853607428847,1.0039880172628861,0.0648144607280058,0.4448384380695888,0.5551615619304112
806,0.5677909209679421,True,1.1129880591023955,33.8525557024386,2.4299853698686653,3.9071420017614824,1.9861015159117814,1.8349214810730752,0.2618479245450162,1.0254627625894042,0.018815975256102378,0.4931968228871156,0.40637398506104583
807,0.4061015109604883,True,1.3194656658028638,22.93996488723328,2.418229171061243,3.831273197552826,2.0444499009419452,1.8974107092838,0.2574605086803219,0.9691966665536642,0.016937302596072425,0.4735688835353667,0.43314071246544295
808,0.34744994851898964,True,1.22154569160428,38.439772470621065,2.360334903225405,3.910853064570524,1.987579964527213,1.9675863571586913,0.6365334129623874,1.0046821323858044,0.01753412547723952,0.49216163154315085,0.3205404474702873
809,0.3286023465497894,True,1.3864394387096013,24.047717144684082,2.391401850341683,3.7879583394230245,2.0961068845785378,2.030954139891191,0.5405866144481349,0.964447471154101,0.046171686288068746,0.687674492627002,0.2652615646252875
810,0.3183626274152564,True,1.1676129806986772,44.49699715833269,2.467564689289581,3.926382923640973,2.0045841922035206,1.9310311419476018,0.35047224650307657,0.9188674618275404,0.016426767551583996,0.4340348281729062,0.5659651718270938
811,0.10747406049878,True,1.1209257389185963,33.97760193629459,2.350981807461913,3.7838604494531465,1.9713926344254302,1.8381834010862077,0.6094843924404054,0.8431327889928856,0.0723955682329178,0.4499930137985539,0.5500069862014461
812,0.15471038891538963,False,1.0692857968355343,1.0509580158761165,2.9624555814684848,3.989937520233262,1.373869013746099,0.7987969469552143,0.2538678992426375,1.031663684325413,0.001309512622905809,0.4331324757695574,0.5668675242304427
813,0.1729447139296649,True,1.0985494014366983,33.23438646308702,2.430828526236427,3.8490587625024313,2.0029831309848545,1.858282008677767,0.29926582195925355,1.899807815775998,0.049628529376887554,0.45927071225791405,0.5407292877420858
814,-0.0072653359875353716,True,1.2645751773841802,40.29909617912334,2.334765699311512,3.722233812661049,0.8743599402198372,1.808437877454707,0.2778640944968696,1.0019988695968824,0.04083618122089443,0.44024303033171136,0.5597569696682887
815,0.4998768979652595,True,1.336877104298093,1.0023778904207128,2.4123733317533014,3.9419185235549463,2.0273379839180197,1.9615351734383857,0.22921938873644843,1.0509476564715412,0.08597766934180559,0.49205889403280473,0.47808422836336883
816,0.174317849349116,True,1.1944125033838742,5.515564655622081,2.4682129673668616,2.004022775565735,1.9425893843470787,1.8116173446985853,0.2519366395093483,1.0137060619716867,0.028260607825124844,0.5295547364626794,0.47044526353732075
817,0.3174728011134889,True,0.9919948661341218,27.30180585806056,2.3809505655283663,3.8542571846242017,1.0351133366312075,1.8057435733983587,0.2665377477512014,0.9332475745054178,0.06002155860573856,0.4489999775712239,0.551000022428776
818,0.45654524276289954,True,1.1195946861002568,4.030745641806716,2.51049874028884,4.0209154023472,2.0584757454196168,1.8876086216652292,0.31450341442560176,1.0423492075105762,0.016850026318164863,0.4591687314868681,0.5408312685131319
819,0.16023010488291095,True,1.0639304846338666,2.924696310555823,1.8097555261271072,3.621827877070919,2.152307142969279,1.8755196087600334,0.5750595705528653,0.9860339363815401,0.037947851799164434,0.449664730711651,0.550335269288349
820,0.40137517038002096,True,1.4117399444211145,5.008422502716005,2.319231610458205,3.735966778792677,1.936105405262743,1.7755580884572415,0.2346602100520682,0.5974142604260602,0.09804916322470184,0.4579012235671931,0.542098776432807
821,0.48754889975653337,True,1.2267823408497682,30.650277978423695,2.438127598236146,3.8979720581730497,1.820166532194198,1.9332753969886485,0.28777101831507385,1.0384322546323146,0.06503441127641621,0.47325283403780477,0.5267471659621953
822,0.5283520564799923,True,0.9875469027608673,31.758003890100266,2.3709879260993945,4.032971470921766,1.7422688843652532,1.8016892340603459,0.2420092326538521,1.0452451766916595,0.000306284882026199,0.4302468257955908,0.5697531742044091
823,0.2399580152791102,True,0.9125325890997464,42.79005238049497,2.2831420843011414,3.8047729512422794,1.2297264018532563,1.845089835338021,0.26501364869527866,0.9552614046011901,1.1404937637889221e-05,0.4952064973985461,0.34078360802425967
824,0.47289095537330555,True,1.0701669974462094,2.3604172648706827,2.4693472462673474,3.6794426548414174,1.9727630653482955,1.7676949533173034,0.23034188054570068,1.0103639027244191,0.034632116306208896,0.4487530335743462,0.5512469664256537
825,0.5858055326998343,True,1.2481338095082897,25.636620922086085,2.408402660101983,3.944847858930636,1.8706819754780173,1.871441858872908,0.4677063214674455,1.0692407847737897,0.0802708552132514,0.4629066432757966,0.5370933567242034
826,0.422445064473094,True,1.5034088573592195,29.27280553653774,2.4958172550203286,3.947127887158374,1.8528913296374938,2.0646325368529586,0.32226150629950645,1.0549763113204433,0.074517730194439,0.48018029203928464,0.5198197079607155
827,0.31337935023361607,True,1.3689370769388012,3.7350965461102295,2.807414998187004,4.086757130099946,1.7921042437999475,2.0016977380785814,0.42252523673810194,1.0726490008803582,0.07534077925406309,0.46204883799751145,0.5379511620024886
828,0.4767979451634774,True,1.2262054029674176,27.87199326091199,2.422416543930795,3.8622945545718355,1.8883934133969158,1.879682190807328,0.3054352233986112,0.9919475585658357,0.1038632491221689,0.4668122961101575,0.5331877038898424
829,0.402873481235036,True,1.1556278058607496,31.510801233579294,2.5277714913956246,3.9848505995529777,1.8419728697145588,1.941710723024515,0.3617469363711341,1.0227682237670785,0.0928157801244412,0.45958418373702686,0.5404158162629732
830,0.16038538248558304,True,1.2816275331972882,26.816455714822467,2.34721242647586,3.877464416079003,1.9209890100611524,1.9198555739079615,0.386423030348338,0.866124764174843,0.0516642380589228,0.500668729024682,0.3935077492086508
831,0.17367926332980066,True,1.4297312495102878,2.1030686037994117,1.5980426379792647,4.126313735938032,1.8769780845012,1.7705469501908842,0.3984782262869634,1.063895030659676,0.09818733694419987,0.44303867850403766,0.5569613214959622
832,-2.6256494863200084,False,1.1828016329522955,28.329996709170615,2.429019346325629,2.29194985099161,1.8031464114497893,1.8941864507963533,0.5993319559488053,0.9631520467313428,0.05447229728957713,0.46508285455045895,0.534917145449541
833,0.2687937588220296,True,1.2428003219157144,36.764668741474246,2.479575059501564,3.7733672892797654,2.2990019230994028,1.8401211954989634,0.5547051007651516,1.078514956566142,0.08160625758801868,0.4883897186204516,0.5116102813795483
834,0.4448956833002782,True,1.3530157354606613,41.30308147002827,2.3036879703202926,4.035086242323337,1.9458172681084291,1.9716204021695105,0.43802479214424256,1.0235516572324812,0.025852448025017974,0.4570402827706963,0.5429597172293036
835,0.6323664547774586,True,1.0740731183279932,35.538471082792014,2.3826219028995457,3.934246491487333,1.9069974950719555,1.7650334363939744,0.28279495631042617,1.0798757652840083,0.06009649262995818,0.45755780615799624,0.5424421938420037
836,0.6422005474706174,True,1.1049647409467256,35.372232271213434,2.3935741075181673,3.968942109780355,1.8934760082248872,1.7806699875657805,0.33216657263791854,1.0741330024527989,0.06860080298091853,0.44602191261979734,0.5539780873802027
837,0.40760133582532176,True,0.9872057729321738,36.64515159783899,2.467250725726346,4.1858058628934005,1.847952301651628,1.847282300054802,0.47104699006246326,1.0837993531285999,0.10207606881297249,0.4460605729214077,0.5539394270785923
838,0.19479951929500036,True,1.047464084587558,32.6412712470527,2.53062644215489,4.036733599475528,1.7664765658075088,1.8876215192919896,0.34239905641998575,1.7695080429521495,0.08135337419984208,0.45520347355937735,0.5447965264406226
839,0.5604466625847596,True,2.864785306141762,33.54239613053532,2.4272429046386614,3.9978621479745575,1.909998797878725,1.7957401501346117,0.3281607694408965,1.0727837354303575,0.11217250270330203,0.4570665374788727,0.5429334625211274
840,0.5908456506299615,True,2.8463083602061667,1.8032086999318724,2.408474243399068,3.962722362604061,1.8809328109926138,1.7589717896279398,0.37715913879157925,1.060014605014252,0.11668658631498573,0.45203765053629874,0.5479623494637011
841,0.5184710971030985,True,2.9086766121480356,35.314941184155764,2.397601929378748,3.966897129007836,1.8084628773826292,1.7560520372415747,0.36604353319057464,1.0815488863761387,0.12308734699315427,0.45646447801935763,0.5435355219806424
842,-0.20557296762874194,True,3.0967518492138906,35.38111973024218,0.9322481997697758,4.058381046564396,1.8652737752532422,2.138214112890198,0.3611248886347418,1.0777352587598827,0.11714268220355752,0.4532478838252736,0.5467521161747263
843,0.5433110102933167,True,3.207885763048054,34.483412822799956,2.3555462484312644,4.117808776592734,1.8980187489324452,1.7531155643626135,0.38164581281493004,1.0485987942760924,0.09062310260575157,0.5565162781279461,0.44348372187205387
844,0.48959527727295393,True,3.0088504849777804,34.94406581638765,2.412086459482506,3.9258635541797995,1.8305945218249946,1.7782618248135365,0.34142913600689534,1.1023831574268301,0.09953567297452784,0.45107188839332174,0.5489281116066783
845,0.5714653434868301,True,2.8527006673679165,34.18703997935685,2.3306284845921947,3.96699528705103,1.8704176040137133,1.7564556979421324,0.33440308747566866,1.0585494976919723,0.12343174735486744,0.4513146834888212,0.5486853165111789
846,0.4480122833103051,True,2.9862044190117234,36.882571247584984,2.248686719408416,3.8946559276903545,1.7558181392101184,1.7401805380706181,0.3743464636520449,1.044068021355875,0.13365486322941145,0.45564644647290925,0.5443535535270908
847,0.3539200206069559,True,2.780551849809514,34.67890301399576,2.2821070048104843,4.260340826993223,1.8052707837061324,1.7288384519853468,0.3474865764650079,0.9976582217809287,0.10996274271176124,0.5026515105532597,0.40301784870461044
848,0.45337731163424627,True,1.0915633078133558,33.22387214372689,2.320103293046456,4.138421468989115,1.7147235138199761,1.7944611763317786,0.3661016159785266,1.0961899983719385,0.11701744928884722,0.45093492461964896,0.549065075380351
849,0.4951112112256637,True,2.7475109194278517,36.45004854843458,2.167695093830196,3.9552612235301114,1.858359857701942,1.7405232510298672,0.3311762891289412,1.0585755867048736,0.10863011178523971,0.5534116003631357,0.44658839963686425
850,0.4497195603607506,True,2.5375725184557627,37.555682939600345,2.2360162669673067,3.864024372770991,1.8376467725116366,1.7928492878381994,0.4056005789213748,1.036945848900611,0.09141193602775727,0.5138895999255025,0.417280344961539
851,-4.256027999278861,False,2.8550058376208,35.710521533518595,2.3361428968104767,1.7067757413868767,1.8805779737272617,1.7333769909987187,0.4605355110752306,1.113558235143942,0.08270611722004911,0.45220139487292704,0.5477986051270729
852,0.38516640036900246,True,3.046246944607087,35.80489792847571,2.3134511795665427,4.018118871187287,1.7932812897553574,1.8303341892116323,0.3363499481150994,0.9931922293760942,0.07331302908712563,0.4526039964061077,0.5473960035938923
853,0.5590241742032491,True,2.8651779802181903,39.84968011463551,2.2910310766191837,4.352242120740907,1.8624690022282897,1.7505208227528526,0.35015884384138996,1.0798245087593243,0.12174637588884665,0.4526123210827257,0.5473876789172744
854,0.5711365192866208,True,2.925002374515609,34.51967336184979,2.369982381177326,4.514210073319086,1.8941748140175072,1.8123164203185258,0.33691725563133884,1.036578379339761,0.14347604016326157,0.44258339735915597,0.557416602640844
855,0.4588504663081793,True,2.7378020455724936,32.82229233895483,2.3607706211043835,4.134007207603873,1.8272868986946158,1.7339608374435735,0.3421782332347558,1.110784660026806,0.13092049252616805,0.43438769809065403,0.5656123019093459
856,0.47370884801601687,True,2.897958866000424,33.907209498414865,2.3428792909028258,4.6587015707553725,1.7813214638518302,1.797282369314647,0.33283800350581233,1.0571206325725455,0.11717853137618706,0.4466245683079093,0.5533754316920908
857,0.46964083899753345,True,2.965790678919345,37.63962596186013,2.2271207026492092,4.857387081319275,1.891521915572067,1.7252876019258931,0.38045046363346385,0.9909906325199571,0.10425036248190457,0.43210086008098436,0.5678991399190157
858,0.26770609608205265,True,3.0401626679284424,35.74839724607084,2.2829824714516906,3.9366804036943264,1.6679107615642847,1.7890193450315055,0.3493488693115981,1.121952511901834,0.1473477219165387,0.436056478000782,0.563943521999218
859,0.5413812560666612,True,2.8339475847504714,35.3388067432343,2.393299641474874,4.604047514888949,1.8488303643145652,1.663110650459167,0.3631678088743237,1.034245093872002,0.06982270187277069,0.4433560239161283,0.5566439760838717
860,0.3413847504382046,True,3.1203362613620316,34.025517306573796,2.3552779060096367,4.429015968757744,1.7523953680749242,1.7270746996488786,0.3281556515978033,0.9456314512546188,0.14459234227061468,0.4433450983180126,0.5566549016819874
861,0.5177343461275045,True,2.786895027221434,34.4790356640919,2.2644294556383318,4.7722596745174926,1.885194233368952,1.8387514788359647,0.3193798053342936,1.0853918856480576,0.16021475636424082,0.43836579539034337,0.5616342046096566
862,0.4949421043602063,True,2.7075378723593744,34.37949026608543,2.3843201031221875,4.606760130085452,1.8353991909824534,1.6610261745309993,0.3256564317753079,1.0165378736722523,0.10161567163786935,0.4344825500566774,0.5655174499433226
863,0.2816643980612831,True,0.9715686735082192,38.599831233851106,2.3222356319867776,4.693553535798195,1.5924820566242228,1.7757906272672297,0.3484123140449189,1.0623733720038675,0.06884346358150473,0.45974395022466186,0.5402560497753383
864,0.6168674745600556,True,2.6072144503089834,32.14669007734329,2.392651092509344,4.507355421224813,1.8908197685956432,1.703943371904231,0.3184819991145192,1.109994595461265,0.14888712101292703,0.4430984928002194,0.5569015071997806
865,0.5192533560692845,True,2.6444616641746292,32.18591280801291,2.413228280148265,4.514613054101793,1.8879488073808903,1.7121253550547109,0.3339614955757573,1.1184534225386498,0.1491511165119757,0.44280219980481134,0.5571978001951887
866,0.40524315571775543,True,2.672142353888289,32.67816271019873,2.3931385882713854,4.5487720751132485,1.8084257667050507,1.6278555685004434,0.3216206084442346,1.123471555540798,0.16359965216031083,0.43184921061197507,0.568150789388025
867,0.5074106247244321,True,2.9492997439314763,34.50661041068909,2.4469424346802997,4.735193413623656,1.9162315154224614,1.817552671475781,0.30880176472968923,1.0854780886101176,0.15942174241129836,0.4477742100101572,0.5522257899898427
868,0.45199945861271074,True,2.4806556225009735,30.34751239280792,2.378756924887715,4.589463168343957,1.8661464351849868,1.8895113740685627,0.3699780332704109,1.130414054244918,0.1253179005453013,0.4426692278396802,0.5573307721603198
869,0.36373674468085476,True,2.552847286238384,33.79079585361006,2.4176328331429184,4.325264374049812,1.9327845538469388,1.7632401963405777,0.3174663459183324,0.5515692969437301,0.13622870839194348,0.4234190948653286,0.5765809051346714
870,0.4943310441741163,True,2.9288662481384304,32.724220677624714,2.3463929560079433,4.379684955486892,1.791422595760271,1.68008381678025,0.345349301836302,1.0464310787870807,0.2210835152908785,0.4897438289789064,0.2496426074097499
871,-2.7710421455974314,False,2.798529752748598,35.88973350742616,2.4553520770381088,4.801407601519348,1.875083577913807,1.5699616753899497,0.3129759381881271,0.9772800623709418,0.11677973081895332,0.5039602306039519,0.44356542255529374
872,0.4593016937204777,True,2.619244770087964,36.516089492829074,2.390306735238938,4.473316355205255,1.8337355676668436,1.836621479738377,0.30608164407852306,1.0134089318248636,0.1525595911719493,0.4701935628942736,0.5298064371057264
873,0.4538132330960404,True,3.018162241581588,34.82998094634638,2.4458952819681476,4.456337343098428,1.9531636271526758,1.7365947757931433,0.31294553194289776,1.0893078116468518,0.09763736794856484,0.44091691755630674,0.5590830824436933
874,0.40893438398942344,True,2.8073238663048787,34.89912449546482,2.339249203065985,4.224205382296629,1.9060400514782707,1.6151411790117367,0.32465286642942554,1.1384953684533783,0.1395198081526705,0.4544294354880599,0.5455705645119402
875,0.38637736481070456,True,2.9829960728815057,33.15020012833478,2.4624314834305028,4.4664759821401105,1.7242097759178159,1.5123945423087857,0.3881546782754427,1.0544013805020822,0.1379515994329475,0.44631098693165777,0.5536890130683422
876,0.20310852718055142,True,2.8790610306316498,35.16431868513863,2.3860139707912964,4.478556487780834,1.848942181935561,2.416280141735077,0.3651237380938811,1.0940611662622366,0.09622341693354826,0.44297131657318184,0.5570286834268182
877,0.4152640649477003,True,2.5695078939471263,33.882610275219754,2.4134356238426635,4.300079045633265,1.908823310007046,1.7979600444534272,0.4861966146299122,0.9169878909486948,0.12888009639815465,0.4483174062027706,0.5516825937972295
878,0.16860899860233175,True,3.1445322765360175,32.0027202291769,2.322317263254448,4.671340349606538,1.968778890313968,1.6780402164250658,0.330647656648794,2.189260763921883,0.07954479607754916,0.5038634804350832,0.3108897339088078
879,0.4000550134608093,True,2.74355174256616,32.689298269538526,2.4734059931440973,4.073222580759232,1.7744403067951728,1.8713869190499752,0.34916499479332036,1.0147880626554322,0.11311051276828511,0.44742675898779505,0.5525732410122051
880,-0.03424344326908762,True,3.106844707035414,30.942190444399756,1.3841289587026062,4.492072442403852,1.881469602708417,1.7269474644100202,0.3438647392740511,1.0609969038681701,0.06078925772405232,0.4702225809448951,0.5297774190551049
881,0.2115527642694473,True,2.689044048466387,36.10904811364118,2.381970500398603,3.990766593746825,1.9306490805115462,2.9969315874883864,0.29975249749838545,1.138124744776257,0.08539541051599524,0.4448302877209082,0.5551697122790917
882,0.3350426510515329,True,2.9244376407975166,37.74977566906282,2.3396319268402093,5.022560335250706,1.81689049077751,1.6342826366037093,0.29757141345927335,0.9795391320407425,0.06401115908917199,0.4118435631375833,0.5881564368624167
883,0.5369683865330175,True,2.6792058245867825,36.08946978274137,2.4312344459330095,4.544257644566942,1.866172542892178,1.936527814805993,0.3136466097390382,1.0454435826195354,0.015858917919786185,0.4477869056773199,0.5522130943226802
884,0.48089671998430183,True,2.4346835676220007,33.692911470978366,2.291374898288121,3.8547040036374365,1.9524068550502074,1.7784278605264487,0.3336547573220977,1.1061152541579513,0.19763435355713682,0.47446454605224975,0.5255354539477503
885,0.5193809199645413,True,2.89056320992828,37.304227255103626,2.367293580726392,4.939205964564539,1.8201004372164917,1.8610372966627204,0.29793942963840714,1.0800034736451956,0.24402668302177288,0.4501106024183266,0.5498893975816733
886,0.45832712819790855,True,3.0255917063547035,34.90628799175141,2.4630922703656934,4.135828494274137,1.9027719384902144,1.792291615969533,0.31192916413518196,1.013644140966598,0.03784502277937196,0.44567858538299227,0.5543214146170077
887,0.4772228030288601,True,2.833374598746166,33.10478997723349,2.4318090741679566,4.353377135315367,1.9859168724292233,1.697628063543864,0.38728211221046127,1.1294854250098596,0.05123197106857306,0.4732261913258002,0.5267738086741998
888,0.3975372739903297,True,2.7621414813746297,34.53543033023522,2.498119734512607,3.9482359421942115,1.8481660448051624,1.5992914931754425,0.32544943996746384,1.0421930258775653,0.10639441928303474,0.4335490687071669,0.566450931292833
889,0.4418742081643854,True,2.99076161665654,35.68406187011765,2.3405430794527295,3.8392776699061764,1.9312031991798544,1.7330286296543074,0.35912092444942456,0.9794701467842255,0.019123069027834592,0.45661866078864577,0.5433813392113541
890,-2.6503119961118937,False,2.575639716822125,31.781632121227887,2.37825537463237,4.022826515082617,1.7736178953273911,1.9298129776650557,0.4088555149293832,1.08665858876161,0.08330937933941088,0.4602068469437084,0.5397931530562915
891,0.4817739348986298,True,2.28929788513611,33.514994795741124,2.288932933602642,4.253624344431159,1.8923009371490076,1.675347270430581,0.2956670694531898,1.1504210137702073,0.0005875996563378186,0.4376519185033122,0.5623480814966878
892,0.4398330456253333,True,2.885564512285663,36.93344759032059,2.4070181280856975,4.198985401593999,1.9846525652022162,1.8187884881451397,0.3368081029430247,1.0248143180927265,0.13194894784630012,0.44989122779897334,0.5501087722010267
893,0.4234617001377873,True,3.2103060025551473,33.85868783313711,2.476569482217214,3.891157713038786,1.8633646963905233,1.755291943380713,0.2995801476197315,0.9478005055245726,0.0004435156952441628,0.45950716266536584,0.540492837334634
894,0.2686986631278205,True,1.013649103482824,35.750843916251924,2.321743427796898,4.067331168037148,1.9395740926431615,1.5212279752306963,0.45085613441801536,1.9443784980522087,0.047996410622411396,0.4375580672493238,0.5624419327506761
895,0.5672967314444896,True,1.0900154528899015,34.85165277567945,2.402754609778531,3.814955763320916,1.89813844465163,1.6403642173022692,0.287841947762992,1.0740714676392296,0.07149546326601582,0.4749062211089834,0.5250937788910165
896,0.4618425802395964,True,2.3996559986910855,34.168361351853,2.266980912413164,4.013055856215087,1.8176624162471393,1.8490712873790187,0.3559145773105686,1.1074236935871287,0.02938763471601715,0.431832840419492,0.5681671595805081
897,0.2707660838732228,True,0.9534271586800495,39.28243292110908,2.358333480313607,3.9101863850975294,1.964185451632141,1.7321372998079978,0.3141475592752487,0.7908896220628181,0.05313217250165004,0.47559868371103703,0.524401316288963
898,0.5360374597446057,True,3.107841923611712,30.954871188517096,2.425001492370574,4.140788431643114,1.8595378713871933,1.9025992411393626,0.2934361225674578,1.050260203111311,0.01969051761109104,0.4532046223628587,0.5467953776371414
899,0.3768521559937393,True,2.6352080652647567,35.39144668323653,2.47524548899228,4.593202464731242,2.016616889822561,1.5777119393241292,0.3108018333291596,1.006955258035003,0.10788424110375293,0.42714513929459835,0.5728548607054016
900,0.26321714907788496,True,1.0679951187115453,37.165028381998646,2.3099877168698235,3.811589995009837,1.9151109940487456,3.4599705909691223,0.3335559452400583,1.15751779189461,0.040464570033218,0.4741036212260338,0.5258963787739661
901,0.5239441234518547,True,2.8325552391404996,36.42847560405427,2.3680086057692344,3.9371838883655497,1.796250224724403,1.7980258492391168,0.3004560987214124,1.093601850096082,0.08674683205465474,0.4450122616518763,0.5549877383481236
902,0.45240543156185564,True,0.9317568498612897,34.69268323252744,2.236227387048751,4.062193626684504,1.725206359775403,1.6782990304628647,0.3764083974442596,1.0567627615107886,0.06773446442211147,0.4504415536588429,0.5495584463411569
903,0.3072173767915471,True,2.946479170681308,33.98059083315931,2.5054368408865515,4.384099254175091,1.8346502201024892,1.9775533094397328,0.2846807534329511,1.1222639103577945,0.03187320538928166,0.25975061802024213,0.28757535818382085
904,0.4089578078496795,True,2.1945623557979737,32.39326493013642,2.4239867061679594,3.800317794033106,1.8864971643485342,1.770000928452323,0.34219539921999304,1.615928521283311,0.1466365856462419,0.4620334583396883,0.5379665416603117
905,0.4731705646097811,True,1.118864001964897,29.411184056435566,2.3506702323176376,3.9541051085036183,1.9495357068718209,1.6468712585200196,0.2833280457077532,0.9860877507546691,0.0007604177997460452,0.46646583183381735,0.5335341681661826
906,0.2336862569694056,True,0.8929117883187659,38.11386205269578,2.4617103113882495,4.205720201840982,1.9052261268912563,2.816099987672408,0.31503071140282884,1.030728284248532,0.062313730796134906,0.4124077547508115,0.5875922452491884
907,0.43788861575772003,True,2.7106250552544076,25.9914627799047,2.3950120669037194,3.760280010664312,1.983233785088794,1.8447843673103925,0.2824314436069677,0.9042506624882944,0.09343447867864388,0.45037769395877936,0.5496223060412208
908,0.2739789187796587,True,1.162376211768231,35.99941998830325,2.2946501262918035,3.882595238714215,1.8475971062390222,3.157614193191975,0.4364084267812229,1.0838581484457597,0.04006737174690338,0.48848826123281647,0.5115117387671834
909,-3.407799140502714,False,1.0556665494048545,33.524298892997,2.206430703106202,4.076541012845578,1.7765542398144571,1.7425735123588675,0.3209885355953127,1.1456150328857162,0.11777948343954048,0.4212984294435253,0.5787015705564746
910,0.175245608674784,True,1.2108325696630682,31.169214650312203,1.9128940046423666,3.991125887367827,1.942739634208471,1.7157427964639131,0.35660596165638014,0.9490628407534855,0.021547317169483812,0.42556410709212616,0.574435892907874
911,0.4783484197811675,True,0.9213797342560622,1.0743452803623594,2.5065757177258225,3.839316931059084,1.884176246776744,1.5805571948570036,0.39698217568977145,1.014123654565458,0.07418467965803982,0.46006439715534636,0.5399356028446536
912,0.4656674893631527,True,3.040515072753016,35.529769779301304,2.433236749993586,4.7066190254603715,2.0125241844048993,1.8770879681865769,0.28605789808825377,1.0625966453932114,0.05196144518667711,0.46069641078885537,0.5393035892111446
913,0.4600774170382061,True,1.0234398135476235,32.339065125134894,2.332520841236743,4.304532953671619,1.8176896444080113,1.8172396326631357,0.5071097436038059,1.1056245701961422,0.00024304223889463558,0.5240773371138611,0.3672221707138151
914,-0.5491410805627156,True,2.5077275352608654,1.0210630056080707,0.8263076903386724,4.13831756762389,1.5200792171827127,1.6637505106576123,0.3008063132477651,1.0453381220055717,0.01882037524358865,0.4470592919944555,0.5529407080055444
915,0.5171645018607698,True,1.1429276221540747,33.36827242185478,2.37756830296824,3.9619666918582497,1.9235890673826899,1.7788944712115213,0.2753463694632676,1.1194819440912105,0.09998881232066678,0.4518798657432485,0.5481201342567514
916,0.401266354284277,True,2.7857547463231818,29.98810048556449,2.4410594037072846,3.7426038979336744,1.852815079073846,1.6998125886871047,0.32775767853055215,0.9911493095575031,0.03897843522156825,0.4458352394182966,0.5541647605817034
917,0.4899316233733192,True,0.9780089909172567,2.0050826932897943,2.2820809472438968,4.046097921371842,1.9638647794415225,1.9131123673245876,0.3052653091886529,1.0732508623957242,0.06530985657725988,0.47067158684725463,0.5293284131527454
918,0.4801950797316845,True,1.2406228422146752,1.919221937266342,2.3857995224076474,3.895582598675322,1.8892571684674528,1.5394074491718917,0.34103709946029614,1.168479965643671,0.16407521114961654,0.4543049543615441,0.5456950456384558
919,0.37524758062262464,True,0.8822634452075775,35.56514362659931,2.3273198941316653,3.754925301427185,1.8032218652424323,1.6295406335404516,0.37242453714632384,1.0256577256897321,0.12372440647817315,0.46283514647340696,0.5371648535265932
920,-0.5401161386196822,True,1.1141923314208422,45.811829604676745,0.6128858312793866,3.9796725617242408,1.7476972527119772,1.810895643193521,0.28233962686406977,1.1128494540495688,0.019851162088271573,0.4454922547364386,0.5545077452635614
921,0.5305255791285194,True,2.961072353853778,36.482811035155265,2.504865406637229,4.126598980358291,1.9331759998838074,1.70912746062654,0.2742602981343252,1.0652083407906783,0.08724696891434064,0.4831386351458761,0.5168613648541238
922,0.2856804756694629,True,0.9840702817791459,34.801078943119826,2.068912426360815,4.535373386425524,1.8720463130999414,1.8737906662195047,0.2968356791618276,0.9724134677831355,0.05330222177717964,0.4224325589753218,0.5775674410246783
923,0.3429343747036901,True,1.0553464890607251,1.0651829029336775,2.2531743521735312,3.8827101977077345,1.9955719560695833,1.6167367686686391,0.32838439093079685,1.150343025592593,0.0347175804817228,0.4540546839277592,0.545945316072241
924,0.49482451521020165,True,1.288982469197677,48.84708086128256,2.430940997089049,4.210196793766443,1.8366400535357454,1.7671056851434153,0.35317608824787805,1.0895462449319266,0.07724014614916809,0.45686315335341354,0.5431368466465866
925,0.5286077616521077,True,2.8721531262240383,34.3139948077703,2.3605935562245306,3.828033489655337,1.9132828800419202,1.704536485574509,0.3148525376712295,1.0261951569626326,0.017134419665127756,0.4693314756530153,0.5306685243469847
926,0.4635628662982054,True,0.8600738966775816,1.751685412153176,2.477562169974931,3.6899538538250267,1.8774921431767506,2.027053656123758,0.2727533244308607,1.1184682642211703,0.0547945274222401,0.4407904713527502,0.5592095286472497
927,0.5515671984720975,True,1.2013067995416884,1.047159026478198,2.4039702826923928,4.036518669883407,1.9625802931787055,1.8072856317715018,0.29490376880906866,1.0555814166025828,0.13900693215781695,0.4695240688354063,0.5304759311645938
928,-2.9660726690573136,False,1.040765211053421,32.983217850315555,2.319329659071896,3.9639224526558996,2.020552506374913,1.9290817966544767,0.48067943847120714,0.9957714543353077,0.11086134594823549,0.43619521358631547,0.5638047864136846
929,0.4668035740015267,True,0.8882163175560148,1.9616950807413507,2.505739408783976,4.39399986036108,1.7740988676661646,1.7681743152775422,0.3124939503942863,1.091559845650972,0.036313470150491876,0.5131598135958404,0.3293939749662129
930,0.4748610955109948,True,2.703761746473121,1.0226327193648557,2.3654893116109257,3.772660382246947,1.917026840766225,1.8530437930816075,0.2688160756608196,1.1546956585433912,0.0634763440989648,0.44426000912197033,0.5557399908780296
931,0.4692226148083211,True,3.168418219844418,37.293184548610554,2.4584767060888533,3.8667997010424062,1.824397423753086,1.6830290572652167,0.34093475450518507,1.0343999554888865,0.09021701316837258,0.4560871284931047,0.5439128715068954
932,0.4541916263636515,True,1.1394479151921486,2.028754691620665,2.266331508734972,4.083757974926959,1.8637487581909382,1.6242637415380725,0.28440619966704783,1.0725178382318985,0.02178920787674298,0.46862879036629096,0.5313712096337091
933,0.45272254691354724,True,0.9983095058253302,34.83660645035081,2.40544742960033,4.1971431317578825,1.9630242207810524,1.5597352612593514,0.2589044399263681,1.0060273970236207,0.044701723469710616,0.44443786882260267,0.5555621311773974
934,0.4016334711770672,True,1.3257176411559637,31.753686589808165,2.3389463346629875,3.93987138599103,1.9157891124771838,1.7386023660583403,0.2955727701002713,0.9531425924910917,0.061774878944411145,0.45611815129871086,0.5438818487012891
935,0.4599478513310002,True,2.920884016826702,1.8801917176321652,2.440477645721023,3.6793416314679392,1.8169555001481796,1.8435769896030356,0.32171617300641314,1.1253143049735927,0.018691614096990796,0.5188927401848774,0.4632827098681197
936,0.5626529805817702,True,3.079737631035698,2.545952370019463,2.5278438611916942,3.8403606343249233,1.8778396310799796,1.6575125021008488,0.3660488986825385,1.050633593367552,0.08243426278823018,0.42289590552575756,0.5771040944742425
937,0.4062680634952163,True,1.173827440555473,2.036297125642251,2.176825494879153,4.301226824381126,1.9551776011375206,1.7534096116951734,0.2663582007873281,1.0939543645016594,0.03556180211460691,0.48595992721196296,0.514040072788037
938,0.25881662467633926,True,0.9520161485430662,33.62936049979551,2.2916074702810065,4.022748711922516,1.6878256002935808,1.9601902501285084,0.3059365130528217,1.1628995943954479,0.2651474293956846,0.45200655717699156,0.5479934428230085
939,0.4699398825933593,True,2.7951200235928706,1.053110310419287,2.3871967320637872,3.756837458577806,2.0065337828086376,1.8049808722357132,0.28870219911486694,1.0107120237867622,0.10002319229359638,0.4423723530271048,0.5576276469728954
940,0.4957144139468944,True,1.064378291204718,2.918752871173001,2.3360542933542536,4.12692070781383,1.9245610867303147,1.5122360285800824,0.33333225566584157,1.0751245277298007,0.0013412175108190759,0.4506807681903126,0.5493192318096873
941,0.2101361615664653,True,0.8929350515316644,25.24094401463022,2.475799719755433,3.9316571443628416,1.8532937624971297,1.7025644498136459,0.2553013627259048,1.6802343266871294,0.19445983369462327,0.4687931214183069,0.5312068785816931
942,0.4271227136907135,True,1.2648277216624273,1.8761336797077668,2.406947938799501,4.033897843059957,1.7947733303566735,1.8865596658842902,0.4565972749284054,1.1224847418667951,0.1329055611938456,0.45120402352891054,0.5487959764710895
943,0.2639475895045372,True,2.624774757139072,36.40627425558555,1.503304784127448,2.1339138378857894,1.8842302860229245,1.58213596425259,0.27830678725540026,1.035749905885995,0.05241710251095873,0.46281550765868923,0.5371844923413107
944,0.26893331244402474,True,3.3389458188068586,2.95437762971103,2.250938944090663,3.65042221523376,1.9849214644033577,1.6530553042234895,0.309715361397737,2.4173086796306436,0.0009234504845583545,0.47809337562664483,0.5219066243733552
945,0.4791584789049152,True,1.1091582826319024,35.19134547384048,2.3620909871827505,3.863069745550389,1.9182130414299687,1.7559142902809786,0.35312748156734397,0.963189694677043,0.03272255057582539,0.4464986719497163,0.5535013280502837
946,0.1417917737420057,True,1.2119103368631785,32.525229864120114,2.444359315973941,4.234982978376403,1.3126692470624997,1.8239763095661532,0.2605825240109136,0.9016044138495507,0.0738693364572043,0.4312194055800728,0.5687805944199272
947,-4.15911517789155,False,0.9878378205541177,38.81644161270943,2.5240618308227014,3.9742366760178984,1.4635128896065324,1.707468201711973,0.39728640491579936,1.100559569317021,0.022394653724254948,0.4678530772635792,0.5321469227364207
948,0.4452368183655581,True,0.823940685312283,1.8770506288365112,2.3018422181093325,3.7551579430658144,1.8419172462924642,1.8933037625051905,0.2822311880995224,1.060852142360917,0.10503678526751667,0.4254278928546406,0.5745721071453593
949,0.3447957943965284,True,1.3840720808286404,34.087515947090864,2.409251479035583,3.8843688614814704,1.7552960251347445,1.6022645934250779,0.3014057942955244,0.9916084474709541,0.16137058455989492,0.43115465554091587,0.5688453444590841
950,0.4371819424751972,True,1.0913343942048255,2.9769526558785397,2.353532466952905,4.093873615310697,1.9443200056525847,1.7813393753791396,0.25049476203521875,1.1434152134482893,0.050374178857020224,0.4846108323859493,0.5153891676140506
951,0.15303674771377634,True,3.008451196093681,2.113318946499849,2.2221903143970594,3.7749561838987216,2.3562143240467686,1.9983743081383745,0.3297095568168176,1.0373294336491077,0.07259440705143486,0.44565450527707806,0.5543454947229219
952,0.6224653005939392,True,0.9319725728119419,1.9282947796058088,2.4765178799124796,3.6542285081135892,1.8755097793604776,1.668048194778634,0.26986488372661765,1.0860906886662263,0.020007662293644306,0.43721235229071503,0.562787647709285
953,0.3918587258832195,True,0.8386007951082001,1.0192465046317296,2.521354681267712,3.648310408223419,1.803986592747624,1.5612260072392574,0.4165571496484305,1.1623474300990986,0.0456841787061074,0.4249186386181487,0.5750813613818512
954,0.5242668043260325,True,0.8614544579835116,1.0418977072247484,2.546579218080146,3.629118103633848,1.8564217190401522,1.6526541442856797,0.2889749070845588,1.1137959386474887,0.11255553576620873,0.42134340143016896,0.578656598569831
955,0.3796035160613214,True,0.9204176913614608,3.193232167272878,2.4860938058069593,3.6785491793004472,1.7518911299762296,1.5196982386796,0.32032092164895326,1.1740752426966972,0.08084807360136008,0.43083035693020966,0.5691696430697903
956,0.4582624197684287,True,2.8323785367753,2.826167069982458,2.490008037021021,3.598683911056579,1.8249017001500805,1.6316115165146912,0.2754936881987637,1.094214721668958,0.0005119661801110208,0.4469810993729833,0.5530189006270166
957,0.25203863679779986,True,0.9580485741519909,1.9559195211418388,2.0076467861418847,3.714024957082643,1.8693735187660308,1.5887297021044369,0.34357778644841325,1.132415058368708,0.032652178211312055,0.4637556962905534,0.5362443037094466
958,0.621927842848547,True,0.8729905266546399,1.986315218928676,2.4502664941358834,3.612053685457897,1.8953477128882554,1.6670147687702133,0.30475473353810484,1.0768888940197008,0.0626286776617572,0.4319882185366791,0.5680117814633209
959,0.3817105568119064,True,0.8544788930555799,3.429499938258002,2.5497990996806803,3.611644051134348,1.785321556046515,1.492212286125653,0.30754605732504564,1.1391422655557133,0.8614821802543148,0.43589238930666535,0.5641076106933346
960,0.3034763283637047,True,0.7715824488558033,41.87871822028812,2.466148630578669,5.231276671361686,1.8355126491731364,1.6327846353109738,0.33254632601864575,1.1764393384665868,0.09364903252888701,0.4532915156820592,0.5467084843179408
961,0.6088162282583522,True,0.8690002609260336,1.005071063147528,2.5404762749934,4.57097788533634,1.879725327635764,1.6888126258777238,0.31365256932010604,1.097681045922335,0.06693564307010844,0.4362664074497199,0.5637335925502802
962,0.4592955958425364,True,0.8203504041550135,1.9450329629863465,2.545571899772284,4.729748806495988,1.8941682378484044,1.585810877861681,0.3545585569548342,1.129559277671856,0.06024846310344078,0.4438458240948942,0.5561541759051059
963,0.48775034508527465,True,0.7868709122053752,2.650259642811437,2.56940807311492,4.674851375487352,1.813125434084285,1.6606327186844276,0.31720025580488276,1.172477670742238,0.08954484455816653,0.45478782936290885,0.5452121706370913
964,0.5154504251647959,True,0.8808132326537714,1.048102570957478,2.55697255882513,4.45917565525034,1.89481815590363,1.6246421239587847,0.33420256100126877,1.1039839041688584,0.06448571625263112,0.4469196825226375,0.5530803174773626
965,0.19556928043232089,True,0.8701160555051811,1.0042244414966417,1.754603425583034,4.519847799230308,1.8451777008558872,1.5741910683075788,0.3185536392312393,1.100287354933801,0.124275570174486,0.43414907363662236,0.5658509263633775
966,0.07687898826566597,False,0.8344273071284465,3.3526935657710863,2.552040919426634,4.58503530782812,1.7212937722010757,1.7002533727600129,0.37817507019945507,1.1430556169716537,0.06789642292666034,0.45459652017596663,0.5454034798240334
967,0.542736643012294,True,0.9280478995554894,1.9886396606335381,2.5045718856663193,4.560374175356237,1.8987960357765885,1.5244817380418587,0.34900964216137714,1.0831176927404726,0.11198010590330434,0.44216787672566915,0.5578321232743308
968,0.43714891248802423,True,2.757007762707423,2.613776093610359,2.591741889617761,4.740490048046441,1.8518155231422033,1.68674399332158,0.3109296719917749,1.1785499943983653,0.0824626983937846,0.42965551978993216,0.5703444802100679
969,0.3822011876579899,True,0.7541921447057145,2.0261154764233797,2.5080693875327937,4.6228164513876875,1.8094679797320845,1.6349987935908763,0.30280536919280254,1.1214934288477791,0.0539278276277149,0.45220562106987466,0.5477943789301254
970,0.6118564374259324,True,0.7786231512873305,3.646872274291555,2.500097099316865,4.422466074497279,1.8979116353062617,1.6944524670008136,0.341612111108068,1.0801777289027923,0.1405377430219416,0.440559381819272,0.5594406181807281
971,0.35986677421798596,True,0.754270745720841,3.462057144211331,2.5806394329544293,4.543411069124384,1.7798300389170005,1.5973467381592588,0.32297379307630814,1.1531676264921709,0.10404203309961513,0.439612361902577,0.560387638097423
972,0.585022259609788,True,0.7792503198594581,3.968780744661882,2.5409135716807794,4.378103526042022,1.9067678454116268,1.6721516923282262,0.3722296583131041,1.0939978477702927,0.04311518841858787,0.4484425855488456,0.5515574144511545
973,0.3044000682678139,True,0.7666460090577123,4.646110864948998,2.616284900763098,4.369167474422784,1.9236899917420234,1.5429115709988608,0.38718329242266797,1.1840098991014996,0.04597143697317993,0.45389010874699165,0.5461098912530085
974,0.4129972573579246,True,0.8165187042272181,4.0869223263578265,2.6072473168019767,4.377592494442578,1.9229934447005808,1.6156362359761847,0.37487217782281773,1.1305107718438971,0.04819447380342806,0.4479105891044162,0.5520894108955839
975,0.48860898347444387,True,0.766060242765768,3.8271407564640465,2.536615086327837,4.37709213110442,1.9126320031874242,1.535874475745571,0.3013529194174425,1.105433248951731,0.039230808938464215,0.4600862887357816,0.5399137112642185
976,0.5104274346223389,True,0.835741417371473,4.101332160040624,2.538847521220686,4.4362101640444145,1.8606392529956852,1.6684870121878648,0.42676014621197844,1.189960860836964,0.05786014816544957,0.4439091544183089,0.5560908455816911
977,0.0108240247414283,True,0.9236186968646435,3.4149529784753367,1.0358688049058786,4.38178721418476,1.937462654744673,1.492283594122788,0.40286278455429936,1.1463363104694952,0.06597391389783011,0.45311160270156325,0.5468883972984367
978,0.45598356925294187,True,0.7611373646945301,3.1242723350120443,2.569000711563084,4.498654237780394,1.8365050986294489,1.5768340963885443,0.3585379946160198,1.0856899283996977,0.038139777302933435,0.43687978326096655,0.5631202167390335
979,0.2547052273081541,True,0.9198044707106157,2.820264701499517,2.6337626517399193,4.290922865298129,2.40675751168979,1.6511483224602175,0.36711985122226404,1.106347922409443,0.07095758826621,0.44216623497853963,0.5578337650214603
980,0.4707910223283749,True,0.7010418820226281,3.7449103041712926,2.5189004691503856,4.572959103382509,1.9460140286415495,1.6708861663797667,0.390201986416191,1.150902964100806,0.043159973391232974,0.4387999328249267,0.5612000671750733
981,0.4814208622254021,True,0.8392332837297456,2.6962633600884303,2.505602406247829,4.309042418723992,1.8865478771179203,1.5924676213510383,0.3489261064628829,1.0896880691509896,0.03014463139616078,0.451889188588607,0.5481108114113931
982,0.5485611648127936,True,0.9375976742908011,4.387720314882255,2.5701925875728615,4.366824747469759,1.9007325460786328,1.688470308932642,0.29012341038325157,1.1249962099352617,0.06208041189326553,0.44117958174659455,0.5588204182534054
983,0.20625883260358874,True,0.7451357276246706,2.3719078978456447,2.637376250489342,4.45144737542735,2.5506582317298956,1.627766554597076,0.36905291103536847,1.076559239424911,0.08213170289333488,0.43261023765129,0.5673897623487101
984,0.4139632726437624,True,0.9947249325830029,1.8311373425999342,2.5245013976760444,4.312697037473042,1.816487657576342,1.7114201477365012,0.2958170444042247,1.1804598527015655,0.03153676798962346,0.4312461372383557,0.5687538627616444
985,-0.08175505734423838,False,0.7161102563786093,3.7746490785607962,2.5789757619182065,4.638759621532299,1.8632678723943026,1.5838751341383064,0.3199751021343533,2.2662845357895343,0.05604980929307732,0.4561996867169265,0.5438003132830735
986,0.5442577360400104,True,0.8800846811832046,2.7811959369449797,2.4924810519806426,4.267135900899713,1.9483733905526452,1.7034657687318864,0.378345658146849,1.0804151856737638,0.022470769961139732,0.44456445960378943,0.5554355403962105
987,0.3408960318302062,True,0.8435839833388034,1.963096064735909,2.491578593225342,4.4115438639599684,1.747486278371832,1.490334827547507,0.4085753935415081,1.1323822835983082,0.08042835132220713,0.42702309081960604,0.5729769091803939
988,-1.192344334987321,True,1.008698206154695,1.032086451290657,0.5068810870209248,4.4248633387260545,0.8126138997323986,1.6681713539287188,0.3492369414815369,1.103627089525546,0.04866207426370907,0.4361532238138689,0.5638467761861312
989,0.4332862025259496,True,0.9465717638461674,3.4288853569212727,2.540732607157951,4.304013673764157,1.8856432219537342,1.626981299786296,0.2901907025964593,1.1977707121550427,0.03301993538401467,0.4315386641784211,0.568461335821579
990,0.071094528553153,True,0.736804175090568,4.923120182956488,2.7387772592584723,4.23374983539586,1.1683953190878846,1.7174950093095296,0.314058055285915,1.0712483873509635,0.018728265650735446,0.47010477624324,0.52989522375676
991,0.37941360522442363,True,0.8400843520857892,1.920809788637376,2.586999432627561,4.874594062316932,1.838428676888098,1.539237759040276,0.3382542021712817,1.1511971631350162,0.06576373074339104,0.4337029204097575,0.5662970795902424
992,0.5521949265417285,True,0.9968178964436197,1.0017090043580223,2.4775749201899666,4.498583846268512,1.9250291377112758,1.7140333702425083,0.2802568906363518,1.0786557069429048,0.09101212237149293,0.45108014394544815,0.548919856054552
993,0.2888485019624461,True,0.900148945284949,2.9298569262749212,2.638844693026688,4.203662365390335,1.9746630492812092,1.623791856895803,0.35776068220078827,1.130858422465155,0.04952318176800912,0.4536397351546293,0.5463602648453707
994,0.43453001311171247,True,0.7786854065532914,4.343200052542407,2.4722783072853476,4.420364319329499,1.7870694487968848,1.7265978084383424,0.29545171880564297,1.067552141344532,0.020395231858577407,0.4517697898545816,0.5482302101454183
995,0.5789953303789838,True,0.7143043726792901,1.9639134003905603,2.531301081181905,4.585189246019135,1.8997014609293577,1.6471221525285733,0.3234354395874868,1.1077026553137983,0.0779141539144143,0.4367908310978971,0.5632091689021029
996,0.3776013588411976,True,0.7179439429823997,3.712385993776709,2.5408393691572906,4.563068389201811,1.8350319364887218,1.5810396530840427,0.32122982157669694,1.1833012765187567,0.08611996297525407,0.43399195467674023,0.5660080453232598
997,0.47706953621454273,True,0.7338300772867579,3.0703329180408794,2.5948292266589688,4.564569474203684,1.8813534566062795,1.558034655440924,0.34181844986973964,1.1241673741059393,0.09471304521334842,0.4425766454654056,0.5574233545345944
998,0.29860509452884704,True,0.6570343246093695,43.53379808668769,2.671690456121537,4.61545102348788,1.7671942398966756,1.4820493234676702,0.3358030249541192,1.1679557424095284,0.09133799624706347,0.4207991210209072,0.5792008789790927
999,0.4717893544143367,True,0.6734344236896186,5.328244477965338,2.5444477031771253,4.639948583116648,1.8676316292495259,1.615867116467959,0.36272360933350983,1.1176214365135044,0.07759214357960795,0.4395351929519645,0.5604648070480355
